s1,true_id,shared_methods,overlimit_s1_keys,prefix4,prefix6,prefix8,name_tokjac,addr_tokjac,postal_agree,s_name,t_name,s_addr,t_addr,country
S1-608960014,S3-398034567,address_house|address_number|address_token|address_token,address_house:13989|address_number:27726|address_token:554778|name_token:6079|address_token:258312|address_token:136558|address_token:42051,0,0,0,0.0,0.7,0,Grt Labs Private Limited,6rt Private Limited Center,"C-34 R D C Raj Nagar, Ghaziabad, Uttar Pradesh","C-34 R D C Raj Nagar, Ghaziabad, UP",india
S1-641407215,S2-847301914,address_token|address_token|address_token|address_token,name_prefix:8598|address_token:6908|name_token:9114|address_token:584256|name_token:17534|address_token:534840|address_house:132166|address_token:22612|address_token:33554|name_token:9581|address_token:356701|address_token:372030,0,0,0,0.0,0.25,0,Perfect White Food Private Limited,परफेक्ट व्हाइट फूड प्राइवेट लिमिटेड,"1-Farm -3B, Grd Floor, Central Drive, Kh No-1403 Min And 1407/2 Min Dlf Farm Chattarpur, South West Delhi, Delhi","01-FARM -3B, SOUTH WEST DELHI, Delhi",india
S1-443715658,S2-826202845,address_number|address_number|address_token|address_token|address_token|address_token|address_token|address_token|address_token,address_number:74141|address_number:6413|address_token:240821|address_token:554778|address_token:73068|address_token:126959|address_token:79275|name_prefix:17298|address_token:372030,0,0,0,0.0,0.923,0,Delta Capital Pvt Ltd,Smt deltacapital.com,"Bangalore, Bangalore South, 15Th Cross Road, Jp Nagar Phase 5, Karnataka, No. 293","NO. 6-293 , 15TH CROSS ROAD, JP NAGAR PHASE 5, BANGALORE SOUTH, Karnataka",india
S1-506902296,S3-690608017,address_token|address_token|address_token,name_prefix:7163|address_token:39090|name_token:17643|name_token:8962|address_token:11624|address_token:43735,0,0,0,0.0,0.19,0,Best Logistics Limited,बेस्ट लॉजिस्टिक्स लिमिटेड,"Tyagi Bhawan, New Bailey Road, Near Sudha Milk Parlour, Manglam, Saguna, Po : Danapur Cant, T, Patna, Bihar","H.no 21 Tyagi Bhawan, T, Patna, BR",india
S1-589160886,S3-301325132,address_house|address_token|address_token|address_token|address_token,address_token:27424|address_token:554778|address_token:18466|address_token:14263|address_house:132166,0,0,0,0.0,0.75,0,Bhubaneswar Trades Private Limited,8hubaneswar Tfds Private Limited,"A-1, Sahid Nagar, Bhubaneswar, Khordha, Orissa","A-1, Sahid Nagar, Bhubaneswar, Khordha, OD",india
S1-907111251,S2-361901714,address_number|address_token|address_token,name_token:10678|address_token:240821|address_city:40275|address_token:584256|name_token:71714|address_token:126959|address_number:97569|name_prefix:10429|address_token:79275|address_token:114722|address_token:46841|address_token:6075|address_token:93496|address_token:372030,0,0,0,0.0,0.167,0,Balaji Solutions Private Limited,ಬಾಲಾಜಿ ಸೊಲ್ಯೂಷನ್ಸ್ ಪ್ರೈವೇಟ್ ಲಿಮಿಟೆಡ್,"No.367, Ground Floor, 12Th Main, 4Th Cross, Judicial Layout, Kanakapura Road, Bangalore South, Bangalore, Karnataka","#3-367, BENGALURU URBAN, BANGALORE, Karnataka",india
S1-907111251,S3-511962059,address_house|address_number|address_token,name_token:10678|address_token:240821|address_city:40275|address_token:584256|name_token:71714|address_token:126959|address_number:97569|name_prefix:10429|address_token:79275|address_token:114722|address_token:46841|address_token:6075|address_token:93496|address_token:372030,0,0,0,0.0,0.167,0,Balaji Solutions Private Limited,ಬಾಲಾಜಿ ಸೊಲ್ಯೂಷನ್ಸ್ ಪ್ರೈವೇಟ್ ಲಿಮಿಟೆಡ್,"No.367, Ground Floor, 12Th Main, 4Th Cross, Judicial Layout, Kanakapura Road, Bangalore South, Bangalore, Karnataka","No.367, Bangalore, ಕರ್ನಾಟಕ",india
S1-188341432,S3-275407586,address_house|address_number|address_token|address_token|address_token|address_token,name_prefix:8911|name_token:10566|address_house:7526|address_token:12086|address_number:14021|address_token:360514|name_token:24839|address_token:343014,0,0,0,0.0,0.714,0,Royal Finance Private Limited,रॉयल फाइनेंस प्राइवेट लिमिटेड,"68 Mittal Chambersnariman Point, Mumbai, Maharashtra","68 Mittal Chambersnariman Point, Mumbai, MH",india
S1-886907795,S3-144595167,address_token,address_token:245093|address_city:5537|address_token:240821|address_number:22773|name_prefix:9724|address_token:202085|address_token:584256|address_token:126959|address_number:97569|name_token:17643|name_token:11957|address_token:114722|address_token:6075|address_token:93496,0,0,0,0.0,0.095,0,Maa Logistics,ಮಾ ಲಾಜಿಸ್ಟಿಕ್ಸ್,"No.2307, (Old No.44/6), Ground Floor, Swanlines, 12Th Main Road, 3Rd Block East, Jayanaga, R, Bangalore, Karnataka","No.230, Mumbai, Bangalore, KA",india
S1-691426388,S2-675836457,address_city|address_number|address_token|address_token|address_token,address_token:534840|name_token:22088|address_token:245093|address_token:584256|name_token:8607|address_token:43863|name_prefix:6919|address_house:15010|address_city:139489|address_token:42703,0,0,0,0.0,0.5,0,Big Construction LLP,बिग कंस्ट्रक्शन एलएलपी,"Delhi, East Delhi, 2Nd Floor, Vardhman Sunrize Plaza, Unit No.240","EAST DELHI, Delhi, UNIT NO.240, EAST DELHI",india
S1-691426388,S2-615194805,address_city|address_number|address_token|address_token|address_token,address_token:534840|name_token:22088|address_token:245093|address_token:584256|name_token:8607|address_token:43863|name_prefix:6919|address_house:15010|address_city:139489|address_token:42703,0,0,0,0.0,0.5,0,Big Construction LLP,बिग कंस्ट्रक्शन एलएलपी,"Delhi, East Delhi, 2Nd Floor, Vardhman Sunrize Plaza, Unit No.240","UNIT NO.240, EAST DELHI, Delhi",india
S1-711358866,S3-549769224,address_house|address_number|address_token|name_token|name_token,address_token:6607|address_number:12710|address_token:28479|address_token:534840|address_token:584256|name_token:27880|address_token:554778|name_prefix:15165|name_token:12708|address_house:6716,0,0,0,0.5,0.444,0,South Foods Company,Shri The South Foods Company,"C-77, Second Floor, Malviya Nagar, New Delhi, Delhi","C-77, New Delhi, DL",india
S1-706179678,S3-268001384,address_house|address_number|address_token|address_token|address_token|address_token|address_token|address_token,name_token:9238|address_number:70557|address_token:34632|address_token:37137|address_token:102880|name_token:21546|address_house:29653|name_prefix:7533|address_token:9573|address_token:356701|address_token:372030,0,0,0,0.0,0.522,0,First Constructions Private Limited,ফার্স্ট কনস্ট্রাকশনস প্রাইভেট লিমিটেড,"16 India Exchange Place 3Rdfloor R No 4 P S Hare Street, Kolakta, Calcutta, West Bengal","16 India Exchange Pmace 3Rdfloor R No 4 P S Hare Street, Dalhousie Kolkata, Calcutta, পশ্চিমবঙ্গ",india
S1-599537881,S3-836709662,address_token|address_token|address_token,address_token:5851|address_token:9198|address_token:8886|address_token:58691|address_token:234608,0,0,0,0.0,0.385,0,Michael Pradesh) Private Limited,Sri michaelpradesh.c0m,"C/O Chandra Prakash, Royal City, Dhoinda, Rajsamand, Rajasthan","C/o Chandra Prakash, Rajsamand, राजस्थान",india
S1-55636550,S2-456935414,address_house|address_number|address_token|address_token,address_city:112315|address_token:20329|address_token:167047|name_prefix:9642|address_house:63089|address_token:82090|name_token:21182|address_token:6343|address_number:15189|name_token:9659|address_token:171133,0,0,0,0.0,0.438,0,Jay Properties,జై ప్రాపర్టీస్,"8-2-334/1/A, Flat No. 203, Aditya Gardenia Road No. 5, Banjara Hills, Hyderabad, Telangana","8-2-334/1/A, HYDERABAD, Telangana",india
S1-55636550,S3-17537545,name_prefix|name_token|name_token,address_city:112315|address_token:20329|address_token:167047|name_prefix:9642|address_house:63089|address_token:82090|name_token:21182|address_token:6343|address_number:15189|name_token:9659|address_token:171133,1,1,1,0.667,0.0,0,Jay Properties,Jay Properties Trading,"8-2-334/1/A, Flat No. 203, Aditya Gardenia Road No. 5, Banjara Hills, Hyderabad, Telangana",,india
S1-55636550,S2-415081954,address_house|address_number|address_token,address_city:112315|address_token:20329|address_token:167047|name_prefix:9642|address_house:63089|address_token:82090|name_token:21182|address_token:6343|address_number:15189|name_token:9659|address_token:171133,0,0,0,0.0,0.3,0,Jay Properties,జై ప్రాపర్టీస్,"8-2-334/1/A, Flat No. 203, Aditya Gardenia Road No. 5, Banjara Hills, Hyderabad, Telangana","8-2-334/1/A, HYDERABAD, తెలంగాణ",india
S1-642683032,S2-228428826,address_number|address_token|address_token|address_token|name_prefix,address_token:6144|name_token:229501|address_token:554778|address_token:66761|address_number:34545,1,0,0,0.0,0.556,0,Sine India Private Limited,#sineindia,"Hn 511/30 Nirmal Nagar, Rohtak, Haryana","HN 11/30 NRIMAL NAGAR, ROHTAK, Haryana",india
S1-952549313,S3-263516171,address_house|address_number|address_token|address_token|address_token,address_token:40417|name_token:17215|address_token:554778|name_prefix:16219|address_house:37179|address_token:69657|address_number:97569|address_token:258312|name_token:12593|address_token:7104,0,0,0,0.0,0.333,0,East Estate Private Limited,ईस्ट एस्टेट प्राइवेट लिमिटेड,"12 Harsh Nagar, Sachin Tendulkar Marg, Gird, Gwalior, Madhya Pradesh","12 Hnrsh Nagar, Gird, Gwalior, MP",india
S1-952549313,S3-851521167,name_prefix|name_token,address_token:40417|name_token:17215|address_token:554778|name_prefix:16219|address_house:37179|address_token:69657|address_number:97569|address_token:258312|name_token:12593|address_token:7104,1,1,0,0.333,0.0,0,East Estate Private Limited,East Eat Private Limited,"12 Harsh Nagar, Sachin Tendulkar Marg, Gird, Gwalior, Madhya Pradesh",,india
S1-828990559,S3-538708974,address_house|address_number|address_number|address_token|address_token|name_token,address_number:50465|address_token:15836|name_token:34269|address_token:82090|address_token:108326|address_token:11335|address_token:584256|address_token:174880|address_house:95139|address_token:554778|name_prefix:13224|address_number:11189|name_token:19415|address_token:167047|address_token:50340,0,0,0,0.333,0.32,0,Global It,Gbbedal It,"H No 2-22/108/3A, 3Rd Floor, Srinivasa Nilayam, Vijaya Nagar Colony, Opp Svs Enclave.Near Patel Kunta Huda Park, Tirumalagiri, Hyderabad, Telangana","H No 2-22/108/3A, Tirumalagiri, Hyderabad, TG",india
S1-978454986,S2-901707178,address_token|address_token,name_token:8881|name_token:17215|address_number:74141|address_token:37660|address_token:43654|name_prefix:6948|address_token:258312|address_token:136558,0,0,0,0.0,0.111,0,Gujarat Estate Private Limited,गुजरात एस्टेट प्राइवेट लिमिटेड,"538, Vill: Biskohar, Ward No.15, Siddharth Ngr, Itwa, Siddharthnagar, Uttar Pradesh","38, ITWA, SIDDHARTHNAGAR, उत्तर प्रदेश",india
S1-339529680,S3-601536124,address_number|address_token|address_token|address_token,name_prefix:8126|name_token:22466|address_token:139352|address_token:126959|address_number:11274|name_token:13316|address_house:67232,0,0,0,0.0,0.429,0,North Energy Limited,ನಾರ್ತ್ ಎನರ್ಜಿ ಲಿಮಿಟೆಡ್,"House No. 5-98 (B), Divyaraj, Someshwar Uchil, Mangalore, Dakshina Kannada, Karnataka","Dakshina Kannada, KA, House No. 3-98 (B)",india
S1-892498993,S2-175562680,address_house|address_number|address_number|address_token|address_token|address_token|address_token|address_token|address_token|address_token|address_token,name_token:17685|name_prefix:20203|name_token:229501|address_number:74141|address_token:240821|address_token:126959|address_token:79275|address_token:173038|address_token:114722|address_token:46841|address_number:81035|address_house:67232,0,0,0,0.0,0.688,0,Bangalore India Private Limited,biprivate.com,"#5, Mchs, 14Th Main, 15Th Cross Sector 4, Hsr Layout, Bangalore, Karnataka","5, MCHS, 14TH MAIN, 15TH CROSS SECTOR 4, HSR LAYOUT, BENGALURU, BANGALORE, ಕರ್ನಾಟಕ",india
S1-561262523,S2-188697342,address_house|address_token|address_token|address_token,address_city:112315|name_token:39807|address_token:584256|name_token:15498|name_token:22094|address_token:372030|name_prefix:13808|address_token:171715|address_token:343014|address_token:42703|address_number:6613|address_house:132166,0,0,0,0.0,0.294,0,Sai International Software Private Limited,साई इंटरनेशनल सॉफ्टवेयर प्राइवेट लिमिटेड,"Unit No 1, 2, 3 And 4, 6Th Floor, Vb Capitol S No 209(P), Cts, Pune, Maharashtra","UNIT NO 1, PUNE, Maharashtra",india
S1-875125597,S2-986056252,address_house|address_number|address_token,address_number:11901|address_token:534840|address_token:202085|address_token:584256|name_token:15498|name_token:64038|name_prefix:13808|address_house:6413,0,0,0,0.0,0.25,0,Sai Exports Private Limited,साई एक्सपोर्ट्स प्राइवेट लिमिटेड,"79, 2Nd Floor, J- Block, Lsc, Dda Mkt, Vikaspuri, New Delhi, Delhi","WEST, 79, NEW DELHI, Delhi",india
S1-484618233,S2-491496017,address_number|address_token|address_token|address_token|address_token|address_token,address_token:34632|address_house:31951|name_token:10566|address_token:584256|address_token:102880|address_token:35544|address_number:81035|name_token:28619|name_prefix:8911|address_token:38607|address_token:356701,0,0,0,0.0,0.476,0,Royal Agro,রয়্যাল অ্যাগ্রো,"Trans.Co.From U.P.14/2, Old China Bazar Street, 4Th Floor, Room No.-415, Calcutta, West Bengal","HN 293 TRANS.CO.FROM U.P.14/2, CALCUTTA, West Bengal",india
S1-357004213,S3-154586195,address_token,name_token:32061|address_token:108326|address_token:37660|address_token:102880|name_prefix:8177|address_house:95139|address_token:341972|address_token:80020|name_token:12685|address_token:356701|address_token:372030,0,0,0,0.0,0.2,0,Digital Developers Private Limited,ডিজিটাল ডেভেলপারস প্রাইভেট লিমিটেড,"Plot No - Ppf-2, Sankrail Food & Poly Park Vill & P.O.- Kanduah, P.S. - Sankrail, Howrah, West Bengal","Plot 22 Plot No - Ppf-2, Jujarsaha, WB",india
S1-357004213,S3-657792852,address_token|address_token,name_token:32061|address_token:108326|address_token:37660|address_token:102880|name_prefix:8177|address_house:95139|address_token:341972|address_token:80020|name_token:12685|address_token:356701|address_token:372030,0,0,0,0.0,0.25,0,Digital Developers Private Limited,ডিজিটাল ডেভেলপারস প্রাইভেট লিমিটেড,"Plot No - Ppf-2, Sankrail Food & Poly Park Vill & P.O.- Kanduah, P.S. - Sankrail, Howrah, West Bengal","Plot 22 Plot No - Ppf-2, WB, Howrah, Unsani",india
S1-357004213,S2-496923151,address_house|address_token|address_token|address_token|address_token,name_token:32061|address_token:108326|address_token:37660|address_token:102880|name_prefix:8177|address_house:95139|address_token:341972|address_token:80020|name_token:12685|address_token:356701|address_token:372030,0,0,0,0.0,0.412,0,Digital Developers Private Limited,ডিজিটাল ডেভেলপারস প্রাইভেট লিমিটেড,"Plot No - Ppf-2, Sankrail Food & Poly Park Vill & P.O.- Kanduah, P.S. - Sankrail, Howrah, West Bengal","PLOT NO - PPF-2, HOWRAH, West Bengal",india
S1-831132029,S3-788806016,address_house|address_number|address_token|address_token|address_token|address_token,address_token:113422|address_token:47702|address_token:36446|name_prefix:7297|name_token:39954|name_token:9607|address_token:8760|address_house:37179|address_token:97296|address_number:97569|address_token:113365,0,0,0,0.0,0.429,0,Laxmi Foundation Private Limited,லக்ஷ்மி ஃபவுண்டேஷன் பிரைவேட் லிமிடெட்,"Rvm Complex, Avinashi Road Sitra, Tamil Nadu, Civil Aerodrame Post, Coimbatore, 12/2C","12/2C, Coimbatore, Civil Aerodrame Post, TN",india
S1-352175852,S2-48731684,address_house|address_number|address_token|address_token,address_token:167047|name_token:25057|address_house:63089|address_token:82090|name_prefix:9183|name_token:9757,0,0,0,0.0,0.667,0,Creative Products Private Limited,క్రియేటివ్ ప్రొడక్ట్స్ ప్రైవేట్ లిమిటెడ్,"8-149, Allwyncolony Miyapur, Hyderabad, Telangana","8-149, HYDERABAD, Telangana",india
S1-706719544,S2-134036641,address_token|address_token|address_token|address_token|address_token,address_token:108326|name_token:39807|address_number:29572|address_token:21423|address_number:32973|address_token:584256|address_token:167047|address_token:82090|address_token:6977|name_token:8857|name_prefix:25950,0,0,0,0.0,0.278,0,Universal International Private Limited,యూనివర్సల్ ఇంటర్నేషనల్ ప్రైవేట్ లిమిటెడ్,"Innov8 Pranava Business, Park 7Th Floor Sy 29-33, Serilingampally, Hyderabad, Telangana","NO. 645 INNOV8 PRANAVA BUSINESS, HYDERABAD CITY REGION, SERILINGAMPALLY, Andhra Pradesh",india
S1-706719544,S2-67301607,address_number|address_number|address_token|address_token|address_token|address_token|address_token|address_token,address_token:108326|name_token:39807|address_number:29572|address_token:21423|address_number:32973|address_token:584256|address_token:167047|address_token:82090|address_token:6977|name_token:8857|name_prefix:25950,0,0,0,0.0,0.588,0,Universal International Private Limited,యూనివర్సల్ ఇంటర్నేషనల్ ప్రైవేట్ లిమిటెడ్,"Innov8 Pranava Business, Park 7Th Floor Sy 29-33, Serilingampally, Hyderabad, Telangana","H.NO 645 INNOV8 PRANAVA BUSINESS, PARK 7TH FLOOR SY 29-33, HYDERABAD, Andhra Pradesh",india
S1-541447658,S3-30347634,address_number|address_token|address_token,name_token:20956|address_token:360514|address_token:41417|name_token:9307|address_token:42703|address_token:584256|address_token:69657|address_number:97569|name_prefix:17597|address_token:5540|address_token:228724|address_token:234608|address_token:6075|address_token:8099|address_token:343014,0,0,0,0.0,0.125,0,Surya Healthcare,सूर्या हेल्थकेयर,"Mumbai, Mumbai City, Unit No.1201, Maharashtra, 12Th Floor, C Wing, Marathon Futurex N M Joshi Marg, Lower Parel","No 598 Utit No.1201, Mumbai, Gavhan Dist Raigad, MH",india
S1-541447658,S2-216023545,address_number|address_token|address_token|address_token|address_token|address_token,name_token:20956|address_token:360514|address_token:41417|name_token:9307|address_token:42703|address_token:584256|address_token:69657|address_number:97569|name_prefix:17597|address_token:5540|address_token:228724|address_token:234608|address_token:6075|address_token:8099|address_token:343014,0,0,0,0.0,0.316,0,Surya Healthcare,सूर्या हेल्थकेयर,"Mumbai, Mumbai City, Unit No.1201, Maharashtra, 12Th Floor, C Wing, Marathon Futurex N M Joshi Marg, Lower Parel","MUMBAI CITY, MUMBAI, Maharashtra, #521 UNIT NO.1201",india
S1-616520031,S2-800394252,address_house|address_number|address_token|address_token|address_token,address_number:17910|name_token:17149|address_token:258312|name_token:8991|address_token:341972|address_token:554778|name_prefix:7308|address_house:8702|address_number:27110|address_token:53898|address_token:44513|address_token:136558|address_token:40324|address_number:15838,0,0,0,0.0,0.357,0,Baba Investments,बाबा इन्वेस्टमेंट्स,"C-302, Plot No. A-40, Sec-62, Noida, Noida, Gautam Buddha Nagar, Uttar Pradesh","C-302, NOIDA, Uttar Pradesh",india
S1-616520031,S3-730740025,address_number|address_number|address_number|address_token|address_token|address_token|address_token|address_token|name_prefix,address_number:17910|name_token:17149|address_token:258312|name_token:8991|address_token:341972|address_token:554778|name_prefix:7308|address_house:8702|address_number:27110|address_token:53898|address_token:44513|address_token:136558|address_token:40324|address_number:15838,1,0,0,0.0,0.571,0,Baba Investments,babainvestments.com,"C-302, Plot No. A-40, Sec-62, Noida, Noida, Gautam Buddha Nagar, Uttar Pradesh","Door No 252 C-302, Plot No. A-40, Sec-62, Noida, Noida, Gautam Buddha Nagar, उत्तर प्रदेश",india
S1-616520031,S3-928650358,address_number|address_number|address_number|address_token|address_token|address_token|address_token|address_token|name_token|name_token,address_number:17910|name_token:17149|address_token:258312|name_token:8991|address_token:341972|address_token:554778|name_prefix:7308|address_house:8702|address_number:27110|address_token:53898|address_token:44513|address_token:136558|address_token:40324|address_number:15838,0,0,0,0.5,0.571,0,Baba Investments,M/s Baba Investments,"C-302, Plot No. A-40, Sec-62, Noida, Noida, Gautam Buddha Nagar, Uttar Pradesh","Plot No. A-40, Sec-62, Noida, उत्तर प्रदेश, Gautam Buddha Nagar, Noida, Door No 252 C-302",india
S1-616520031,S3-296491595,address_number|address_number|address_number|address_token|address_token|address_token|address_token|address_token,address_number:17910|name_token:17149|address_token:258312|name_token:8991|address_token:341972|address_token:554778|name_prefix:7308|address_house:8702|address_number:27110|address_token:53898|address_token:44513|address_token:136558|address_token:40324|address_number:15838,0,0,0,0.0,0.75,0,Baba Investments,बाबा इन्वेस्टमेंट्स,"C-302, Plot No. A-40, Sec-62, Noida, Noida, Gautam Buddha Nagar, Uttar Pradesh","252 C-302, Plot No. A-40, Sec-62, Noida, Noida, Gautam Buddha Nagar, UP",india
S1-616520031,S3-49425829,address_number|address_number|address_number|address_token|address_token|address_token|address_token|address_token|name_prefix|name_token,address_number:17910|name_token:17149|address_token:258312|name_token:8991|address_token:341972|address_token:554778|name_prefix:7308|address_house:8702|address_number:27110|address_token:53898|address_token:44513|address_token:136558|address_token:40324|address_number:15838,1,1,0,0.333,0.706,0,Baba Investments,Baba Ivsestmnints,"C-302, Plot No. A-40, Sec-62, Noida, Noida, Gautam Buddha Nagar, Uttar Pradesh","Door No 252 C-302, Plot No. A-40, Sec-62, Noida, Gautam Buddha Nagar, Noida, UP",india
S1-366750172,S2-28564806,address_token|address_token|address_token|address_token,name_prefix:11555|address_token:584256|address_token:5098|address_token:360514|address_house:24859|address_number:58224|name_token:53012|address_token:343014|name_token:8856|address_token:15683|address_token:24762,0,0,0,0.0,0.308,0,Premier Technologies Private Limited,प्रीमियर टेक्नोलॉजीज प्राइवेट लिमिटेड,"18, Kailash Darshan, 5Th Floor, Near Kennedy Bridge, Nana Chowk, Mumbai, Maharashtra","018, NANA CHOWK, MUMBAI, Maharashtra",india
S1-366750172,S2-497274712,address_token|address_token|address_token|address_token,name_prefix:11555|address_token:584256|address_token:5098|address_token:360514|address_house:24859|address_number:58224|name_token:53012|address_token:343014|name_token:8856|address_token:15683|address_token:24762,0,0,0,0.0,0.308,0,Premier Technologies Private Limited,प्रीमियर टेक्नोलॉजीज प्राइवेट लिमिटेड,"18, Kailash Darshan, 5Th Floor, Near Kennedy Bridge, Nana Chowk, Mumbai, Maharashtra","018, NANA CHOWK, MUMBAI, Maharashtra",india
S1-129944612,S3-251300595,address_token|address_token|address_token|address_token|address_token,name_token:9238|name_prefix:7533|address_token:40417|address_token:6893|address_token:28189|address_token:554778|address_token:9584|name_token:53012|address_token:258312|address_token:7104,0,0,0,0.0,0.375,0,First Technologies LLP,फर्स्ट टेक्नोलॉजीज एलएलपी,"Khanderao Mandir Ke Pass, Shivaji Nagar, Tanki Road, Gird, Gwalior, Madhya Pradesh","Door No 24 Khanderao Mandir Ke Pass, Gwalior, Gird, MP",india
S1-129944612,S2-984072915,address_token|address_token|address_token|address_token|address_token,name_token:9238|name_prefix:7533|address_token:40417|address_token:6893|address_token:28189|address_token:554778|address_token:9584|name_token:53012|address_token:258312|address_token:7104,0,0,0,0.0,0.353,0,First Technologies LLP,फर्स्ट टेक्नोलॉजीज एलएलपी,"Khanderao Mandir Ke Pass, Shivaji Nagar, Tanki Road, Gird, Gwalior, Madhya Pradesh","KHANDERAO MANDIR KE PASS, GIRD, GWALIOR, मध्य प्रदेश",india
S1-625174267,S3-974556652,address_city|address_house|address_number|address_number|address_token|address_token|address_token|address_token|name_prefix|name_token,address_number:12646|address_token:534840|address_number:77778|address_token:341972|name_prefix:16219|name_token:74331|address_city:59596|address_house:6756|address_token:356701|address_token:372030|name_token:8772,1,1,1,0.333,0.611,0,Eastern Ventures Pvt Ltd,Eastern Pvt Ltd Center,"Plot No. 83 Kh No 8/13 Gf, Sainik Enclve Pt 3 Crpf C, New Delhi, South West Delhi, Delhi","Plot No. 83 Kh No 8/13 Gf, New Delhi, South West Delhi, DL",india
S1-19393891,S2-502624143,address_city|address_number|address_token|address_token|address_token|address_token|address_token|address_token|address_token|address_token,address_city:10209|name_prefix:9941|address_house:24466|address_number:13613|address_token:228724|address_token:584256|address_token:102880|address_token:24733|address_token:93496|name_token:53012|name_token:8960|address_number:64306|address_token:173038|address_token:356701,0,0,0,0.0,0.846,0,All Technologies Private Limited,অল টেকনোলজিস প্রাইভেট লিমিটেড,"Sakltlake, North 24 Parganas, Sector - 1, Ground Floor, Ec - 105, West Bengal","#804 EC - 105, SECTOR - 1, GROUND FLOOR, NORTH PARGANAS, SAKLTLAKE, West Bengal",india
S1-250225288,S2-867307612,address_house|address_number|address_token|address_token|address_token|address_token|address_token|address_token|name_prefix|name_token|name_token,address_token:6018|address_token:584256|address_number:77778|address_token:26214|address_token:12455|name_token:17044|name_prefix:8499|name_token:9167|name_token:21182|address_token:22408|address_house:15010|address_token:20103,1,1,1,0.667,1.0,0,City Red Properties Limited,City Red,"2Nd Floor, Sco No. 13-A, Model Town Extension, Ludhiana, Punjab","2ND- FLOOR, SCO NO. 13-A, MODEL TOWN EXTENSION, LUDHIANA, Punjab",india
S1-250225288,S3-799633693,address_house|address_number|address_token|address_token|address_token|address_token|address_token|address_token|name_prefix|name_token,address_token:6018|address_token:584256|address_number:77778|address_token:26214|address_token:12455|name_token:17044|name_prefix:8499|name_token:9167|name_token:21182|address_token:22408|address_house:15010|address_token:20103,1,0,0,0.333,1.0,0,City Red Properties Limited,City,"2Nd Floor, Sco No. 13-A, Model Town Extension, Ludhiana, Punjab","2Nd Floor, Sco No. 13-A, Model Town Extension, Ludhiana, Punjab",india
S1-250225288,S3-776214862,address_token|address_token|name_prefix|name_token|name_token|name_token,address_token:6018|address_token:584256|address_number:77778|address_token:26214|address_token:12455|name_token:17044|name_prefix:8499|name_token:9167|name_token:21182|address_token:22408|address_house:15010|address_token:20103,1,1,1,0.75,0.167,0,City Red Properties Limited,City Red Properties  Limited - 2420346593,"2Nd Floor, Sco No. 13-A, Model Town Extension, Ludhiana, Punjab","PB, Floor, Ludhiana",india
S1-250225288,S2-749432851,address_house|address_token|address_token|address_token,address_token:6018|address_token:584256|address_number:77778|address_token:26214|address_token:12455|name_token:17044|name_prefix:8499|name_token:9167|name_token:21182|address_token:22408|address_house:15010|address_token:20103,0,0,0,0.0,0.364,0,City Red Properties Limited,ਸਿਟੀ ਰੈੱਡ ਪ੍ਰੋਪਰਟੀਜ਼ ਲਿਮਟਿਡ,"2Nd Floor, Sco No. 13-A, Model Town Extension, Ludhiana, Punjab","LUDHIANA, #2ND- FLOOR, Punjab",india
S1-940077650,S3-613020833,address_house|address_number|address_token|name_prefix|name_token,address_token:113422|address_token:124809|name_token:71714|address_token:5122|address_house:29653|address_token:113365|address_number:70557,1,0,0,0.333,0.2,0,Sps Solutions,Sps Sluimons,"No.16, Ponniamman Koil Street Saligramam, Chennai, Tamil Nadu","16, Chennai, TN",india
S1-658163538,S3-829041665,address_city|address_house|address_number|address_number|address_token|address_token|address_token|address_token|address_token|address_token|address_token|address_token|address_token,name_token:39954|address_token:584256|address_number:12843|address_token:11399|address_house:71183|address_token:11353|address_token:102880|address_token:153726|address_token:80020|name_token:8354|address_token:38607|address_number:58224|name_prefix:7697|address_token:15396|address_token:356701,0,0,0,0.0,0.824,0,Good Foundation Private Limited,গুড ফাউন্ডেশন প্রাইভেট লিমিটেড,"Poddar Court, Gate No - 4, 1St Floor 18, Rabindra Sarani, Room No - 106, Kolkata, Howrah, West Bengal","Kolkata, WB, Howrah, Poddar Court, Gate No - 4, 1St Floor 18, Rabindra Sarani, Room No - 106",india
S1-658163538,S2-721333335,address_city|address_house|address_number|address_number|address_token|address_token|address_token|address_token|address_token|address_token|address_token|address_token|address_token,name_token:39954|address_token:584256|address_number:12843|address_token:11399|address_house:71183|address_token:11353|address_token:102880|address_token:153726|address_token:80020|name_token:8354|address_token:38607|address_number:58224|name_prefix:7697|address_token:15396|address_token:356701,0,0,0,0.0,0.667,0,Good Foundation Private Limited,গুড ফাউন্ডেশন প্রাইভেট লিমিটেড,"Poddar Court, Gate No - 4, 1St Floor 18, Rabindra Sarani, Room No - 106, Kolkata, Howrah, West Bengal","PODDAR COURT, GATE NO - 4, 1ST FLOOR 18, RABINDRA SARANI, ROOM NO - 106, HOWRAH, DALHOUSIE KOLKATA, পশ্চিমবঙ্গ",india
S1-134521946,S3-667342513,address_number|address_token|name_prefix|name_token|name_token,address_token:28189|address_token:8028|name_token:47235|address_token:103662|name_token:163685|name_prefix:22254|address_token:89474,1,1,1,0.5,0.2,0,Services Skp Infratech Private Limited,Services Skp Private Limited Service,"221/1, Near Shubhlaxmi Tenement, Opp. Hanuman Mandir, Chandkheda, Ahmedabad, Gujarat","51 221/1, Ahmedabad, ગુજરાત",india
S1-308913591,S2-376968776,address_house|address_number|address_token|address_token,name_token:8653|name_prefix:10712|address_token:14586|address_token:19617|address_token:554778|address_house:42028|name_token:74331|address_number:112011|address_token:343014,0,0,0,0.0,0.455,0,Arihant Ventures,अरिहंत वेंचर्स,"Gut No-10, Milkat No-9753, Ganesh Nagar, Wadgaon Kh, Aurangabad, Maharashtra","AURANGABAD, AURANGABAD (MAHARASHTRA), Maharashtra, GUT NO-10",india
S1-634207935,S3-648955717,address_house|address_token|name_token|name_token,name_token:8607|name_token:81699|address_token:554778|address_token:360514|address_city:9168|address_token:84918|name_prefix:6919|address_house:62816|address_token:19490|address_token:6353|address_token:343014|address_token:372030,0,0,0,0.5,0.167,0,Big Enterprises Private Limited,Mr Big Enterprises Limited Partners,"Chheda Arcade, S. V. Road, Khira Nagar, Nr. Gold Gym, Santacruz, Mumbai, Maharashtra, Shop No 6, Mumbai","Door No 6, Mumbai, MH",india
S1-393514907,S2-384613585,address_house|address_number|address_token|address_token,address_house:6294|name_prefix:16258|address_number:11239|address_token:66761|name_token:28619|name_token:10170,0,0,0,0.0,0.818,0,Super Agro Private Limited,सुपर एग्रो प्राइवेट लिमिटेड,"Scf-85, Pc, Ue-Ii, Hisar, Hisar, Hr, Ind, Hissar, Haryana","SCF-85, PC, UE-II, HISAR, HISAR, HR, IND, NULL, Haryana",india
S1-393514907,S2-245913639,address_house|address_number|address_token|address_token,address_house:6294|name_prefix:16258|address_number:11239|address_token:66761|name_token:28619|name_token:10170,0,0,0,0.0,0.818,0,Super Agro Private Limited,सुपर एग्रो प्राइवेट लिमिटेड,"Scf-85, Pc, Ue-Ii, Hisar, Hisar, Hr, Ind, Hissar, Haryana","SCF-85, PC, UE-II, HISAR, HISAR, HR, IND, NULL, Haryana",india
S1-393514907,S3-941699346,address_house|address_number|address_token,address_house:6294|name_prefix:16258|address_number:11239|address_token:66761|name_token:28619|name_token:10170,0,0,0,0.0,0.5,0,Super Agro Private Limited,सुपर एग्रो प्राइवेट लिमिटेड,"Scf-85, Pc, Ue-Ii, Hisar, Hisar, Hr, Ind, Hissar, Haryana","Scf-85, Ind, Hissar, HR",india
S1-393514907,S2-600761205,address_house|address_number|address_token,address_house:6294|name_prefix:16258|address_number:11239|address_token:66761|name_token:28619|name_token:10170,0,0,0,0.0,0.364,0,Super Agro Private Limited,सुपर एग्रो प्राइवेट लिमिटेड,"Scf-85, Pc, Ue-Ii, Hisar, Hisar, Hr, Ind, Hissar, Haryana","SCF-85, IND, NULL, Haryana",india
S1-107661239,S2-960749601,address_house|address_number|address_token,address_token:40417|address_token:22571|name_prefix:8716|name_token:9591|address_token:36817|address_token:21423|address_token:258312|name_token:70701,0,0,0,0.0,0.133,0,Lakshmi Trading Private Limited,लक्ष्मी ट्रेडिंग प्राइवेट लिमिटेड,"608, Princess Business, Skypark, Opp. Orbit Mall, Indore, Madhya Pradesh","608, INDORE, मध्य प्रदेश",india
S1-809106148,S3-304439519,address_city|address_house|address_number|address_token|address_token|address_token|name_prefix|name_token,address_number:50465|name_token:13009|address_house:20958|address_token:228724|address_token:153726|address_token:80020|name_token:81699|address_token:102880|address_city:17610|name_prefix:7731|address_token:356701|address_token:372030,1,1,0,0.333,0.643,0,Hotel Enterprises Private Limited,Hotel Private Limited Center,"22, N.S. Road Po - G.P.O, Kolkata, Kolkata, Howrah, West Bengal","22, N.s. Road Po - G.p.o, Kolkata, Calcutta, WB",india
S1-809106148,S2-140942141,address_city|address_token|address_token|address_token|address_token|name_token,address_number:50465|name_token:13009|address_house:20958|address_token:228724|address_token:153726|address_token:80020|name_token:81699|address_token:102880|address_city:17610|name_prefix:7731|address_token:356701|address_token:372030,0,0,0,0.333,0.529,0,Hotel Enterprises Private Limited,H0TEL ENTERPRISES PRIVATE PRIVATE LIMITED,"22, N.S. Road Po - G.P.O, Kolkata, Kolkata, Howrah, West Bengal","2-2, N.S. ROAD PO - G.P.O, KOLKATA, HOWRAH, KOLKATA, পশ্চিমবঙ্গ",india
S1-809106148,S2-777255891,address_city|address_token|address_token|address_token|address_token|address_token|address_token,address_number:50465|name_token:13009|address_house:20958|address_token:228724|address_token:153726|address_token:80020|name_token:81699|address_token:102880|address_city:17610|name_prefix:7731|address_token:356701|address_token:372030,0,0,0,0.0,0.846,0,Hotel Enterprises Private Limited,Jaxsyn,"22, N.S. Road Po - G.P.O, Kolkata, Kolkata, Howrah, West Bengal","2-2, N.S. ROAD PO - G.P.O, KOLKATA, HOWRAH, KOLKATA, West Bengal",india
S1-809106148,S2-759130488,address_city|address_token|address_token|address_token|name_token|name_token,address_number:50465|name_token:13009|address_house:20958|address_token:228724|address_token:153726|address_token:80020|name_token:81699|address_token:102880|address_city:17610|name_prefix:7731|address_token:356701|address_token:372030,0,0,0,0.667,0.389,0,Hotel Enterprises Private Limited,Mr Hotel Énterprises Private,"22, N.S. Road Po - G.P.O, Kolkata, Kolkata, Howrah, West Bengal","2-2, N.S. RDAD PO - G.P.O, KOLKATA, KOLKATA, পশ্চিমবঙ্গ",india
S1-312412440,S2-409610475,address_number|address_number|address_token|address_token|address_token|address_token|address_token|address_token,address_number:18175|address_token:28479|address_token:534840|address_token:584256|address_token:5892|name_token:23331|address_token:554778|name_prefix:25559|address_number:58224|address_token:39351|name_token:32515|name_token:8686|address_house:9627,0,0,0,0.0,0.733,0,Tech Shyam Projects Limited,टेक श्याम प्रोजेक्ट्स लिमिटेड,"L 53, Second Floor, Gali No 18, Mahavir Nagar, Mahvir Nagar, New Delhi, Delhi","H.NO 65 L 53, SECOND FLOOR, GALI NO 18, MAHAVIR NAGAR, NEW DELHI, VIKASPURI, Delhi",india
S1-537071902,S3-581937299,address_token|address_token|address_token|address_token,address_token:9480|address_token:108326|name_token:229501|address_token:554778|address_token:103662|address_token:12688|address_token:89474,0,0,0,0.0,0.267,0,Inox India Private Limited,Verayuma,"Krushna Education Trust, Krushna Vidhyalay Compound Near Mayur Park, Opp Manahar Nagar, Bapu, Nagar, Ahmedabad, Gujarat","Krushna Education Trust, Ahmedabad, GJ",india
S1-165968146,S3-656772828,name_token|name_token,name_token:39954|address_token:108326|address_token:102880|address_number:5060|name_prefix:11125|address_token:356701|address_city:42559|address_token:228724|address_token:15935|address_token:24733|address_token:15476|address_token:5754,0,0,0,0.667,0.0,0,Infrared Foundation,Smt Infrared Foundation,"216/Z/B Green Park, Ghosh Para Road Opposite Bengal Enamel, Barrackpore, Parganas North, West Bengal",,india
S1-502760204,S3-380386457,address_number|address_token|address_token|address_token|address_token|address_token|address_token|address_token|name_prefix|name_token|name_token,address_token:37652|address_token:83756|address_token:53898|address_token:258312|address_number:7216|address_token:136558|address_token:202085|address_token:584256|address_token:40324|address_token:7946|name_prefix:7247|address_token:554778|address_token:81689|name_token:21182|address_token:173038|address_token:44513|name_token:9249,1,1,1,0.4,0.5,0,Ace Properties LLP,Ace Próperties LLP | www.aceprper.com,"6Th Floor Urbtech Trade Centre, Sector-132, Office - D/623 Tower No.-D Block, Noida, Uttar Pradesh, Gautam Buddha Nagar","Office - D/623 Tower No.-d Block, Noida, Gautam Buddha Nagar, UP",india
S1-878910510,S2-893870043,address_house|address_number|address_token|address_token,name_prefix:11555|address_token:28189|address_number:12858|address_token:6144|name_token:8856|name_token:22173|address_token:66761|address_token:8086,0,0,0,0.0,0.5,0,Premier Media Limited,प्रीमियर मीडिया लिमिटेड,"H.No. 100/7, Pardhana Mohalla Near Arya Samaj Mandir, Rohtak, Haryana","H.NO. 100/7, ROHTAK, Haryana",india
S1-727426937,S3-214263218,address_house|address_number|address_token|address_token|address_token|address_token|address_token,address_token:10562|name_prefix:12090|name_token:25057|address_token:139352|address_token:360514|name_token:10426|address_token:343014|address_house:29653|address_number:70557,0,0,0,0.0,0.583,0,Ram Products Pvt Ltd,राम प्रोडक्ट्स प्रा. लि.,"Benazeer House 16, Gunbow Street, Fort, Mumbai, Maharashtra","Benazeer House 16, Gunbow Street, Mumbai, Fort, महाराष्ट्र",india
S1-727426937,S3-982331894,address_house|address_number|address_token|address_token|address_token|address_token|address_token|name_prefix|name_token,address_token:10562|name_prefix:12090|name_token:25057|address_token:139352|address_token:360514|name_token:10426|address_token:343014|address_house:29653|address_number:70557,1,0,0,0.333,0.778,0,Ram Products Pvt Ltd,Ram Pvt Ltd Service,"Benazeer House 16, Gunbow Street, Fort, Mumbai, Maharashtra","Fort, Gunbow Street, Mumbai, Benazeer House 16, MH",india
S1-813310046,S3-145791997,address_house|address_number|address_token|address_token|name_prefix|name_token|name_token,address_token:584256|address_token:234608|name_prefix:20198|address_token:139352|address_token:360514|address_house:8233|address_number:15772|name_token:8324|address_token:343014|name_token:26479,1,1,1,0.667,0.231,0,Great Producer Limited,GREAT PRODUCER LIMITED #58474,"65, 3Rd Floor, Mulji House, Veer Savarkar Road, Prabhadevi, Mumbai, Mumbai City, Maharashtra","#65, Mumbai, Mumbai City, MH",india
S1-813310046,S3-467305826,name_token,address_token:584256|address_token:234608|name_prefix:20198|address_token:139352|address_token:360514|address_house:8233|address_number:15772|name_token:8324|address_token:343014|name_token:26479,0,0,0,0.2,0.0,0,Great Producer Limited,M/s Great Limited Services,"65, 3Rd Floor, Mulji House, Veer Savarkar Road, Prabhadevi, Mumbai, Mumbai City, Maharashtra",,india
S1-408281500,S3-874145997,name_token,name_token:23226|address_token:343014|address_token:171715,0,0,0,0.4,0.0,0,Jagdamba & Associates,Sri Jagdamba &  Center,"Fl. No. B-2202, Pancham, Nandedcity, Pune, Maharashtra",,india
S1-408281500,S2-111209805,name_prefix|name_token,name_token:23226|address_token:343014|address_token:171715,1,1,1,0.5,0.0,0,Jagdamba & Associates,Jagdamba & Enterprises,"Fl. No. B-2202, Pancham, Nandedcity, Pune, Maharashtra",,india
S1-555762655,S2-524480729,address_number|address_number|address_token|address_token|address_token|address_token|address_token,address_house:13083|address_token:32701|address_number:24988|address_token:83329|name_prefix:6927|name_token:39954|address_token:9502|address_number:112011|name_token:9300|address_number:97569|address_token:258312|address_token:21989,0,0,0,0.0,0.583,0,Al Foundation Limited,అల్ ఫౌండేషన్ లిమిటెడ్,"Vijayawada (Urban), 39-12-10, Turlapati, Kutumbarao Street, Krishna, Andhra Pradesh","039-12-10, VIJAYAWADA (URBAN), KRISHNA, Andhra Pradesh",india
S1-319176126,S3-898831614,address_house|address_number|address_token|address_token|address_token|address_token,address_token:53898|address_token:258312|address_token:136558|address_token:6001|address_token:25587|address_token:584256|address_token:40324|address_house:7833|name_token:70701|address_token:554778|address_token:6625|address_number:14341|address_token:44513|address_token:173038,0,0,0,0.0,0.261,0,Accurate Trading Corp,M/s @accuratetrading,"A- 71, Grd Floor, Sector Tech Zone 4, Amrapali Leisure Valley, Greater Noida, Noida, Gautam Buddha Nagar, Uttar Pradesh","A- 71., Noida, Gautam Buddha Nagar, उत्तर प्रदेश",india
S1-726837425,S3-224270470,address_house|address_number|address_token|name_prefix|name_token|name_token,name_token:8845|address_number:55826|name_prefix:6880|address_token:84918|address_token:103662|address_token:97296|name_token:31661|address_token:89474|address_house:23309|name_token:8867,1,1,1,0.5,0.231,0,Bombay Hari Consultancy Limited,Bombay Hgir Consultancy Limited,"Gujarat, Ahmedabad, Devpriya Complex, Stedium Road, Motera Sabarmati, Shop No 19, Ahmedabad","Domr No 19, Ahmedabad, GJ",india
S1-247132924,S2-569358324,address_number|address_token|address_token,name_prefix:16820|address_token:6893|address_token:554778|address_token:15396|address_token:5256|name_token:9862|address_token:58691|address_token:174880|address_house:10416|address_number:20833|address_token:71965|name_token:22094,0,0,0,0.0,0.267,0,Gold Software Private Limited,गोल्ड सॉफ्टवेयर प्राइवेट लिमिटेड,"Pn 47, Ram Nagar Colony, Malpura Gate Ke Pass, Sanganer, Jaipur, Rajasthan","HN 437 PN 47, SANGANER, JHUNJHUNU, Rajasthan",india
S1-421317098,S2-970415359,address_house|address_number|address_token|address_token,name_prefix:10604|address_token:7351|address_token:96183|name_token:82701|address_token:343014|address_token:97296|address_token:356701|address_house:9246|address_number:17680|address_token:81689|name_token:8996|address_city:10020,0,0,0,0.0,0.357,0,Anand Industries Private Limited,आनंद इंडस्ट्रीज प्राइवेट लिमिटेड,"Ft No - 104, H Tower, Teen Hath Naka Eternity Res Complex, Thane W, Thane, Maharashtra","FT NO - 104, THANE, Maharashtra",india
S1-318693840,S3-151822811,address_house|address_number|address_token|address_token|address_token|address_token|address_token,address_token:6425|address_token:167047|address_token:73068|address_token:82090|name_token:30224|address_house:5975|address_number:9782|name_prefix:20012,0,0,0,0.0,1.0,0,Sunil Engineering Private Limited,Nexdeltaio,"Hig-205, Phase 1 And 2, Kphb, Kukatpally, Hyderabad, Telangana","Hig-205, Phase 1 And 2, Kphb, Kukatpally, Hyderabad, Telangana",india
S1-241922758,S2-333304573,address_number|address_token|address_token|address_token|address_token|address_token|address_token|address_token|address_token|address_token,address_number:8179|address_token:228724|name_prefix:7396|address_token:584256|address_token:22225|address_token:11353|address_token:343014|address_token:13143|address_token:21423|address_token:108326|name_token:8697,0,0,0,0.0,0.867,0,Classic Trauma Pvt. Ltd.,Fayevio,"Nashik, Maharashtra, H N 305, Nashik, Sn Third Floor, Business Court Opp Indigo Park","HN 762 H N 305, SN THIRD FLOOR, BUSINESS COURT OPP INDIGO PARK, NASHIK, Maharashtra",india
S1-241922758,S3-714998327,address_house|address_number|address_token|address_token|name_prefix|name_token,address_number:8179|address_token:228724|name_prefix:7396|address_token:584256|address_token:22225|address_token:11353|address_token:343014|address_token:13143|address_token:21423|address_token:108326|name_token:8697,1,1,1,0.333,0.286,0,Classic Trauma Pvt. Ltd.,Classic Tuaiam Pvt. Ltd.,"Nashik, Maharashtra, H N 305, Nashik, Sn Third Floor, Business Court Opp Indigo Park","Nashik, H N 305, MH, Nashik",india
S1-309171245,S2-772887637,address_number|address_token|address_token|address_token,address_token:584256|address_token:360514|address_token:343014|address_number:61990|address_token:69657|address_house:11044|address_token:42703,0,0,0,0.0,0.5,0,AYP Capital LLP,ACAPITAL.COM,"Maharashtra, 3Rd Floor, Bwing, Lbs, Marg, Artguildhouse, Phoenixmarketcity, Unit No.Tf-B-17, Mumbai","UNIT NO.TF-B-17, MUMBAI, Maharashtra",india
S1-907287192,S3-958435760,address_house|address_token|address_token,address_token:341972|address_token:7161|name_token:71714|address_token:554778|address_house:132166|address_number:15619|address_token:58691|address_token:20618|name_prefix:12937|address_token:71965|name_token:8867,0,0,0,0.0,0.267,0,Hari Solutions Private Limited,हरि सॉल्यूशंस प्राइवेट लिमिटेड,"Jaipur, Plot No. 1, Rajasthan, Tejaji Nagar, Mahesh Nagar, 80 Feet Road, Near Somani Hospital, Jaipur","Plot No. #1, Jaipur, RJ",india
S1-907287192,S3-339768242,address_house|address_token|address_token,address_token:341972|address_token:7161|name_token:71714|address_token:554778|address_house:132166|address_number:15619|address_token:58691|address_token:20618|name_prefix:12937|address_token:71965|name_token:8867,0,0,0,0.0,0.222,0,Hari Solutions Private Limited,हरि सॉल्यूशंस प्राइवेट लिमिटेड,"Jaipur, Plot No. 1, Rajasthan, Tejaji Nagar, Mahesh Nagar, 80 Feet Road, Near Somani Hospital, Jaipur","Jaipur, राजस्थान, Jaipur, Plot No. #1",india
S1-386387525,S2-221155227,address_house|address_number|address_token|address_token|address_token,name_token:9074|name_prefix:7258|address_token:167047|address_token:11263|address_house:67232|address_token:554778|address_token:82090|address_number:26513|address_token:8458|name_token:30618,0,0,0,0.0,0.5,0,Apex Marketing Corp,DREXSOLRIZA,"H.No.5-101A/9, Sri Balaji Nagar, Cbit Puppalaguda, Rajendra Nagar, Hyderabad, Telangana","H.NO.5-101A/9, RANGAREDDI, HYDERABAD, Telangana",india
S1-759025068,S3-455208044,name_prefix|name_token|name_token,address_token:9335|name_token:10218|address_token:360514|address_token:72724|address_city:55154|address_token:37738|address_token:55321|address_token:234608|name_token:8772|name_prefix:20012|name_token:81699|address_token:343014,1,0,0,0.5,0.0,0,Sun Eastern Enterprises Private Limited,Sun Esrn Enterprises Private Limited,"C3, Nandjyot Industrial Estate, Near Sakinaka Telephone Exchange, Safed Pool, Andheri, Kurla Road, Mumbai City, Maharashtra",,india
S1-768812043,S3-184293899,address_house|address_number|address_number|address_token|address_token|address_token,address_token:360514|name_prefix:16258|address_token:42703|address_number:12646|address_token:584256|name_token:8555|address_token:69657|address_token:341972|address_house:6274|address_token:234608|address_token:8406|name_token:163685|address_number:15988|address_token:343014,0,0,0,0.0,0.304,0,Supreme Services Limited,sservices.com,"Unit No. 82 & 83, 8Th Floor, Plot No.220 Maker Chamber Vi, Jamnalal Bajaj Marg, Mumbai, Mumbai City, Maharashtra","Unit No. 82 & 83, <NULL>, Mumbai, Mumbai City, महाराष्ट्र",india
S1-836579579,S3-484153347,address_house|address_token|address_token|name_token|name_token,address_token:584256|address_token:139352|address_token:89474|address_house:11044|address_token:103662|name_token:70701,0,0,0,0.667,0.214,0,Reliance Trading Pvt Ltd,Smt Reliance Trading Pvt Limited,"Stadium Commerce Road Navrangpura, 3Rd Floor, Ahmedabad, Gujarat, Camex House","Door No 3Rd Floor, Ahmedabad, Ahmedabad City, GJ",india
S1-803435192,S2-13156856,address_token|address_token,address_token:202085|address_number:6145|name_token:29427|name_prefix:6927|address_token:240821|address_token:126959|address_token:55321|name_token:9300,0,0,0,0.0,0.188,0,Al Care Private Limited,ಅಲ್ ಕೇರ್ ಪ್ರೈವೇಟ್ ಲಿಮಿಟೆಡ್,"No.603, Xi Th Block, Heritage Estate, Doddaballapura Road, Ye, Lahanka, Bangalore, Karnataka","Karnataka, NO.60, BANGALORE, BANGLORE RURAL",india
S1-722438811,S3-222736266,address_house|address_number|address_token|address_token|address_token|address_token,address_house:5605|address_number:10339|address_token:18948|address_token:343014|address_token:171715|name_token:31661|address_token:171133|name_prefix:9183|name_token:9757,0,0,0,0.0,0.6,0,Creative Consultancy Private Limited,क्रिएटिव कंसल्टेंसी प्राइवेट लिमिटेड,"Flat No.107 Amber Elite, Haveli, Pune, Maharashtra","Pune, MH, Dhanbad, Flat No.107 Amber Elite",india
S1-528787456,S3-7125537,address_token|address_token|address_token|address_token|address_token|address_token|address_token|name_prefix|name_token|name_token,address_token:53898|address_token:258312|address_token:136558|address_token:7155|address_token:202085|address_token:584256|address_token:25587|name_token:74331|address_token:40324|name_prefix:8003|address_house:13467|address_token:341972|address_token:554778|address_number:27164|name_token:10157|address_token:93496|address_token:44513,1,1,1,0.667,0.389,0,Smart Ventures Private Limited,Smart Ventures Prigvte (Limited),"Ground Floor, Plot No. 36 Block-J, Site-C, Upsidc, Greater Noida, Gautam Buddha Nagar, Uttar Pradesh","Ground Floor, Greater Noida, Gautam Buddha Nagar, UP",india
S1-327237247,S2-979096549,address_token|address_token|address_token|address_token|address_token|address_token|name_prefix|name_token|name_token,address_token:534840|name_prefix:6814|address_token:584256|address_token:341972|name_token:9793|name_token:9607|address_token:173038|address_token:14375|name_token:26479,1,1,1,0.5,0.857,0,Urban Laxmi Producer Pvt Ltd,Pvt Urban Láxmi Pr0ducer Ltd,"161, Din Appartments, 7Th Floor, Plot No.7, Sector-4, Dwarka, New Delhi, Delhi","16, DIN APPARTMENTS, 7TH FLOOR, PLOT NO.7, SECTOR-4, NEW DELHI, DWARKA, Delhi",india
S1-327237247,S2-443647239,address_token|address_token|address_token|address_token|address_token|address_token,address_token:534840|name_prefix:6814|address_token:584256|address_token:341972|name_token:9793|name_token:9607|address_token:173038|address_token:14375|name_token:26479,0,0,0,0.0,0.857,0,Urban Laxmi Producer Pvt Ltd,अर्बन लक्ष्मी प्रोड्यूसर प्रा. लि.,"161, Din Appartments, 7Th Floor, Plot No.7, Sector-4, Dwarka, New Delhi, Delhi","16, DIN APPARTMENTS, 7TH FLOOR, PLOT NO.7, SECTOR-4, NEW DELHI, DWARKA, Delhi",india
S1-327237247,S2-964122204,address_token|address_token|address_token|address_token|address_token|address_token|name_core_exact|name_prefix|name_token|name_token|name_token,address_token:534840|name_prefix:6814|address_token:584256|address_token:341972|name_token:9793|name_token:9607|address_token:173038|address_token:14375|name_token:26479,1,1,1,1.0,0.786,0,Urban Laxmi Producer Pvt Ltd,Urban Laxmi Producer (Pvt),"161, Din Appartments, 7Th Floor, Plot No.7, Sector-4, Dwarka, New Delhi, Delhi","16, DIN APPARTMENTS, 7TH FLOOR, PLOT NO.7, SECTOR-4, DWARKA, Delhi",india
S1-327237247,S3-674690214,address_house|address_number|address_token|address_token,address_token:534840|name_prefix:6814|address_token:584256|address_token:341972|name_token:9793|name_token:9607|address_token:173038|address_token:14375|name_token:26479,0,0,0,0.0,0.286,0,Urban Laxmi Producer Pvt Ltd,अर्बन लक्ष्मी प्रोड्यूसर प्रा. लि.,"161, Din Appartments, 7Th Floor, Plot No.7, Sector-4, Dwarka, New Delhi, Delhi","161, New Delhi, Dwarka, DL",india
S1-176583607,S2-476180211,address_city|address_house|address_number|address_token|address_token|address_token|address_token,address_token:24890|address_token:534840|name_prefix:12090|name_token:29427|address_number:25743|name_token:10426|address_token:356701|address_house:95139,0,0,0,0.0,0.75,0,Ram Care Private Limited,राम केयर प्राइवेट लिमिटेड,"2/37 Punjabi Bagh(West) Punjabi Bagh, Delhi, West Delhi, Delhi","2/37 PUNJABI BAGH(WEST) PUNJABI BAGH, DELHI, N/A, Delhi",india
S1-176583607,S3-331000218,address_city|address_house|address_number|address_token|address_token|address_token|address_token,address_token:24890|address_token:534840|name_prefix:12090|name_token:29427|address_number:25743|name_token:10426|address_token:356701|address_house:95139,0,0,0,0.0,0.667,0,Ram Care Private Limited,राम केयर प्राइवेट लिमिटेड,"2/37 Punjabi Bagh(West) Punjabi Bagh, Delhi, West Delhi, Delhi","H.no 2/37 Punjabi Bagh(west) Punjabi Bagh, West Delhi, Delhi, DL",india
S1-929675422,S2-443884250,address_house|address_number|address_token,name_token:8769|address_token:83329|name_token:81699|address_house:71183|address_token:554778|address_token:258312|name_prefix:9044,0,0,0,0.0,0.25,0,Vijay Enterprises LLP,విజయ్ ఎంటర్‌ప్రైజెస్ ఎల్‌ఎల్‌పీ,"4-1-883, Anjaneya Nagar, Gopavaram Kadapa, Badvel, Cuddapah, Andhra Pradesh","CUDDAPAH, ఆంధ్రప్రదేశ్, 4-1-883",india
S1-890873293,S2-495342096,address_house|address_number|address_token|address_token|address_token,address_token:14265|name_prefix:32847|address_house:6977|address_token:113422|address_number:12740|address_token:124809|name_token:29427|address_token:554778|name_token:35547|address_token:113365,0,0,0,0.0,0.364,0,New Care Pvt Ltd,நியூ கேர் பிரைவேட் லிமிடெட்,"73, Poolakshmi St, Devi Karumari Amman Nagar Valasaravakkam, Chennai, Tamil Nadu","73, CHENNAI, Tamil Nadu",india
S1-384494281,S3-153835416,address_house|address_number|address_token|name_token,address_token:21317|address_token:240821|address_house:12472|address_token:126959|address_number:23930|address_token:48680|address_token:72724,0,0,0,0.667,0.286,0,Ideal & Co,Shri Ideal &,"No.41/1A3, Kia(Kempegowda Industrial Area), Near Peenya 2Nd Stage, Bangalore, Karnataka","No 41/1A3, KA, Bangalore",india
S1-384494281,S3-586430914,address_house|address_number|address_token,address_token:21317|address_token:240821|address_house:12472|address_token:126959|address_number:23930|address_token:48680|address_token:72724,0,0,0,0.0,0.267,0,Ideal & Co,i.com,"No.41/1A3, Kia(Kempegowda Industrial Area), Near Peenya 2Nd Stage, Bangalore, Karnataka","Door No 41/1A3, Bangalore, KA",india
S1-718814862,S2-115120705,address_house|address_token|address_token,address_token:139352|name_token:23924|address_token:58691|address_token:174880|address_token:71965|name_token:9909|name_prefix:7962|address_house:67232,0,0,0,0.0,0.5,0,Future Systems Private Limited,फ्यूचर सिस्टम्स प्राइवेट लिमिटेड,"C-5, Bhagirath Colony, Chomu House, Jaipur, Rajasthan","C-5, JAIPUR, Rajasthan",india
S1-53925890,S3-571672522,name_prefix|name_token,address_house:18912|address_token:113422|address_number:41143|address_token:113365,1,1,1,0.333,0.0,0,Vellore Tn Private Limited,Vellore Private Limited Service,"Vellore, No:25, B-4 & B-5 R Jeevarathinam Maaligai, Arcot Road, Tamil Nadu",,india
S1-81473911,S2-639949233,address_house|address_token|address_token|address_token|address_token,name_token:8653|address_token:153726|name_prefix:10712|address_token:80020|name_token:25057|address_token:102880|address_city:36110|address_token:356701|address_house:67232,0,0,0,0.0,0.625,0,Arihant Products Private Limited,Gildonyx,"5, Sovaram Bysack Street, Kolkata, Kolkata, Howrah, West Bengal","5, KOLKATA, HOWRAH, West Bengal",india
S1-665207387,S2-181343090,address_house|address_number|address_number|address_number|address_token|address_token|address_token|address_token,name_token:8653|address_token:32701|address_token:258312|name_token:22412|address_number:22860|address_house:12472|address_token:9502|address_number:49533|address_number:23930|address_token:83329|name_prefix:10712,0,0,0,0.0,0.615,0,Arihant Consulting Private Limited,అరిహంత్ కన్సల్టింగ్ ప్రైవేట్ లిమిటెడ్,"41-20/3-102, Valluri Vari Street, Krishna Lanka, Vijayawada, Srikakulam, Andhra Pradesh","41-20/3-102, SRIKAKULAM, VIJAYAWADA, Andhra Pradesh",india
S1-665207387,S3-161390905,address_number|address_number|address_number|address_token|address_token|name_token|name_token,name_token:8653|address_token:32701|address_token:258312|name_token:22412|address_number:22860|address_house:12472|address_token:9502|address_number:49533|address_number:23930|address_token:83329|name_prefix:10712,0,0,0,0.667,0.353,0,Arihant Consulting Private Limited,Dr arihant consulting private limited,"41-20/3-102, Valluri Vari Street, Krishna Lanka, Vijayawada, Srikakulam, Andhra Pradesh","Door No 325 41-20/3-102, Vijayawada, Srikakulam, AP",india
S1-634566500,S2-525970182,address_house|address_number|address_token|address_token,address_token:24890|address_token:534840|address_token:245093|address_token:202085|name_token:9251|name_token:26556|address_token:584256|address_token:139352|address_house:25954|address_city:19617|address_number:61990|address_token:93496|name_prefix:9723,0,0,0,0.0,0.333,0,Sky Management Pvt Ltd,स्काई मैनेजमेंट प्रा. लि.,"House No. 17-A, Floor Ground, Block - Bc Shalimar Bagh East New Delhi, Delhi, East Delhi, Delhi","HOUSE NO. 17-A, NORTH WEST DELHI, Delhi",india
S1-35232433,S3-15999669,address_city|address_token|address_token|name_token|name_token,address_token:113422|address_token:124809|name_token:8698|name_prefix:6864|name_token:19415|address_token:113365,0,0,0,0.5,0.333,0,Pioneer It Limited,Dr Pioneer It It Límited,"No 506, Mkn Road, Alandur, Chennai, Tamil Nadu","No 5-06, Mkn Road, Alandur, Madras, Chennai, தமிழ்நாடு",india
S1-891351167,S2-488887870,address_house|address_token|address_token,address_token:171133|name_prefix:15985|address_token:584256|address_token:167047|name_token:9573|address_token:24934|address_token:82090|address_token:97296|name_token:31661,0,0,0,0.0,0.267,0,Bharat Consultancy Private Limited,భారత్ కన్సల్టెన్సీ ప్రైవేట్ లిమిటెడ్,"Hyderabad, Flat No 6E, 6Th Floor, Druwathara Apartments Behid Medinova Complex, Somajiguda, Hyderabad, Telangana","FLAT NO 6E, HYDERABAD, Andhra Pradesh",india
S1-66437156,S2-393508657,address_city|address_token,name_token:39954|address_number:15772|address_token:258312|address_token:136558|address_token:43480|address_house:71183|address_token:341972|address_token:42051|address_city:12629|address_token:50340|address_token:39568|address_token:372030,0,0,0,0.0,0.16,0,Tng Foundation,Dovadelta,"S.F.-4, Plot No - 65, Charms Apartment Vikram Enclave, Shalimar Garden, Sahibaba, D, Ghaziabad, Uttar Pradesh","UNNAO, BLOCK D-419 S.F.-4, उत्तर प्रदेश",india
S1-714742968,S2-622250781,name_prefix|name_token,name_token:9751|address_number:29572|name_prefix:10394|address_token:58691|address_token:71965|address_house:14874|address_token:34219,1,1,0,0.333,0.0,0,Dream Biz Pvt Ltd,Dream Pvt Ltd Sérvices,"Jaipur, 33, Rajasthan, Jaipur, Opp Bajoria School",,india
S1-19326012,S3-969716623,address_house|address_number|address_token,address_house:8696|address_token:113422|address_number:18547|address_token:584256|address_token:61302|address_token:554778|address_token:7571|address_token:113365,0,0,0,0.0,0.25,0,Ndn & Co,Lumquohalo,"No.63, First Floor, Velan Nagar Valasaravakam, Tiruvallur, Tamil Nadu","Door No #63, Tiruvallur, TN",india
S1-93698865,S2-709057400,address_token|address_token|address_token,name_token:27880|name_token:10268|address_token:6041|address_token:37660|address_token:258312|address_token:136558|name_prefix:13624,0,0,0,0.0,0.286,0,Vision Foods Private Limited,विजन फूड्स प्राइवेट लिमिटेड,"C/O Akhilesh Mishra, Brahamad Basti, Usari Khurd, Vill & Po Vishwanathpur, Mau, Maunathbhanjan, Uttar Pradesh","C/O AKHILESH MISHRA, MAU, MAUNATHBHANJAN, उत्तर प्रदेश",india
S1-93698865,S2-307085396,address_token|address_token,name_token:27880|name_token:10268|address_token:6041|address_token:37660|address_token:258312|address_token:136558|name_prefix:13624,0,0,0,0.0,0.227,0,Vision Foods Private Limited,विजन फूड्स प्राइवेट लिमिटेड,"C/O Akhilesh Mishra, Brahamad Basti, Usari Khurd, Vill & Po Vishwanathpur, Mau, Maunathbhanjan, Uttar Pradesh","C/O AHHILESH MISHRA, MAU, MAUNATHBHANJAN, उत्तर प्रदेश",india
S1-239297768,S2-291502208,address_house|address_token|address_token,address_token:16231|address_token:11172|address_token:584256|name_token:23331|address_token:52464|name_prefix:25559|address_token:19490|name_token:32515|address_house:16746,0,0,0,0.0,0.231,0,Tech Projects Private Limited,ടെക് പ്രോജക്ട്സ് പ്രൈവറ്റ് ലിമിറ്റഡ്,"1St Floor, Palace Arcade, Kovilakam Road, Mankavu, Kozhikode, Kerala","1ST FLOOR, KOZHIKODE, N/A, കേരളം",india
S1-221004353,S3-581715726,address_token|address_token,name_token:8653|name_token:32737|address_token:202085|address_token:584256|address_token:102880|address_city:42559|address_token:153726|address_token:80020|address_token:171133|name_prefix:10712|address_token:81689|address_token:356701,0,0,0,0.0,0.105,0,Arihant Technology Private Limited,অরিহন্ত টেকনোলজি প্রাইভেট লিমিটেড,"West Bengal, Kolkata, Block A, Flat No.- 6B, 6Th Floor, Samar Pally, Krishnapur, Kolkata, Howrah, Bhawani Tower","Calcutta, Keshtopur, WB, Bhawani Tower",india
S1-221004353,S3-225967975,address_token|address_token|address_token,name_token:8653|name_token:32737|address_token:202085|address_token:584256|address_token:102880|address_city:42559|address_token:153726|address_token:80020|address_token:171133|name_prefix:10712|address_token:81689|address_token:356701,0,0,0,0.0,0.167,0,Arihant Technology Private Limited,অরিহন্ত টেকনোলজি প্রাইভেট লিমিটেড,"West Bengal, Kolkata, Block A, Flat No.- 6B, 6Th Floor, Samar Pally, Krishnapur, Kolkata, Howrah, Bhawani Tower","Bhawani Tower, Howrah, Keshtopur, WB",india
S1-659484723,S3-640619104,address_number|address_token|address_token|address_token,address_token:88699|address_token:534840|address_number:8767|name_prefix:6580|name_token:163685|address_city:139489|address_token:372030,0,0,0,0.0,0.692,0,Four Services Private Limited,Miragildnovi,"H. No. - B 113 G/F Aali Vihar, Sarita Vihar, Delhi, South Delhi, Delhi","No. 869 H. No. - B 113 G/f Aali Vihar, DL, Delhi",india
S1-100146102,S2-471305537,address_city|address_house|address_token|address_token|address_token|address_token|address_token,address_token:113422|address_token:36446|address_token:228724|name_prefix:8716|address_token:554778|name_token:9591|name_token:22221|address_token:79275|address_city:5714|address_token:113365|address_house:54396,0,0,0,0.0,0.6,0,Lakshmi Builders Private Limited,லட்சுமி பில்டர்ஸ் பிரைவேட் லிமிடெட்,"No.7, Ramalinga Nagar, Cross Road 4, Coimbatore North, Coimbatore, Tamil Nadu","NO.7, RAMALINGA NAGAR, CROSS ROAD 4, COIMBATORE NORTH, COIMBATORE, தமிழ்நாடு",india
S1-100146102,S2-823726722,address_city|address_house|address_token|address_token|address_token|address_token,address_token:113422|address_token:36446|address_token:228724|name_prefix:8716|address_token:554778|name_token:9591|name_token:22221|address_token:79275|address_city:5714|address_token:113365|address_house:54396,0,0,0,0.0,0.545,0,Lakshmi Builders Private Limited,லட்சுமி பில்டர்ஸ் பிரைவேட் லிமிடெட்,"No.7, Ramalinga Nagar, Cross Road 4, Coimbatore North, Coimbatore, Tamil Nadu","NO.7, COIMBATORE NORTH, COIMBATORE, Tamil Nadu",india
S1-948769424,S3-568913958,address_number|address_number|address_token|address_token|address_token|address_token,name_prefix:15064|name_token:11198|address_number:24988|address_token:584256|address_token:102880|address_house:13145|address_number:6502|address_token:153726|address_token:80020|address_number:25743|address_number:7573|name_token:39807|address_token:38607|address_token:356701,0,0,0,0.0,0.588,0,Krishna International Private Limited,কৃষ্ণ ইন্টারন্যাশনাল প্রাইভেট লিমিটেড,"37/39 Ezra Street Room No 306 & 307 Floor - 3, Kolkata, Howrah, West Bengal","Kolkata West, WB, Ezra Street Room No 306 & 307 Folor - 3",india
S1-301002590,S2-926295795,address_number|address_token|address_token,address_token:584256|address_token:174880|name_prefix:8605|name_token:30618|address_token:534840|address_token:228724|name_token:8421|address_house:9414|address_city:139489|address_token:88699|address_token:15025|address_token:93496|address_number:18083|address_token:17943,0,0,0,0.0,0.261,0,Fortune Marketing Private Limited,फॉर्च्यून मार्केटिंग प्राइवेट लिमिटेड,"North Delhi, Ground Floor, 60 Foota Road Swaroop Vihar, Extn.Ip Colony, Blk-C, Villa, Ge Burari, Delhi, Kh.No.161 & 162, Delhi","Delhi, BURARI, KH.NO.0161 & 162, DELHI",india
S1-301002590,S2-249964016,address_number|address_token|address_token,address_token:584256|address_token:174880|name_prefix:8605|name_token:30618|address_token:534840|address_token:228724|name_token:8421|address_house:9414|address_city:139489|address_token:88699|address_token:15025|address_token:93496|address_number:18083|address_token:17943,0,0,0,0.0,0.24,0,Fortune Marketing Private Limited,फॉर्च्यून मार्केटिंग प्राइवेट लिमिटेड,"North Delhi, Ground Floor, 60 Foota Road Swaroop Vihar, Extn.Ip Colony, Blk-C, Villa, Ge Burari, Delhi, Kh.No.161 & 162, Delhi","DELHI, KH.NO.0161 & 162, दिल्ली, BURARI",india
S1-301002590,S3-757976352,name_prefix|name_token|name_token,address_token:584256|address_token:174880|name_prefix:8605|name_token:30618|address_token:534840|address_token:228724|name_token:8421|address_house:9414|address_city:139489|address_token:88699|address_token:15025|address_token:93496|address_number:18083|address_token:17943,1,1,1,0.667,0.0,0,Fortune Marketing Private Limited,Fortune Marketing Private Enterprises,"North Delhi, Ground Floor, 60 Foota Road Swaroop Vihar, Extn.Ip Colony, Blk-C, Villa, Ge Burari, Delhi, Kh.No.161 & 162, Delhi",,india
S1-466929347,S3-756147822,address_number|address_token|address_token|name_prefix|name_token,address_token:534840|address_token:245093|address_number:8363|address_token:5541|name_token:64038|address_city:139489|name_token:35145|name_prefix:17298,1,1,0,0.333,0.6,0,Delhi Exports Ltd,Delhi  Ltd Service,"Delhi, East Delhi, Delhi, Wa-117, T/F Shakarpur","Paprawat, Delhi, T/f Shakarpur, Wa-b3/117, DL",india
S1-987927638,S3-837911381,address_token|address_token|address_token|address_token|address_token|address_token|address_token,address_token:245093|address_token:360514|address_token:41417|name_prefix:8499|address_token:14342|address_token:341972|name_token:11883|address_token:171133|address_city:14094|address_token:9858|name_token:18301|name_token:17044|address_token:11669|address_token:343014,0,0,0,0.0,0.435,0,City Om Infotech Private Limited,सिटी ॐ इंफोटेक प्राइवेट लिमिटेड,"Flat No. 313 Indra Prastha-I D Wing, Plot No. 1 Malad E, Opp. Jitendra, Mumbai, Bandra Suburban, Maharashtra","Flat No. 315 Indra Prastha-i D Wing, महाराष्ट्र, Bandra Suburban, Mumbai",india
S1-987927638,S3-387844794,address_city|address_token|address_token|address_token|address_token|address_token|address_token|address_token|address_token|address_token|address_token|address_token,address_token:245093|address_token:360514|address_token:41417|name_prefix:8499|address_token:14342|address_token:341972|name_token:11883|address_token:171133|address_city:14094|address_token:9858|name_token:18301|name_token:17044|address_token:11669|address_token:343014,0,0,0,0.0,0.8,0,City Om Infotech Private Limited,सिटी ॐ इंफोटेक प्राइवेट लिमिटेड,"Flat No. 313 Indra Prastha-I D Wing, Plot No. 1 Malad E, Opp. Jitendra, Mumbai, Bandra Suburban, Maharashtra","Flat No. 315 Indra Prastha-i D Wing, Mumbai, Plot No. 1 Malad E, Opp. Jitendra, MH, Bandra Suburban",india
S1-845792643,S3-711206040,address_token|address_token|address_token|address_token,name_prefix:23701|name_token:9079|name_token:33039|address_token:139352|address_token:22408|address_token:5131|address_token:43735,0,0,0,0.0,0.417,0,Jain Consultants Private Limited,जैन कंसल्टेंट्स प्राइवेट लिमिटेड,"Bihar, Bhimseria House, Ps Town, Muzaffarpur, Purani Gudri Road Po Rmna","Bhimseria House, Ps Town, Muzaffarpur, BR",india
S1-944175830,S3-457079083,address_house|address_token|address_token|name_prefix,address_house:7653|address_token:6853|address_token:584256|address_token:360514|address_token:41417|address_number:9876|name_token:22563|address_token:234608|address_token:42703|name_prefix:10254|address_token:343014,1,1,0,0.0,0.176,0,Parihar Infrastructure Limited,Pariharinfrastructure.Com,"4Th Floor, Unit No. 403 C Wing, Delphi, Hiranandani Gardens, Pow, Ai, Mumbai, Mumbai City, Maharashtra","Mumbai City, #4Th Flor, Mumbai, MH",india
S1-427124042,S3-101562688,address_token|name_prefix,address_token:62994|name_token:20026|address_token:584256|name_prefix:32847|address_token:234608|address_house:67232|name_token:12158|address_number:41143|address_token:73068|address_token:66761|address_token:173038|name_token:35547|name_token:73690,0,0,0,0.0,0.19,0,New Welfare Society Group,#newwelfare,"M 5/3, Forth Floor, Dlf City, Phase 2 Sector 25, Sikanderpur Ghosi, Gurgaon, Haryana","Block A-306/6 M 5/3, Gurgaon, Rohtak, HR",india
S1-427124042,S2-124270014,address_house|address_token|name_token|name_token|name_token,address_token:62994|name_token:20026|address_token:584256|name_prefix:32847|address_token:234608|address_house:67232|name_token:12158|address_number:41143|address_token:73068|address_token:66761|address_token:173038|name_token:35547|name_token:73690,0,0,0,0.75,0.222,0,New Welfare Society Group,LLP Welfare Society New,"M 5/3, Forth Floor, Dlf City, Phase 2 Sector 25, Sikanderpur Ghosi, Gurgaon, Haryana","M 5/3, GURGAON, हरियाणा",india
S1-427124042,S3-537715956,name_prefix|name_token|name_token|name_token,address_token:62994|name_token:20026|address_token:584256|name_prefix:32847|address_token:234608|address_house:67232|name_token:12158|address_number:41143|address_token:73068|address_token:66761|address_token:173038|name_token:35547|name_token:73690,1,1,1,0.75,0.143,0,New Welfare Society Group,New Welfare Society,"M 5/3, Forth Floor, Dlf City, Phase 2 Sector 25, Sikanderpur Ghosi, Gurgaon, Haryana","Block A-306/6 M 5/3, Rohtak, HR",india
S1-427124042,S3-965076686,name_prefix|name_token|name_token|name_token,address_token:62994|name_token:20026|address_token:584256|name_prefix:32847|address_token:234608|address_house:67232|name_token:12158|address_number:41143|address_token:73068|address_token:66761|address_token:173038|name_token:35547|name_token:73690,1,1,1,0.75,0.0,0,New Welfare Society Group,New Welfare Society,"M 5/3, Forth Floor, Dlf City, Phase 2 Sector 25, Sikanderpur Ghosi, Gurgaon, Haryana",,india
S1-199173330,S3-503602800,address_city|address_house|address_number|address_token|address_token|address_token|address_token|address_token|address_token|address_token|address_token,address_token:24890|address_token:534840|address_token:245093|address_token:202085|address_token:228724|name_token:229501|address_token:139352|address_house:25954|address_number:61990|address_city:139489|address_token:356701,0,0,0,0.0,0.917,0,Ratnaraj Marketings (India) Private Limited,Nexwex,"House No 17, Block-Bg, Shalimar Bagh East, Delhi, North West Delhi, Delhi","House No 17, Block-bg, Shalimar Bagh East, Delhi, North West Delhi, DL",india
S1-903975818,S3-359899388,address_house|address_number|address_token|address_token|name_prefix,address_token:113422|address_number:24309|address_token:124809|address_token:38607|address_house:10990|address_number:22773|address_token:113365,1,0,0,0.0,0.286,0,Avail Cast,availcast.com,"Room No: 44, 38 Arcot Road, Vadapalani, Chennai, Tamil Nadu","Room No: 44, Chennai, தமிழ்நாடு",india
S1-548445967,S3-952192029,address_house|address_number|address_token|address_token|address_token|address_token,address_token:8999|address_token:18046|address_token:103662|address_token:89474,0,0,0,0.0,0.357,0,Daskroi Owners Private Limited,Lumvera,"Ahmedabad, 611 Palak Prime, Daskroi, Gujarat, Opp Double Tree Hilton Hotel Ambli Road","Daskroi, 611 Palak Prime, GJ, Ahmedabad",india
S1-274559466,S3-715572180,address_house|address_number|address_token|address_token|address_token|name_prefix,name_prefix:7102|address_token:18046|address_house:6958|address_token:103662|name_token:28619|name_token:12098|address_token:97296|address_number:11199|address_token:89474|address_token:24485|address_token:234608,0,0,0,0.0,0.25,0,One Agro LLP,oneagro.com,"501, Shapath Complex 1, Sui, #1291, Nr. Pakvan Hotel, Ahmadabad City, Ahmedabad, Gujarat","501, Ahmadabad City, Ahmedabad, ગુજરાત",india
S1-99419979,S3-292525255,address_token|address_token|address_token,name_token:31661|name_token:9482|address_token:126959|address_house:15010|address_token:79275|name_prefix:13481,0,0,0,0.0,0.3,0,Aditya Consultancy Private Limited,ಆದಿತ್ಯ ಕನ್ಸಲ್ಟೆನ್ಸಿ ಪ್ರೈವೇಟ್ ಲಿಮಿಟೆಡ್,"Parvati Nilaya, 2Nd Cross Chatra Road Byadgi, Byadgi, Haveri, Karnataka","Parvati Nilaya, Byadgi, KA",india
S1-599854036,S2-799518798,address_house|address_number|address_token|address_token|address_token,address_token:15683|address_number:7494|address_token:10906|name_token:8929|address_token:258312|name_prefix:7296|address_token:136558|name_token:70701,0,0,0,0.0,0.267,0,Dynamic Trading Private Limited,डायनामिक ट्रेडिंग प्राइवेट लिमिटेड,"Agra, Uttar Pradesh, Khasra No. 120 Nagla Parshoti, Agra, Ani Abadi","120 NAGLA PARSHOTI, AGRA, उत्तर प्रदेश",india
S1-737101948,S3-396091113,address_number|address_token|address_token|address_token|name_prefix|name_token,name_prefix:81819|address_token:341972|address_token:96183|address_number:11239|address_token:173038|name_token:25836|address_token:343014|name_token:70701|address_house:132166,1,1,0,0.333,0.375,0,Shree Trading Pvt Ltd,Shree Pvt Ltd Service,"Sector 1, Shirawne, Nerul, Plot No 85, Thane, Maharashtra","Door No 85, Sector 1, Shirawne, Greater Mumbai, Thane, महाराष्ट्र",india
S1-737101948,S2-271867027,address_number|address_token|address_token|address_token,name_prefix:81819|address_token:341972|address_token:96183|address_number:11239|address_token:173038|name_token:25836|address_token:343014|name_token:70701|address_house:132166,0,0,0,0.0,0.444,0,Shree Trading Pvt Ltd,5hree Pvt Ltd Services,"Sector 1, Shirawne, Nerul, Plot No 85, Thane, Maharashtra","#85, THANE, Maharashtra, NERUL",india
S1-299775913,S3-872881756,address_house|address_number|address_token|name_prefix|name_token,address_token:32390|name_token:9377|name_token:9544|address_house:7773|address_number:13368|address_token:171133|name_prefix:10444|address_token:343014,1,1,1,0.333,0.3,0,Tirupati Sangh,Tirupati  5angh,"Flat No 204, Achraj Aristo, Nagpur, Maharashtra","H.no A-204, Nagpur, MH",india
S1-36055543,S3-937121943,name_prefix|name_token|name_token|name_token,address_token:88699|address_token:534840|address_token:245093|address_token:341972|name_prefix:16219|address_house:62816|address_city:139489|name_token:35145|name_token:12593|name_token:52972,1,1,1,0.6,0.0,0,East Delhi Technocrates Partners,East Delhi Techcnorates-Partners,"Plot No. 6, T/F, Lsc, Rishabh Vihar, East Delhi, Delhi",,india
S1-813361737,S3-653392148,address_number|address_token|address_token|address_token|address_token,address_number:17910|address_token:167047|name_token:39954|address_token:554778|name_token:8640|address_token:82090|name_prefix:11393|address_house:95139,0,0,0,0.0,0.583,0,Swastik Foundation Private Limited,స్వస్తిక్ ఫౌండేషన్ ప్రైవేట్ లిమిటెడ్,"H.No.2-62/1, Kakatiya Nagar, Habsiguda, Hyderabad. Habsiguda, Hyderabad., Habsiguda, Hyderabad., Telangana","No 8-62/1, Kakatiya Nagar, Habsiguda, Hyderabad. Habsiguda, Hyderabad., Habsiguda, Hyderabad., TG",india
S1-813361737,S2-290201063,address_house|address_number|address_token|address_token|address_token|address_token,address_number:17910|address_token:167047|name_token:39954|address_token:554778|name_token:8640|address_token:82090|name_prefix:11393|address_house:95139,0,0,0,0.0,0.692,0,Swastik Foundation Private Limited,స్వస్తిక్ ఫౌండేషన్ ప్రైవేట్ లిమిటెడ్,"H.No.2-62/1, Kakatiya Nagar, Habsiguda, Hyderabad. Habsiguda, Hyderabad., Habsiguda, Hyderabad., Telangana","KAKATIYA NAGAR, HABSIGUDA, HYDERABAD. HABSIGUDA, HYDERABAD., HABSIGUDA, H.NO.D/2-62/1, Andhra Pradesh, HYDERABAD.",india
S1-590915337,S2-37792071,address_house|address_token|address_token,name_prefix:10429|name_token:10678|name_token:64038|address_house:95139|address_token:171715|address_token:343014|address_token:171133|name_token:8697,0,0,0,0.0,0.333,0,Balaji Classic Exports Private Limited,बालाजी क्लासिक एक्सपोर्ट्स प्राइवेट लिमिटेड,"Flat No. B 2, 407, Satyam Shivam Someshwarwadi, Pashan, Pune, Pune, Maharashtra","PUNE, महाराष्ट्र, FLAT NO. B 2",india
S1-670090218,S2-793829686,address_house|address_number|address_token|address_token|address_token,address_token:245093|name_token:9831|name_prefix:55481|address_token:360514|address_city:55154|address_token:5098|address_token:174880|address_token:14342|name_token:8784|address_token:234608|name_token:163685|address_token:15396|address_token:343014,0,0,0,0.0,0.333,0,Indo Prime Services Private Limited,इंडो प्राइम सर्विसेज प्राइवेट लिमिटेड,"658/B, Squatters Colony, Chincholi Gate Near Flyover Bridge, Malad East, Mumbai, Mumbai City, Maharashtra","658/B, BOMBAY, MUMBAI CITY, Maharashtra",india
S1-670090218,S2-982133034,address_house|address_number|address_token|address_token|address_token,address_token:245093|name_token:9831|name_prefix:55481|address_token:360514|address_city:55154|address_token:5098|address_token:174880|address_token:14342|name_token:8784|address_token:234608|name_token:163685|address_token:15396|address_token:343014,0,0,0,0.0,0.333,0,Indo Prime Services Private Limited,इंडो प्राइम सर्विसेज प्राइवेट लिमिटेड,"658/B, Squatters Colony, Chincholi Gate Near Flyover Bridge, Malad East, Mumbai, Mumbai City, Maharashtra","658/B, MUMBAI CITY, BOMBAY, Maharashtra",india
S1-208168440,S2-387707100,address_city|address_token|address_token|address_token|address_token|address_token,address_city:55154|address_token:10440|address_number:12858|name_token:34269|address_token:360514|name_prefix:13224|address_token:343014|name_token:22563|address_token:6625|address_token:356701,0,0,0,0.0,0.562,0,Global Infrastructure Private Limited,Ca1oriza,"Sh No.G 100, The Zone Chandavarkar, Borivali West, Mumbai, Maharashtra","SH NO.G 10, THE ZONE CHANDAVARKAR, BORIVALI WEST, MUMBAI, महाराष्ट्र",india
S1-936042473,S3-587581722,address_house|address_number|address_token|name_prefix|name_token,name_token:10593|name_prefix:8740|name_token:34269|address_token:240821|address_token:126959|address_token:15349|address_token:13884|address_token:12627,1,1,0,0.333,0.154,0,Sree Global Private Limited,Sree Goloal Private Limited,"703, Ncc Ivory Heights, Byatarayanapura, Outer Ring Road, Kr Puram, Bangalore, Karnataka","703, Bangalore, KA",india
S1-936042473,S3-387390990,address_house|address_number|address_token,name_token:10593|name_prefix:8740|name_token:34269|address_token:240821|address_token:126959|address_token:15349|address_token:13884|address_token:12627,0,0,0,0.0,0.154,0,Sree Global Private Limited,ಶ್ರೀ ಗ್ಲೋಬಲ್ ಪ್ರೈವೇಟ್ ಲಿಮಿಟೆಡ್,"703, Ncc Ivory Heights, Byatarayanapura, Outer Ring Road, Kr Puram, Bangalore, Karnataka","703, Bangalore, KA",india
S1-936042473,S3-20916512,address_house|address_number|address_token,name_token:10593|name_prefix:8740|name_token:34269|address_token:240821|address_token:126959|address_token:15349|address_token:13884|address_token:12627,0,0,0,0.0,0.154,0,Sree Global Private Limited,ಶ್ರೀ ಗ್ಲೋಬಲ್ ಪ್ರೈವೇಟ್ ಲಿಮಿಟೆಡ್,"703, Ncc Ivory Heights, Byatarayanapura, Outer Ring Road, Kr Puram, Bangalore, Karnataka","703, Bangalore, KA",india
S1-936042473,S2-136832600,address_house|address_number|address_token,name_token:10593|name_prefix:8740|name_token:34269|address_token:240821|address_token:126959|address_token:15349|address_token:13884|address_token:12627,0,0,0,0.0,0.133,0,Sree Global Private Limited,ಶ್ರೀ ಗ್ಲೋಬಲ್ ಪ್ರೈವೇಟ್ ಲಿಮಿಟೆಡ್,"703, Ncc Ivory Heights, Byatarayanapura, Outer Ring Road, Kr Puram, Bangalore, Karnataka","703, BANGALORE, ಕರ್ನಾಟಕ",india
S1-179923860,S3-617247071,address_house|address_number|address_token|address_token|address_token|address_token|name_token|name_token|name_token,name_token:229501|address_token:72724|address_token:258312|address_token:136558|address_house:10855|address_token:5821|address_token:584256|address_token:40324|address_token:5348|address_token:341972|address_number:21686|address_token:554778|name_token:43926|address_token:44513,0,0,0,0.75,0.348,0,Purandar Service (India) Private Limited,Dr Purandar Service (India) Private Ltd,"Plot H-01 B-1, 2Nd & 3Rd Floor(1/2 Portion), Dmic Integrated Industrial Township, Dadri, Gautam Buddha Nagar, Uttar Pradesh","Plot H-01 B-1, Gautam Buddha Nagar Dist, Gautam Buddha Nagar, UP",india
S1-671300245,S2-992579101,name_prefix|name_token,name_prefix:19161|address_token:103662|address_token:89474,1,0,0,0.25,0.0,0,Sola System Private Limited,SOLA PRlVATE LIMITED SERVICES,"Shukanmall, Sciencecityroad, Sola, Ahmedabad, Gujarat",,india
S1-777920323,S2-658536108,address_number|address_token|address_token,name_prefix:16820|name_token:229501|address_token:18948|address_token:84918|address_token:171715|address_token:343014,0,0,0,0.0,0.278,0,Goldmoon India Private Limited,Zephectomira,"Sr No.144, Shop No.5, Vishwa Hights, Manterwadi Cho, Haveli, Haveli, Pune, Maharashtra","DOOR NO 636- SR NO.144, PUNE, HAVELI, महाराष्ट्र",india
S1-984987783,S3-848976839,address_house|address_number|address_number|address_token,address_number:100244|address_token:584256|address_token:167047|name_token:9042|address_token:82090|address_number:10143|address_house:37464,0,0,0,0.0,0.4,0,Noble Vidyalaya Private Limited,N0ble Private Limited Service,"11-3-110, 2Nd Floor, New Mallepally, Hyderabad, Telangana","11-3-110, Hyderabad, TG",india
S1-984987783,S3-645458935,address_house|address_number|address_number|address_token|name_prefix,address_number:100244|address_token:584256|address_token:167047|name_token:9042|address_token:82090|address_number:10143|address_house:37464,1,0,0,0.0,0.4,0,Noble Vidyalaya Private Limited,@noblevidyalaya,"11-3-110, 2Nd Floor, New Mallepally, Hyderabad, Telangana","11-3-110, Hyderabad, TG",india
S1-297057173,S3-869498111,address_house|address_number|address_token|address_token,address_house:15617|name_prefix:7763|address_number:30746|address_token:584256|address_token:153726|address_token:80020|name_token:25057|address_token:102880|name_token:9167|address_token:356701,0,0,0,0.0,0.3,0,Red Products Private Limited,privateproducts.com,"32, Chowranghee Road 8Th Floor, Kolkata, Kolkata, Howrah, West Bengal","32, Kolkata, Howrah, WB",india
S1-636433498,S3-598264052,address_city|address_house|address_number|address_token|address_token,name_token:9238|name_token:8446|name_prefix:7533|address_house:18912|address_token:534840|name_token:22466|address_number:41143|address_token:356701|address_city:139489|address_token:108326,0,0,0,0.0,0.556,0,First Shivam Energy Limited,फर्स्ट शिवम एनर्जी लिमिटेड,"D-25, Rajdhani Park, Nangloi, New Delhi, West Delhi, Delhi","D-25, New Delhi, West Delhi, DL",india
S1-300972325,S3-825066325,address_house|address_number|address_token|address_token|address_token|address_token,address_house:13397|address_number:27044|name_token:229501|address_token:50340|address_token:58691|name_token:53012|address_token:71965,0,0,0,0.0,1.0,0,Ranju (India) Technologies,Fayebelolyra,"Pn C-35 Fla Shekhawat, Enclave La, Jaipur, Rajasthan","Enclave La, Pn C-35 Fla Shekhawat, Jaipur, Rajasthan, Jaipur",india
S1-64104280,S3-68727391,address_token|address_token|address_token|address_token,address_token:139352|address_token:89474|address_token:108326|name_prefix:8234|address_token:202085|address_token:8999|address_house:71183|address_token:103662|address_token:8965|name_token:9284|address_token:15935|name_token:18301,0,0,0,0.0,0.286,0,Innovative Infotech Private Limited,ઇનોવેટિવ ઇન્ફોટેક પ્રાઇવેટ લિમિટેડ,"Corporate House No. 4, B Block Navratna Corporate Park, Bopal- Ambli Road, Jayantilal Park Brts, Opposite Dishman Pharma House, Daskroi, Ahmedabad, Gujarat","##106 Corporate House No. 4, Daskroi, Ahmedabad, GJ",india
S1-64104280,S3-215608270,address_token|address_token|address_token|address_token,address_token:139352|address_token:89474|address_token:108326|name_prefix:8234|address_token:202085|address_token:8999|address_house:71183|address_token:103662|address_token:8965|name_token:9284|address_token:15935|name_token:18301,0,0,0,0.0,0.286,0,Innovative Infotech Private Limited,ઇનોવેટિવ ઇન્ફોટેક પ્રાઇવેટ લિમિટેડ,"Corporate House No. 4, B Block Navratna Corporate Park, Bopal- Ambli Road, Jayantilal Park Brts, Opposite Dishman Pharma House, Daskroi, Ahmedabad, Gujarat","##106 Corporate House No. 4, Daskroi, Ahmedabad, GJ",india
S1-64104280,S3-314432274,address_token|address_token|address_token|address_token,address_token:139352|address_token:89474|address_token:108326|name_prefix:8234|address_token:202085|address_token:8999|address_house:71183|address_token:103662|address_token:8965|name_token:9284|address_token:15935|name_token:18301,0,0,0,0.0,0.273,0,Innovative Infotech Private Limited,ઇનોવેટિવ ઇન્ફોટેક પ્રાઇવેટ લિમિટેડ,"Corporate House No. 4, B Block Navratna Corporate Park, Bopal- Ambli Road, Jayantilal Park Brts, Opposite Dishman Pharma House, Daskroi, Ahmedabad, Gujarat","Door No #106 Corporate House No. 4, Daskroi, Ahmedabad, GJ",india
S1-577322201,S2-532106337,address_token|address_token|address_token|address_token,address_token:16694|address_token:52464|name_token:71714|address_token:171133|address_token:12587,0,0,0,0.0,0.357,0,Vm Solutions Pvt. Ltd.,vmsolutions.com,"Flat Gl, Nikunjam Estates Jagathy Jn. Thycaud P.O, Thiruvananthapuram, Thiruvananthapuram, Trivandrum, Kerala","PLOT 118  FLAT GL, THIRUVANANTHAPURAM, TRIVANDRUM, Kerala",india
S1-635390945,S3-489110455,address_house|address_number|address_token|address_token|address_token|address_token,address_token:113422|address_token:554778|name_token:15498|address_token:7571|name_token:30224|address_token:113365|address_house:31951|name_prefix:13808|address_token:5938|address_number:81035,0,0,0,0.0,0.6,0,Sai Engineering Limited,சாய் இன்ஜினியரிங் லிமிடெட்,"No.14, Parthasaradhi Nagar, Ambattur, Tiruvallur, Tamil Nadu","H.no #14, Parthasaradhi Nagar, Ambattur, Tiruvallur, TN",india
S1-635390945,S2-162986202,address_house|address_number|address_token|address_token|address_token,address_token:113422|address_token:554778|name_token:15498|address_token:7571|name_token:30224|address_token:113365|address_house:31951|name_prefix:13808|address_token:5938|address_number:81035,0,0,0,0.0,0.5,0,Sai Engineering Limited,சாய் இன்ஜினியரிங் லிமிடெட்,"No.14, Parthasaradhi Nagar, Ambattur, Tiruvallur, Tamil Nadu","Tamil Nadu, #14, TIRUVALLUR",india
S1-635390945,S3-594382620,address_house|address_number|address_token|address_token|name_token,address_token:113422|address_token:554778|name_token:15498|address_token:7571|name_token:30224|address_token:113365|address_house:31951|name_prefix:13808|address_token:5938|address_number:81035,0,0,0,0.333,0.333,0,Sai Engineering Limited,5ai Engineering,"No.14, Parthasaradhi Nagar, Ambattur, Tiruvallur, Tamil Nadu","##14, Ambattur, Tiruvallur, TN",india
S1-635390945,S2-79685471,address_house|address_number|address_token|address_token|address_token|address_token,address_token:113422|address_token:554778|name_token:15498|address_token:7571|name_token:30224|address_token:113365|address_house:31951|name_prefix:13808|address_token:5938|address_number:81035,0,0,0,0.0,0.625,0,Sai Engineering Limited,சாய் இன்ஜினியரிங் லிமிடெட்,"No.14, Parthasaradhi Nagar, Ambattur, Tiruvallur, Tamil Nadu","#14, TIRUVALLUR, AMBATTUR, Tamil Nadu",india
S1-635390945,S2-809225753,address_house|address_number|address_token,address_token:113422|address_token:554778|name_token:15498|address_token:7571|name_token:30224|address_token:113365|address_house:31951|name_prefix:13808|address_token:5938|address_number:81035,0,0,0,0.0,0.25,0,Sai Engineering Limited,சாய் இன்ஜினியரிங் லிமிடெட்,"No.14, Parthasaradhi Nagar, Ambattur, Tiruvallur, Tamil Nadu","NO 14, AMBATTUR, தமிழ்நாடு",india
S1-322451659,S3-895612104,address_token|address_token|address_token|address_token,address_token:26214|name_prefix:8871|address_house:12472|address_token:139352|address_number:23930|address_token:174880|name_token:53012|name_token:13840|address_token:7529,0,0,0,0.0,0.385,0,Real Technologies LLP,ਰੀਅਲ ਟੈਕਨਾਲੋਜੀਜ਼ ਐਲਐਲਪੀ,"House Number 41-A, Inderprasth Colony Goniana Road, Bhatinda, Bathinda, Punjab","PB, Bathinda, Bhatinda, House Number 041-A",india
S1-322451659,S2-715215783,address_house|address_number|address_token|address_token|address_token|address_token,address_token:26214|name_prefix:8871|address_house:12472|address_token:139352|address_number:23930|address_token:174880|name_token:53012|name_token:13840|address_token:7529,0,0,0,0.0,0.429,0,Real Technologies LLP,ਰੀਅਲ ਟੈਕਨਾਲੋਜੀਜ਼ ਐਲਐਲਪੀ,"House Number 41-A, Inderprasth Colony Goniana Road, Bhatinda, Bathinda, Punjab","HOUSE NUMBER 41-A, BATHINDA, BHATINDA, ਪੰਜਾਬ",india
S1-324301586,S2-117833266,name_prefix|name_token,address_token:167047|address_token:341972|name_prefix:9608|address_number:74141|address_token:8028|address_token:554778|address_token:82090|address_house:31951|address_number:81035|name_token:9583,1,1,1,0.333,0.0,0,Hyderabad Luxury,HYDERABAD LXAOUY,"Plot No 14, 15, Hanuman Nagar, Uppuguda, Hyderabad, Telangana",,india
S1-471800407,S2-802219433,address_token|address_token|address_token|address_token|address_token|address_token,address_house:7653|address_city:40275|address_number:8179|address_number:12710|address_token:32701|name_token:17149|address_token:6001|address_token:228724|name_token:8346|address_token:240821|address_token:126959|name_token:8929|name_prefix:7296|address_token:108326,0,0,0,0.0,0.538,0,Dynamic Alpha Investments LLP,ಡೈನಾಮಿಕ್ ಆಲ್ಫಾ ಇನ್ವೆಸ್ಟ್‌ಮೆಂಟ್ಸ್ ಎಲ್ಎಲ್‌ಪಿ,"Krishna Tech Park 4Th Flr, No.305/77P Pannathur, Bangalore North, Bangalore, Karnataka","BANGALORE, BANGALORE NORTH, Karnataka, KRISHNA TECH PARK 04TH FLR",india
S1-71229743,S2-210860694,address_house|address_number|address_number|address_token|address_token|address_token|address_token|address_token|address_token|address_token|name_token,address_token:88699|name_token:11305|address_token:62994|address_house:10554|address_token:341972|address_token:6239|address_number:19574|name_token:71714|address_token:73068|address_number:18802|address_token:66761|address_token:8466,0,0,0,0.25,1.0,0,Advisors Solutions Pvt Ltd,Shri Advisors Pvt Ltd Center,"Plot 51-52 Udyog Vihar, Phase Iv Gurgaon, Palam Road, Gurgaon, Haryana","PLOT 51-52 UDYOG VIHAR, PHASE IV GURGAON, PALAM ROAD, Haryana",india
S1-71229743,S3-272182980,address_house|address_number|address_number|address_token|address_token|address_token|address_token|address_token|address_token|address_token|name_prefix|name_token,address_token:88699|name_token:11305|address_token:62994|address_house:10554|address_token:341972|address_token:6239|address_number:19574|name_token:71714|address_token:73068|address_number:18802|address_token:66761|address_token:8466,1,1,1,0.5,1.0,0,Advisors Solutions Pvt Ltd,Advisors,"Plot 51-52 Udyog Vihar, Phase Iv Gurgaon, Palam Road, Gurgaon, Haryana","Palam Road, Phase Iv Gurgaon, Haryana, Plot 51-52 Udyog Vihar, Gurgaon",india
S1-71229743,S2-849107190,address_house|address_number|address_number|address_token|address_token|address_token|address_token|address_token|address_token|address_token|name_token|name_token,address_token:88699|name_token:11305|address_token:62994|address_house:10554|address_token:341972|address_token:6239|address_number:19574|name_token:71714|address_token:73068|address_number:18802|address_token:66761|address_token:8466,0,0,0,0.5,1.0,0,Advisors Solutions Pvt Ltd,Mr Advisors Solutions Solutions Pvt Límited,"Plot 51-52 Udyog Vihar, Phase Iv Gurgaon, Palam Road, Gurgaon, Haryana","PLOT 51-52 UDYOG VIHAR, PHASE IV GURGAON, PALAM ROAD, Haryana",india
S1-841191262,S2-146009425,address_house|address_token|address_token|name_prefix,address_token:534840|address_token:584256|address_token:50340|address_house:11044|name_prefix:12420,1,1,1,0.0,0.5,0,Sarasika Broadband Private Limited,sarasikabroadband.com,"3Rd Floor I-7, Thokar No. 4, Abul Fazal Enclave-I, Delhi","DOOR NO 3RD FLOOR I-7, THOKAR NO. 4, दिल्ली",india
S1-313317830,S3-971495764,address_token|address_token|address_token|address_token|name_token,address_token:171133|address_token:35701|name_prefix:6927|name_token:81699|address_token:5743|name_token:9300|address_token:39090|address_token:43735|address_token:38376,0,0,0,0.333,0.412,0,Al Enterprises Private Limited,अल Enterprises Private Limited,"C/O Sri Mukesh Kumar Singh, Flat No.- 316/D Hope Shivalik Appt., Ananduri, Patna, Bihar","C/o Sri Mukesh Kumar Singh, Patna, BR",india
S1-48007741,S3-253038613,address_house|address_number|address_number|address_number|address_token|address_token,address_token:6425|address_token:82090|name_token:9751|address_number:30746|address_token:584256|address_house:71183|name_prefix:10394|address_token:174880|name_token:26067|address_number:97569|address_token:341972|address_token:554778|address_number:13643|address_token:167047|address_token:93496,0,0,0,0.0,0.348,0,Dream Infra Private Limited,డ్రీమ్ ఇన్‌ఫ్రా ప్రైవేట్ లిమిటెడ్,"H No 4-32-1026/12/6, Plot No- 72, Ground Floor Tulasi Nagar, Allwyn Colony, Medchal-Mal, Kajgiri, Kukatpally, Hyderabad, Telangana","H.no 4-32-1026/12/6, Kukatpally, Rangareddy, TG",india
S1-413813258,S3-436462742,name_prefix|name_token|name_token,address_token:17866|address_token:40417|name_prefix:7358|address_token:341972|name_token:81699|address_token:554778|address_token:97296|address_token:258312|address_token:6625|address_token:372030,1,1,1,0.667,0.0,0,Blaze Enterprises Private Limited,Blaze Enterprises Prdvte Limited,"Plot No. 162, Ashirwad Complex, Zone - 1, Bhopal, M.P. Nagar, Madhya Pradesh, S - 1",,india
S1-587714900,S3-522644622,address_city|address_house|address_token|address_token,address_token:534840|address_token:13966|address_house:80971|name_prefix:8126|name_token:64038|name_token:12098|address_city:139489|name_token:13316|address_token:372030,0,0,0,0.0,0.583,0,North One Exports Private Limited,नॉर्थ वन एक्सपोर्ट्स प्राइवेट लिमिटेड,"South Delhi, Basement Jangpura-A, H.No. I-3, Delhi, New Delhi","H.no. I-3/7, South Delhi, New Delhi, DL",india
S1-167944718,S3-666114113,address_house|address_token|address_token|address_token|name_prefix|name_token|name_token,address_token:113422|name_token:10593|address_token:36446|name_prefix:8740|name_token:22466|address_token:171133|address_token:81689|address_token:113365|address_house:95139,1,1,1,0.667,0.385,0,Sree Energy Private Limited,Sree Energy Ptrihvirate (Limited),"Flat At Tower 2, 8 S1, Kgisl Platina, Keeranatham, Coimbatore, Tamil Nadu","Flat At Tower ##2, Coimbatore, TN",india
S1-94645430,S2-819734944,address_number|address_token,name_token:10064|address_number:77778|address_house:15300|address_token:11516|name_prefix:6927|address_token:66761|name_token:17534|address_number:26513|address_token:173038|address_token:97296|name_token:9300,0,0,0,0.0,0.231,0,Al United Food Private Limited,अल यूनाइटेड फूड प्राइवेट लिमिटेड,"Dss 101, Shopping Complex, Sector 13, Hisar, Haryana","HN 97 DSS 101, HISAR, हरियाणा",india
S1-540686666,S2-323030029,address_number|address_token|address_token|address_token,address_token:113422|address_token:47702|name_prefix:7396|address_house:80971|address_token:36446|name_token:27880|address_token:113365|name_token:8697,0,0,0,0.0,0.4,0,Classic Foods Private Limited,கிளாசிக் ஃபுட்ஸ் பிரைவேட் லிமிடெட்,"3/955, Tamil Nadu, Tiruppur, Velayuthampalayam Post Avinashi, Coimbatore","03/955, TIRUPPUR, Tamil Nadu",india
S1-540686666,S2-213724535,address_number|address_token,address_token:113422|address_token:47702|name_prefix:7396|address_house:80971|address_token:36446|name_token:27880|address_token:113365|name_token:8697,0,0,0,0.0,0.143,0,Classic Foods Private Limited,கிளாசிக் ஃபுட்ஸ் பிரைவேட் லிமிடெட்,"3/955, Tamil Nadu, Tiruppur, Velayuthampalayam Post Avinashi, Coimbatore","03/955, TIRUPPUR, தமிழ்நாடு",india
S1-944014171,S2-982466654,address_token|address_token|address_token|address_token,name_prefix:7297|name_token:27880|name_token:9607|address_token:66761|address_token:6292,0,0,0,0.0,0.4,0,Laxmi Foods Private Limited,लक्ष्मी फूड्स प्राइवेट लिमिटेड,"Kabari Roadpanipat, Haryana, Karnal, Haryana","HN A-168 KABARI ROADPANIPAT, KARNAL, HARYANA, हरियाणा",india
S1-145030082,S3-324880195,address_token|address_token|name_prefix|name_token|name_token,name_prefix:11555|address_token:84918|name_token:22080|address_token:66761|address_token:41184|name_token:8856,1,1,1,0.222,0.273,0,Premier Business Private Limited,Premier Business प्राइवेट लिमिटेड,"Hissar, Shop No 419, Haryana, Hissar, Auto Market, Barwala Road","Shop No 41, Hissar, HR",india
S1-145030082,S3-336136491,address_token|address_token|name_token|name_token,name_prefix:11555|address_token:84918|name_token:22080|address_token:66761|address_token:41184|name_token:8856,0,0,0,0.667,0.273,0,Premier Business Private Limited,Phvie Premier Business Limited,"Hissar, Shop No 419, Haryana, Hissar, Auto Market, Barwala Road","Shop No 41, Hissar, HR",india
S1-638211799,S3-436025812,address_city|address_house|address_number|address_token|address_token|name_prefix,address_token:534840|address_token:245093|address_number:13805|address_house:6977|address_city:139489|address_token:5174|address_token:39568,0,0,0,0.0,0.429,0,Nvs Online Private Limited,nvsonline.com,"78, Ugf, Rani Garden, East Delhi, Delhi","78, East Delhi, DL",india
S1-561540579,S3-185697230,address_number|address_token|address_token|name_prefix|name_token,name_token:22412|address_token:360514|address_number:58224|address_token:343014|address_token:356701|address_token:234608|address_token:171133|address_house:95139,1,1,1,0.333,0.25,0,ZQF Consulting Private Limited,ZQF Cónsu1ting Private Ltd,"Hemkutir, Flat No.2 R.A. Kidwai Road, Wadala West, Mumbai City, 18/4, Mumbai, Maharashtra","18/4, Mumbai, MH, Mumbai City",india
S1-920935635,S3-321460836,name_token|name_token,address_token:113422|name_token:73444|address_house:95139|address_token:97296|address_token:113365,0,0,0,0.75,0.0,0,Fresh & Brothers Private Limited,Smt Fresh & Brothers Private Ltd,"B-2, G.V.Complex, Tvs Tollgate, Trichy, Tiruchirappalli, Tamil Nadu",,india
S1-773321795,S3-922164265,address_token|address_token,name_token:229501|name_token:39954|name_prefix:6580|address_token:14551|address_token:82977|address_token:171715|address_token:343014,0,0,0,0.0,0.182,0,Foundation Firefly India Corp,Arcvantage,"Midc, Administration Building, Baramati, Pune, Maharashtra","Micd, Pune, Baramati, महाराष्ट्र",india
S1-289628717,S2-132984607,address_token|address_token|address_token|address_token,address_token:534840|name_prefix:7358|name_token:8628|address_token:341972|address_token:5704|address_house:71183|name_token:74331|address_token:356701|address_token:114722|address_token:372030,0,0,0,0.0,0.312,0,Black Ventures Pvt Ltd,ब्लैक वेंचर्स प्रा. लि.,"Plot No-4, Kh No 478 Gopal Ngr Main Dhasa Rd Najafgarh, Newdelhi, South West Delhi, Delhi","PLOT NO-04, DELHI, SOUTH WEST DELHI, Delhi",india
S1-289628717,S2-498621434,address_token|address_token|address_token|address_token,address_token:534840|name_prefix:7358|name_token:8628|address_token:341972|address_token:5704|address_house:71183|name_token:74331|address_token:356701|address_token:114722|address_token:372030,0,0,0,0.0,0.312,0,Black Ventures Pvt Ltd,ब्लैक वेंचर्स प्रा. लि.,"Plot No-4, Kh No 478 Gopal Ngr Main Dhasa Rd Najafgarh, Newdelhi, South West Delhi, Delhi","PLOT NO-04, DELHI, SOUTH WEST DELHI, Delhi",india
S1-289628717,S3-918854086,address_token|address_token|address_token|address_token|address_token,address_token:534840|name_prefix:7358|name_token:8628|address_token:341972|address_token:5704|address_house:71183|name_token:74331|address_token:356701|address_token:114722|address_token:372030,0,0,0,0.0,0.389,0,Black Ventures Pvt Ltd,ब्लैक वेंचर्स प्रा. लि.,"Plot No-4, Kh No 478 Gopal Ngr Main Dhasa Rd Najafgarh, Newdelhi, South West Delhi, Delhi","No. 677 Plot No-4, Newdelhi, South West Delhi, दिल्ली",india
S1-58220105,S2-57280858,address_token|address_token|address_token|address_token,address_token:22225|name_prefix:7247|name_token:33039|name_token:9249|address_token:343014,0,0,0,0.0,0.833,0,Ace Consultants Private Limited,एस कंसल्टेंट्स प्राइवेट लिमिटेड,"Deep-Jyotigangapur Road, Nashik, Maharashtra","DEEP-JYOTIGANGAPUR ROAD, NASIK, NASHIK, Maharashtra",india
S1-567464097,S3-902793983,address_house|address_token,address_city:40275|address_token:240821|address_token:126959|address_token:43654|name_prefix:15165|address_token:22408|name_token:64038|address_house:62816|address_number:12721|name_token:8599,0,0,0,0.0,0.312,0,Southern Exports Private Limited,ಸದರ್ನ್ ಎಕ್ಸ್‌ಪೋರ್ಟ್ಸ್ ಪ್ರೈವೇಟ್ ಲಿಮಿಟೆಡ್,"New 6/4-1, Ward No. 76, Richmond Town, Primerose Road, Bangalore, Karnataka","New 6/4-1, Bangalore, ಕರ್ನಾಟಕ",india
S1-567464097,S2-577219127,address_token,address_city:40275|address_token:240821|address_token:126959|address_token:43654|name_prefix:15165|address_token:22408|name_token:64038|address_house:62816|address_number:12721|name_token:8599,0,0,0,0.0,0.278,0,Southern Exports Private Limited,ಸದರ್ನ್ ಎಕ್ಸ್‌ಪೋರ್ಟ್ಸ್ ಪ್ರೈವೇಟ್ ಲಿಮಿಟೆಡ್,"New 6/4-1, Ward No. 76, Richmond Town, Primerose Road, Bangalore, Karnataka","PLOT 842 NEW 6/4-1, BANGALORE, ಕರ್ನಾಟಕ",india
S1-689704113,S3-992905565,address_number|address_token|name_prefix|name_token|name_token,address_token:113422|address_token:36446|address_house:8113|address_number:15206|address_token:554778|name_token:30224|address_token:113365,1,1,1,0.667,0.154,0,Coimbatore Engineering Private Limited,Coimbatore Engineering Phfívahet Limited,"Tamil Nadu, 64, Coimbatore, Arul Jothi Nagar Rajamuthaiah Nagar, Podanur, Coimbatore","H.no 412 64, Coimbatore, TN",india
S1-364364045,S3-123466122,address_number|address_number|address_number|address_token|address_token|address_token|address_token|address_token|address_token|address_token|address_token,address_token:41892|address_number:32973|name_token:32737|address_token:360514|address_number:70557|name_prefix:11555|address_token:9774|name_token:8856|address_token:7123|address_token:14186|address_house:29653|address_token:26457|address_number:77778|address_token:173038|address_token:343014,0,0,0,0.0,0.812,0,Premier Technology Pvt Ltd,प्रीमियर टेक्नोलॉजी प्रा. लि.,"F-16:13, Sagar Co-Operative Housing Society, Sector-29, Vashi, Navi Mumbai, Maharashtra","987 F-16:13, Sagar Co-operative Housing Society, Sector-29, Navi Mumbai, Vashi, MH",india
S1-637443795,S2-265883706,address_house|address_number|address_token|address_token|address_token|name_prefix|name_token|name_token,address_house:18912|address_token:113422|address_token:36446|address_token:584256|name_prefix:11211|address_number:41143|name_token:21546|address_token:174880|address_token:113365|name_token:30618,1,1,1,0.5,0.455,0,Marketing Sindhu Constructions LLP,LLP Marketing Sdehu Constructions,"25 H, Coimbatore, 1St Floor Peons Colony Kavundampalayam, Tamil Nadu","NO 25 H, COIMBATORE, Tamil Nadu",india
S1-828766654,S3-488483584,address_city|address_house|address_number|address_token|address_token|name_prefix|name_token|name_token,address_token:534840|name_token:10678|name_token:8845|address_token:584256|address_token:61302|name_prefix:6880|name_token:22080|address_token:50340|address_city:139489|address_token:372030|address_house:10052|address_number:18550,1,1,1,0.5,0.5,0,Bombay Balaji Business Private Limited,Bombay Blaaji Business Private Limited,"D - 55, First Floor, Panchsheel Enclave, New Delhi, South Delhi, Delhi","D - #55, New Delhi, South Delhi, DL",india
S1-828766654,S2-194051525,address_city|address_house|address_number|address_token|address_token,address_token:534840|name_token:10678|name_token:8845|address_token:584256|address_token:61302|name_prefix:6880|name_token:22080|address_token:50340|address_city:139489|address_token:372030|address_house:10052|address_number:18550,0,0,0,0.0,0.444,0,Bombay Balaji Business Private Limited,बॉम्बे बालाजी बिजनेस प्राइवेट लिमिटेड,"D - 55, First Floor, Panchsheel Enclave, New Delhi, South Delhi, Delhi","D - 55, SOUTH DELHI, Delhi",india
S1-601351265,S3-780868798,name_exact|name_prefix|name_token|name_token,name_prefix:6814|address_token:108326|address_token:37738|address_token:341972|address_token:17545|address_token:360514|name_token:9793|address_token:343014|address_token:356701|name_token:24839|address_city:11962,1,1,1,0.667,0.0,0,Urban Finance Private Limited,Urban Finance Prívate Limited,"510 Shalimar Morya Park, Plot-B-2, Off. Link Road, Andheri West, Mumbai, Maharashtra",,india
S1-497578779,S3-310407283,address_token|name_prefix|name_token|name_token,address_token:10440|address_token:15935|name_token:25057|address_token:360514|address_token:43863|address_token:343014|address_token:82977|address_token:356701,1,1,1,1.0,0.133,0,HYC Products Private Limited,*** HYC Limited Private Products Products,"408, Saileela Building Opposite Moksha Plaza, Sv Road, Borivali(W, Est), Mumbai, Maharashtra","40, Mumbai, Est), MH",india
S1-706613631,S3-159230532,address_city|address_house|address_number|address_token|address_token|address_token|address_token|address_token|address_token|address_token|address_token|address_token|address_token,name_prefix:55481|name_token:229501|address_token:9006|address_city:59596|address_token:16098|address_token:202085|address_token:584256|address_token:14182|address_token:7474|address_token:534840|address_number:27044|address_token:228724|address_house:63089|address_token:173038|address_token:356701,0,0,0,0.0,1.0,0,India Quintus Lt Pvt Ltd,Fluxpyra,"H. No. 8, North West Delhi, 1St Floor, Block-A-1, Pocket-5, Sector-35, Rohini, Landmark Dda Flats, Delhi","H. No. 8, 1St Floor, Block-A-1, Pocket-5, Sector-35, Rohini, Landmark Dda Flats, Delhi, North West Delhi, Delhi",india
S1-644129919,S2-999465547,address_house|address_number|address_token|address_token|address_token,name_token:8653|address_token:17659|name_prefix:10712|address_number:7494|address_token:174880|address_token:171715|name_token:22563|address_token:343014,0,0,0,0.0,0.5,0,Arihant Infrastructure Private Limited,अरिहंत इंफ्रास्ट्रक्चर प्राइवेट लिमिटेड,"Survey No.120, Shivtirth Colony, Bhondve Wasti, Walhekarwadi, Pune, Maharashtra","SURVEY NO.120, PUNE, Maharashtra",india
S1-151332566,S2-181399361,address_house|address_number|address_token|address_token|address_token|address_token,address_token:360514|address_token:5892|address_token:24949|name_prefix:13960|address_token:11754|address_token:554778|name_token:23924|address_token:234608|address_token:81689|name_token:39807|address_token:343014|address_number:5836|address_token:5965|address_token:356701|address_token:372030,0,0,0,0.0,0.261,0,International Systems Private Limited,इंटरनेशनल सिस्टम्स प्राइवेट लिमिटेड,"B/702, 7Th Flr, J.S.Tower, Opp. Axis Bank, Mahavir Nagar, Dahanukar Wadi, Kandivali West, Mumbai City, Maharashtra","B/702, KANDIVALI WEST, MUMBAI CITY, महाराष्ट्र",india
S1-151332566,S2-587271694,address_house|address_number|address_token|address_token|address_token|address_token|address_token,address_token:360514|address_token:5892|address_token:24949|name_prefix:13960|address_token:11754|address_token:554778|name_token:23924|address_token:234608|address_token:81689|name_token:39807|address_token:343014|address_number:5836|address_token:5965|address_token:356701|address_token:372030,0,0,0,0.0,0.368,0,International Systems Private Limited,इंटरनेशनल सिस्टम्स प्राइवेट लिमिटेड,"B/702, 7Th Flr, J.S.Tower, Opp. Axis Bank, Mahavir Nagar, Dahanukar Wadi, Kandivali West, Mumbai City, Maharashtra","B/702, KANDIVALI WEST, MUMBAI CITY, Maharashtra",india
S1-837296703,S3-393969539,address_house|address_number|address_token|address_token,address_city:55154|address_number:5766|address_token:360514|address_token:41417|name_token:64038|address_token:42703|address_token:343014,0,0,0,0.0,0.231,0,Fresh Exports Private Limited,Kelozeph,"Unit 214, B Wing, Kanakia Wall Street, Mumbai, Maharashtra","Unit 214, Mumbai, महाराष्ट्र",india
S1-83536240,S2-391578000,name_prefix|name_token,address_token:113422|address_number:55826|name_prefix:13624|address_token:221790|address_token:113365|address_number:81035|address_token:124809|address_token:341972|address_token:554778|address_house:23309|address_number:112011|address_token:173038,1,1,0,0.25,0.0,0,Visual Venture Co,VISUAL CO-SERVICES,"New Door No 19, (Old No 10), Plot No 551 14Th Street, 4Th Sector, K.K. Nagar, Chennai, Tamil Nadu",,india
S1-83536240,S3-249242443,name_prefix|name_token,address_token:113422|address_number:55826|name_prefix:13624|address_token:221790|address_token:113365|address_number:81035|address_token:124809|address_token:341972|address_token:554778|address_house:23309|address_number:112011|address_token:173038,1,1,1,0.25,0.0,0,Visual Venture Co,Visual Vnetdire C0,"New Door No 19, (Old No 10), Plot No 551 14Th Street, 4Th Sector, K.K. Nagar, Chennai, Tamil Nadu",,india
S1-995391030,S2-545821154,address_token|address_token|address_token|address_token,address_number:5068|address_token:584256|name_token:9482|address_token:73068|name_token:17215|address_token:554778|address_token:240821|address_token:126959|address_token:97296|address_token:79275|name_prefix:13481|address_token:108326,0,0,0,0.0,0.368,0,Aditya Estate Private Limited,ಆದಿತ್ಯ ಎಸ್ಟೇಟ್ ಪ್ರೈವೇಟ್ ಲಿಮಿಟೆಡ್,"No 140/C, 1St Floor, Bn Complex, 1St Cross 3Rd Phase Manjunath Nagar, Near Manjunatha Park, Bangalore, Karnataka","DOOR NO 00140/C, NEAR MANJUNATHA PARK, BANGALORE, Karnataka",india
S1-995391030,S2-965807617,address_token|address_token|address_token|address_token,address_number:5068|address_token:584256|name_token:9482|address_token:73068|name_token:17215|address_token:554778|address_token:240821|address_token:126959|address_token:97296|address_token:79275|name_prefix:13481|address_token:108326,0,0,0,0.0,0.389,0,Aditya Estate Private Limited,ಆದಿತ್ಯ ಎಸ್ಟೇಟ್ ಪ್ರೈವೇಟ್ ಲಿಮಿಟೆಡ್,"No 140/C, 1St Floor, Bn Complex, 1St Cross 3Rd Phase Manjunath Nagar, Near Manjunatha Park, Bangalore, Karnataka","NO 00140/C, NEAR MANJUNATHA PARK, BANGALORE, Karnataka",india
S1-847768340,S2-620053,address_token|address_token|address_token,address_token:113422|address_token:36446|name_prefix:11804|address_number:41143|address_token:8860|name_token:21546|name_token:9076|address_token:113365,0,0,0,0.0,0.286,0,Guru Constructions,குரு கன்ஸ்ட்ரக்ஷன்ஸ்,"25Jyothi Theatre Road Tirupur, Coimbatore, Madurai, Tamil Nadu","27JYOTHI THEATRE ROAD TIRUEUR, COIMBATORE, MADURAI, தமிழ்நாடு",india
S1-6375673,S3-926259374,address_city|address_number|address_token|address_token,address_token:534840|address_token:245093|name_prefix:8126|address_house:63089|name_token:21182|address_city:139489|address_number:13805|name_token:13316,0,0,0,0.0,0.444,0,North Properties Limited,नॉर्थ प्रॉपर्टीज लिमिटेड,"East Delhi, Delhi, St - 8, Khajuri Khas, Delhi, C-78","C-78., Delhi, East Delhi, DL",india
S1-6375673,S2-971393616,address_city|address_number|address_token|address_token,address_token:534840|address_token:245093|name_prefix:8126|address_house:63089|name_token:21182|address_city:139489|address_number:13805|name_token:13316,0,0,0,0.0,0.5,0,North Properties Limited,नॉर्थ प्रॉपर्टीज लिमिटेड,"East Delhi, Delhi, St - 8, Khajuri Khas, Delhi, C-78","EAST DELHI, Delhi, C-78",india
S1-6375673,S2-893955616,address_city|address_number|address_token|address_token,address_token:534840|address_token:245093|name_prefix:8126|address_house:63089|name_token:21182|address_city:139489|address_number:13805|name_token:13316,0,0,0,0.0,0.5,0,North Properties Limited,नॉर्थ प्रॉपर्टीज लिमिटेड,"East Delhi, Delhi, St - 8, Khajuri Khas, Delhi, C-78","C-78, EAST DELHI, Delhi",india
S1-6375673,S2-929724576,address_city|address_number|address_token|address_token,address_token:534840|address_token:245093|name_prefix:8126|address_house:63089|name_token:21182|address_city:139489|address_number:13805|name_token:13316,0,0,0,0.0,0.5,0,North Properties Limited,N0RTHPROPERTIES.COM,"East Delhi, Delhi, St - 8, Khajuri Khas, Delhi, C-78","C-78, EAST DELHI, Delhi",india
S1-18416928,S2-982947436,address_token|address_token|address_token,name_prefix:7396|address_token:103662|name_token:8697|name_token:30618,0,0,0,0.0,0.571,0,Classic Marketing Private Limited,ક્લાસિક માર્કેટિંગ પ્રાઇવેટ લિમિટેડ,"Makhiyalajunagadh Road, Junagadh, Gujarat","JUNAGADH, BLOCK B-594 MAKHIYALAJUNAGADH ROAD, Gujarat",india
S1-807780711,S2-901757081,address_number|address_token|address_token,address_token:584256|address_token:52464|name_token:9307|name_token:17534|address_house:48291|address_token:93496|address_token:14632|name_prefix:17597,0,0,0,0.0,0.286,0,Surya Food LLP,സൂര്യ ഫുഡ് എൽഎൽപി,"9/251, Ground Floor, Dhannyapady, Annamanada, Mukundapuram, Thrissur, Kerala","BLOCK B-300 9/251, MUKUNDAPURAM, THRISSUR, കേരളം",india
S1-726271827,S2-657503990,address_number|address_token|address_token|address_token,address_house:14408|name_prefix:6794|name_token:21546|address_token:11263|address_number:27110|address_token:171715|address_token:234608|address_token:343014|name_token:8607,0,0,0,0.0,0.6,0,Lotus Constructions,लोटस कंस्ट्रक्शंस,"Sno 40/4, Balaji Udyam, Pune City, Pune, Maharashtra","NO 481 SNO 40/4, PUNE, PUNE CITY, Maharashtra",india
S1-51764148,S3-281055632,address_house|address_number|address_token|address_token|name_prefix,address_city:40275|address_token:202085|address_house:10554|address_number:19574|address_token:114722|address_token:240821|address_token:126959|address_token:372030,1,1,0,0.0,0.364,0,Radical Networks Pvt Ltd,radicalnetworks.com,"No.51, 5Th Flr, 5Th Main, 5Th Block, Bangalore South, Bangalore, Karnataka","H.no 51, Bangalore South, KA",india
S1-26498279,S2-356753618,name_token|name_token,address_token:534840|address_token:7155|name_token:9544|address_token:17027|address_token:12322|address_token:356701|address_city:139489,0,0,0,0.667,0.0,0,Radial Sangh,Mr Radial Sangh,"H No.179 Site 1 Vikas Puri, Delhi, West Delhi, Delhi",,india
S1-466222514,S3-434337466,name_prefix|name_token|name_token,address_city:112315|address_token:82090|name_prefix:7731|address_house:37464|address_token:174880|address_token:20817|address_number:100244|address_token:554778|name_token:13009|name_token:39807|address_token:167047|address_number:15206|address_number:61990,1,1,1,0.667,0.0,0,Hotel International Private Limited,Hotel International Private Enterprises,"D.No.11-5-560/P-64 Sri Laxmi Narasimha Bogum Nilayam, Road No 17 Sri Venkateshwara Colony Saroor Nagar, Hyderabad, Telangana",,india
S1-671594830,S3-379494963,address_number|address_token,address_token:139352|address_token:584256|address_token:24185|name_prefix:16219|address_token:18323|address_number:5110|name_token:8772|address_token:28479|name_token:18301|address_number:27726|address_token:5835|address_token:50340|address_token:66761|address_token:173038,0,0,0,0.0,0.167,0,Eastern Infotech Private Limited,ईस्टर्न इंफोटेक प्राइवेट लिमिटेड,"House No. 138, Second Floor, Front Ashoka Enclave Part -1 Sector-34, Faridabad, Haryana","Hn 842 Huse No. 138, Faridabad, HR",india
S1-671594830,S3-18611958,address_number|address_token|address_token|name_prefix|name_token|name_token,address_token:139352|address_token:584256|address_token:24185|name_prefix:16219|address_token:18323|address_number:5110|name_token:8772|address_token:28479|name_token:18301|address_number:27726|address_token:5835|address_token:50340|address_token:66761|address_token:173038,1,1,1,0.667,0.235,0,Eastern Infotech Private Limited,Eastern Infotech Prrváte Limited,"House No. 138, Second Floor, Front Ashoka Enclave Part -1 Sector-34, Faridabad, Haryana","Hn 842 House No. 138, Faridabad, HR",india
S1-151294154,S2-209957621,name_prefix|name_token,address_token:113422|address_token:240821|name_token:8698|name_token:31661|name_prefix:6864|address_token:113365,1,1,1,0.333,0.0,0,Pioneer Consultancy Pvt Ltd,PIONEER COSULNTASY PVT LTD,"C/O A.Rudharappa, Old Bangalore Road, Hosur, Krishnagiri, Dharmapuri, Tamil Nadu",,india
S1-151294154,S3-12349824,address_token|address_token|address_token,address_token:113422|address_token:240821|name_token:8698|name_token:31661|name_prefix:6864|address_token:113365,0,0,0,0.0,0.4,0,Pioneer Consultancy Pvt Ltd,பயனியர் கன்சல்டன்சி பிரைவேட் லிமிடெட்,"C/O A.Rudharappa, Old Bangalore Road, Hosur, Krishnagiri, Dharmapuri, Tamil Nadu","Plot 695 C/o A.rudharappa, Krishnagiri, Dharmapuri, TN",india
S1-442597480,S2-287733728,address_city|address_house|address_number|address_token|address_token|address_token|address_token,address_token:534840|name_token:10914|address_token:245093|name_prefix:16820|name_token:27880|address_house:12472|address_number:23930|address_token:554778|address_city:139489|address_token:20817,0,0,0,0.0,1.0,0,Golden Foods Private Limited,गोल्डन फूड्स प्राइवेट लिमिटेड,"D-41 G/F Laxmi Nagar, Delhi, East Delhi, Delhi","D-41 G/F LAXMI NAGAR, DELHI, EAST DELHI, Delhi",india
S1-442597480,S2-358718218,address_city|address_house|address_number|address_token|address_token|address_token|address_token,address_token:534840|name_token:10914|address_token:245093|name_prefix:16820|name_token:27880|address_house:12472|address_number:23930|address_token:554778|address_city:139489|address_token:20817,0,0,0,0.0,1.0,0,Golden Foods Private Limited,foodsprivate.com,"D-41 G/F Laxmi Nagar, Delhi, East Delhi, Delhi","D-41 G/F LAXMI NAGAR, EAST DELHI, DELHI",india
S1-145389289,S3-356111430,address_city|address_house|address_number|address_number|address_token|address_token|address_token|address_token,name_prefix:19161|address_token:6607|address_token:534840|address_number:6125|address_token:554778|address_house:42028|address_number:112011|address_city:139489|address_token:372030,0,0,0,0.0,1.0,0,Solar Computers LLP,Rizapyragild,"10/135 F/F Malviya Nagar, Delhi, South Delhi, Delhi","10/135 F/F Malviya Nagar, Delhi, South Delhi, Delhi",india
S1-986375680,S2-464445677,address_number|address_token|address_token,name_token:10593|address_token:245093|address_token:83329|name_prefix:8740|address_token:6875|name_token:22080|address_token:258312|address_token:21989|address_house:132166,0,0,0,0.0,0.267,0,Sree Business Limited,శ్రీ బిజినెస్ లిమిటెడ్,"1-180, Siddanthi Street, Atchuthanapuram, Kakinada, Kakinada (Urban), East Godavari, Andhra Pradesh","NO. 13 1-180, VISAKHAPATNAM REGION, Andhra Pradesh",india
S1-986375680,S2-785325883,address_number|address_token,name_token:10593|address_token:245093|address_token:83329|name_prefix:8740|address_token:6875|name_token:22080|address_token:258312|address_token:21989|address_house:132166,0,0,0,0.0,0.158,0,Sree Business Limited,శ్రీ బిజినెస్ లిమిటెడ్,"1-180, Siddanthi Street, Atchuthanapuram, Kakinada, Kakinada (Urban), East Godavari, Andhra Pradesh","KAKINADA, ఆంధ్రప్రదేశ్, DOOR NO 13 1-180",india
S1-775192574,S3-38559251,address_number|address_token|address_token|address_token|address_token|address_token|name_token|name_token,address_number:50465|address_token:8699|name_token:229501|name_token:29427|address_token:554778|address_token:58691|address_token:71965|name_token:22094|address_house:20958|address_token:81689,0,0,0,0.4,0.438,0,Care (India) Software Private Limited,Dr Care (lndia) Sóftware Private Limited,"B-22 Ganesham Tower Vaishali Nagar, Jaipur, Rajasthan","Block F-96 B-22 Ganesham Tower Vaishali Nagar, Jaipur, Jaipur Chitrakoot, राजस्थान",india
S1-179796225,S3-900291483,address_token,name_token:9831|address_number:37709|address_token:240821|address_city:40275|address_token:126959|name_token:28619|address_token:79275|address_token:114722|address_token:46841|address_number:74141|address_token:173038|name_prefix:18652|address_token:372030,0,0,0,0.0,0.067,0,Prime Agro LLP,ಪ್ರೈಮ್ ಅಗ್ರೋ ಎಲ್ಎಲ್‌ಪಿ,"2739, 15Th Cross, 27 Main, Sector 1, Hsr Layout, Bangalore South, Bangalore, Karnataka","273, Bangalore, Agara, KA",india
S1-397587204,S2-222595096,address_token|address_token|address_token|address_token|address_token|address_token|address_token|name_token,address_token:153726|address_number:55826|address_token:5704|address_token:102880|address_token:34632|name_token:73444|address_token:48809|address_token:356701|address_house:23309,0,0,0,0.333,0.778,0,Ivan Brothers Private Limited,lVAN  BROTHERS,"19 Gopal Banerjee Lane, Calcutta, West Bengal, Kolkata","019 GOPAL BANERJEE LANE, KOLKATA, CALCUTTA, West Bengal",india
S1-692027421,S3-883449651,address_number|address_number|address_token|address_token|address_token|address_token|name_prefix,address_number:7348|address_number:11942|address_token:17027|address_token:24185|address_token:66761|address_token:173038|name_token:73444|address_token:21423,1,0,0,0.0,0.571,0,Able Brothers Limited,ablebrothers.com,"Faridabad, A-208, Puri Business Hub, Sector-81, Faridabad, Haryana","Hn 487 A-208, Puri Business Hub, Sector-81, Faridabad, हरियाणा",india
S1-343540614,S2-806970436,address_house|address_number|address_number|address_number|address_token|address_token,address_token:10894|address_number:15988|address_number:14341|name_prefix:8126|address_token:167047|address_number:6413|address_token:554778|name_token:9793|address_house:63089|address_token:82090|name_token:21182|address_number:7460|name_token:13316,0,0,0,0.0,0.5,0,North Urban Properties Private Limited,నార్త్ అర్బన్ ప్రాపర్టీస్ Private Limited,"Hyderabad, 8/2/293/82/Be/118, Rn 71, Film Nagar, Telangana, Shaikpet","RANGA REDDY, Telangana, 8/2/293/82/BE/118/3, HYDERABAD",india
S1-997698564,S2-855531176,name_token|name_token,name_prefix:7956|address_token:113422|address_token:584256|address_city:8568|address_token:124809|name_token:9083|address_token:93496|address_token:79275|address_token:113365|address_number:70557|name_token:11336|address_house:95139,0,0,0,0.667,0.0,0,High Academy,Smt High Academy Academy,"2(16), Ground Floor, Abdul Karim Cross Street, Chennai, Tamil Nadu",,india
S1-399557808,S3-417475601,address_house|address_number|address_token|address_token|address_token,name_token:9751|address_number:55826|address_token:10913|name_prefix:10394|address_token:58691|address_token:71965|address_house:23309|name_token:26479,0,0,0,0.0,0.714,0,Dream Producer Private Limited,ड्रीम प्रोड्यूसर प्राइवेट लिमिटेड,"C 19, Lalkothi Scheme, Jaipur, Rajasthan","C ##19, Lalkothi Scheme, Jaipur, RJ",india
S1-399557808,S3-89879151,address_house|address_number|address_token|address_token|address_token,name_token:9751|address_number:55826|address_token:10913|name_prefix:10394|address_token:58691|address_token:71965|address_house:23309|name_token:26479,0,0,0,0.0,0.714,0,Dream Producer Private Limited,ड्रीम प्रोड्यूसर प्राइवेट लिमिटेड,"C 19, Lalkothi Scheme, Jaipur, Rajasthan","C ##19, Lalkothi Scheme, Jaipur, RJ",india
S1-399557808,S3-838419852,address_house|address_number|address_token|address_token|address_token,name_token:9751|address_number:55826|address_token:10913|name_prefix:10394|address_token:58691|address_token:71965|address_house:23309|name_token:26479,0,0,0,0.0,0.714,0,Dream Producer Private Limited,ड्रीम प्रोड्यूसर प्राइवेट लिमिटेड,"C 19, Lalkothi Scheme, Jaipur, Rajasthan","C ##19, Lalkothi Scheme, Jaipur, RJ",india
S1-399557808,S2-592631302,address_house|address_number|address_token|address_token,name_token:9751|address_number:55826|address_token:10913|name_prefix:10394|address_token:58691|address_token:71965|address_house:23309|name_token:26479,0,0,0,0.0,0.667,0,Dream Producer Private Limited,ड्रीम प्रोड्यूसर प्राइवेट लिमिटेड,"C 19, Lalkothi Scheme, Jaipur, Rajasthan","C ##19, JAIPUR, Rajasthan",india
S1-103623130,S3-513272435,address_token|address_token,name_prefix:15064|address_token:360514|name_token:11198|address_token:30603|address_token:81296|address_token:11754|address_token:234608|name_token:29427|address_token:343014|address_token:356701,0,0,0,0.0,0.188,0,Krishna Care Private Limited,कृष्णा केयर प्राइवेट लिमिटेड,"Mumbai City, Jalaram Krupa Bldg, Cts 604 615, Village Charkop, Kandivali West, Sh3, Maharashtra, Mumbai","Greater Mumbai, Sh3, MH, Mumbai City",india
S1-607302624,S3-503473254,address_house|address_number|address_token|address_token|address_token|name_prefix,address_token:245093|address_token:72724|name_prefix:11555|address_token:6484|name_token:8856|address_token:48680|address_house:7090|address_token:96183|name_token:81699|address_number:12721|address_token:343014,1,1,0,0.0,0.238,0,Premier Enterprises Pvt Ltd,premierenterprises.com,"Maharashtra, Thane, F-76, Ambernath East, M.I.D.C., Next To Themis Laboratories, Additional Ambernath Industrial Area","F-76, महाराष्ट्र, Ambernath East, Thane",india
S1-607302624,S2-458226603,address_number|address_token|address_token,address_token:245093|address_token:72724|name_prefix:11555|address_token:6484|name_token:8856|address_token:48680|address_house:7090|address_token:96183|name_token:81699|address_number:12721|address_token:343014,0,0,0,0.0,0.2,0,Premier Enterprises Pvt Ltd,प्रीमियर एंटरप्राइजेज प्रा. लि.,"Maharashtra, Thane, F-76, Ambernath East, M.I.D.C., Next To Themis Laboratories, Additional Ambernath Industrial Area","BLOCK B-431 F-76, THANE, Maharashtra",india
S1-607302624,S3-225514479,address_house|address_number|address_token|address_token|address_token,address_token:245093|address_token:72724|name_prefix:11555|address_token:6484|name_token:8856|address_token:48680|address_house:7090|address_token:96183|name_token:81699|address_number:12721|address_token:343014,0,0,0,0.0,0.238,0,Premier Enterprises Pvt Ltd,प्रीमियर एंटरप्राइजेज प्रा. लि.,"Maharashtra, Thane, F-76, Ambernath East, M.I.D.C., Next To Themis Laboratories, Additional Ambernath Industrial Area","F-76, Ambernath East, Thane, महाराष्ट्र",india
S1-269567407,S3-411030079,address_number|address_number|address_token|name_prefix|name_token,address_token:113422|address_token:14389|address_token:124809|name_prefix:20198|address_token:8749|name_token:163685|address_number:5369|name_token:8324|address_token:8381|address_token:113365,1,1,0,0.333,0.25,0,Great Services Private Limited,Great Sovicse Private Limited,"769, Anna Salai, Madras 600 002 Madras 600 002, Madras 600 002, Chennai, Tamil Nadu","Madras 600 002, Pammal, TN, 00769",india
S1-269567407,S3-762613169,address_number|address_number|address_token,address_token:113422|address_token:14389|address_token:124809|name_prefix:20198|address_token:8749|name_token:163685|address_number:5369|name_token:8324|address_token:8381|address_token:113365,0,0,0,0.0,0.25,0,Great Services Private Limited,Ectofaye,"769, Anna Salai, Madras 600 002 Madras 600 002, Madras 600 002, Chennai, Tamil Nadu","00769, Madras 600 002, Pammal, TN",india
S1-511250906,S2-709042044,address_house|address_number|address_token|address_token|address_token|address_token|address_token|address_token|address_token|address_token|address_token,address_token:108326|address_house:7206|address_token:584256|address_token:15349|address_number:12578|address_token:103662|address_token:12322|name_token:5216|address_token:171133|address_token:21954|address_token:14276,0,0,0,0.0,1.0,0,Ujjatech Security,HALOIRI,"Flat No. - 402, 5Th Floor, Shree Heights, Vikas Park, Morbi, Rajkot, Gujarat","FLAT NO. - 402, 5TH FLOOR, SHREE HEIGHTS, VIKAS PARK, MORBI, RAJKOT, Gujarat",india
S1-471045165,S3-771138954,address_house|address_number|address_number|address_token|name_prefix,name_token:10064|address_number:6632|address_token:113422|address_house:7981|name_token:10218|name_token:16957|address_number:14810|address_token:113365|name_prefix:20012,0,0,0,0.0,0.25,0,Sun United Investment,#sununited,"67/128, Mahadhana Street, Mayiladuthurai, Nagapattinam, Tamil Nadu","67/128, Nagapattinam, தமிழ்நாடு",india
S1-471045165,S3-599737165,address_house|address_number|address_number|address_token,name_token:10064|address_number:6632|address_token:113422|address_house:7981|name_token:10218|name_token:16957|address_number:14810|address_token:113365|name_prefix:20012,0,0,0,0.0,0.25,0,Sun United Investment,சன் யுனைடெட் இன்வெஸ்ட்மெண்ட்,"67/128, Mahadhana Street, Mayiladuthurai, Nagapattinam, Tamil Nadu","67/128, Nagapattinam, தமிழ்நாடு",india
S1-833885809,S2-41749422,name_prefix|name_token,address_token:584256|name_prefix:81819|name_token:9544|address_token:84918|address_token:103662|address_token:97296|name_token:25836,1,1,0,0.333,0.0,0,Shree Sangh,SHREE SSÁTH,"Shop No.408, 4Th Floor, Gitanjali Complex, Peles Road, Palanpur, Banas Kantha, Gujarat",,india
S1-270095563,S2-866957220,address_house|address_number|address_number|address_token|address_token,address_token:52464|name_token:81699|name_prefix:25559|address_house:42028|address_number:112011|address_token:8820|name_token:32515|address_token:16231|address_number:9782,0,0,0,0.0,0.5,0,Tech Enterprises Private Limited,ടെക് എന്റർപ്രൈസസ് പ്രൈവറ്റ് ലിമിറ്റഡ്,"Kerala, 10/205, Kozhikode, Mysore Mala, Mukkam, Kozhikode","10/205/6, KOZHIKODE, Kerala",india
S1-274305600,S3-846847422,address_house|address_number|address_token|address_token|name_prefix|name_token,name_token:33039|address_token:82090|address_token:202085|address_token:32711|address_token:81296|name_prefix:8177|address_token:171133|address_token:167047|address_number:6235|name_token:12685,1,1,1,0.333,0.167,0,Digital Consultants,Digital Consurtats,"Block-C, Shanta Sriram Satellite Pet Basheerabad Village, Quthbullapur Ma, Ndal, Rangareddy, Telangana, Flat No. 212, Hyderabad","#212, Rangareddy, Hyderabad, TG",india
S1-775053623,S2-272603743,address_house|address_number|address_token|address_token,address_token:245093|address_token:53898|address_token:258312|address_token:136558|address_token:584256|address_house:10103|address_token:40324|name_token:9603|name_token:30618|address_token:554778|address_number:18802|name_prefix:25950|address_token:93496|address_token:44513|address_token:173038,0,0,0,0.0,0.167,0,Unique Marketing Private Limited,MARKETINGPRIVATEUNIQUE.COM,"E-52, Ground Floor, Sector-3, Noida, Gautam Buddha Nagar, Uttar Pradesh","E-52, GAUTAMBUDH NAGAR, उत्तर प्रदेश",india
S1-775053623,S2-792180494,address_house|address_number|address_token|address_token|address_token|address_token,address_token:245093|address_token:53898|address_token:258312|address_token:136558|address_token:584256|address_house:10103|address_token:40324|name_token:9603|name_token:30618|address_token:554778|address_number:18802|name_prefix:25950|address_token:93496|address_token:44513|address_token:173038,0,0,0,0.0,0.385,0,Unique Marketing Private Limited,यूनिक मार्केटिंग प्राइवेट लिमिटेड,"E-52, Ground Floor, Sector-3, Noida, Gautam Buddha Nagar, Uttar Pradesh","E-52, GAUTAMBUDH NAGAR, Uttar Pradesh",india
S1-775053623,S3-551369120,address_house|address_number|address_token|address_token|address_token|address_token|address_token|address_token|address_token|address_token|name_prefix|name_token,address_token:245093|address_token:53898|address_token:258312|address_token:136558|address_token:584256|address_house:10103|address_token:40324|name_token:9603|name_token:30618|address_token:554778|address_number:18802|name_prefix:25950|address_token:93496|address_token:44513|address_token:173038,1,1,0,0.333,0.588,0,Unique Marketing Private Limited,Limited Unique Private Center,"E-52, Ground Floor, Sector-3, Noida, Gautam Buddha Nagar, Uttar Pradesh","E-52, उत्तर प्रदेश, Ground Floor, Sector-3, Gautam Buddha Nagar, Noida",india
S1-775053623,S3-344856196,address_number|address_token|address_token|address_token|address_token|address_token|address_token|address_token|address_token|address_token|address_token|name_token|name_token,address_token:245093|address_token:53898|address_token:258312|address_token:136558|address_token:584256|address_house:10103|address_token:40324|name_token:9603|name_token:30618|address_token:554778|address_number:18802|name_prefix:25950|address_token:93496|address_token:44513|address_token:173038,0,0,0,0.5,1.0,0,Unique Marketing Private Limited,Nylajax DBA: Unique Marketing Private Limited,"E-52, Ground Floor, Sector-3, Noida, Gautam Buddha Nagar, Uttar Pradesh","Uttar Pradesh, Noida, Ground Floor, Sector-3, E-52, Gautam Buddha Nagar",india
S1-775053623,S2-822943884,address_house|address_number|address_token|address_token,address_token:245093|address_token:53898|address_token:258312|address_token:136558|address_token:584256|address_house:10103|address_token:40324|name_token:9603|name_token:30618|address_token:554778|address_number:18802|name_prefix:25950|address_token:93496|address_token:44513|address_token:173038,0,0,0,0.0,0.167,0,Unique Marketing Private Limited,यूनिक मार्केटिंग प्राइवेट लिमिटेड,"E-52, Ground Floor, Sector-3, Noida, Gautam Buddha Nagar, Uttar Pradesh","GAUTAMBUDH NAGAR, E-52, उत्तर प्रदेश",india
S1-829140514,S2-101706257,address_token|address_token,address_house:7653|address_token:82090|address_number:22773|address_number:24988|address_token:584256|address_token:11043|address_token:97296|name_token:21546|name_prefix:11333|address_token:167047|address_number:112011|name_token:11290,0,0,0,0.0,0.2,0,Star Constructions Private Limited,స్టార్ కన్‌స్ట్రక్షన్స్ ప్రైవేట్ లిమిటెడ్,"Telangana, T, Hyderabad, # 4Th Floor, Gumidelli Commercial Complex 1-10-39 To 44, Old Airport Road, Begumpe","# B3/4TH FLOOR, HYDERABAD, T, Andhra Pradesh",india
S1-444319725,S3-742504774,address_house|address_number|address_token,address_token:47702|name_token:39807|address_token:46841|address_token:240821|address_token:554778|address_token:126959|name_token:8640|address_token:79275|address_token:114722|name_prefix:11393,0,0,0,0.0,0.133,0,Swastik International Private Limited,Sri swastikinternational.com,"No. 165, 4Th Cross, 2Nd Main, Jhbcs Layout, J P Nagar Post., Bangalore, Karnataka","#165., Bangalore, KA",india
S1-444319725,S2-457920341,address_token|address_token|address_token|address_token|address_token|address_token|address_token|name_prefix|name_token,address_token:47702|name_token:39807|address_token:46841|address_token:240821|address_token:554778|address_token:126959|name_token:8640|address_token:79275|address_token:114722|name_prefix:11393,1,1,1,0.333,0.667,0,Swastik International Private Limited,SWASTIK INTERNAOIOONAL PRIVATE LIMITED,"No. 165, 4Th Cross, 2Nd Main, Jhbcs Layout, J P Nagar Post., Bangalore, Karnataka","NO. 16 , 4TH CROSS, 2ND MAIN, JHBCS LAYOUT, J P NAGAR POST., BANGALORE, ಕರ್ನಾಟಕ",india
S1-444319725,S3-879434916,address_house|address_number|address_token,address_token:47702|name_token:39807|address_token:46841|address_token:240821|address_token:554778|address_token:126959|name_token:8640|address_token:79275|address_token:114722|name_prefix:11393,0,0,0,0.0,0.2,0,Swastik International Private Limited,ಸ್ವಸ್ತಿಕ್ ಇಂಟರ್‌ನ್ಯಾಷನಲ್ ಪ್ರೈವೇಟ್ ಲಿಮಿಟೆಡ್,"No. 165, 4Th Cross, 2Nd Main, Jhbcs Layout, J P Nagar Post., Bangalore, Karnataka","Bangalore, KA, Bangalore, No. 165.",india
S1-444319725,S2-407676819,address_token|address_token|address_token|address_token|address_token|address_token|address_token|address_token,address_token:47702|name_token:39807|address_token:46841|address_token:240821|address_token:554778|address_token:126959|name_token:8640|address_token:79275|address_token:114722|name_prefix:11393,0,0,0,0.0,0.867,0,Swastik International Private Limited,ಸ್ವಸ್ತಿಕ್ ಇಂಟರ್‌ನ್ಯಾಷನಲ್ ಪ್ರೈವೇಟ್ ಲಿಮಿಟೆಡ್,"No. 165, 4Th Cross, 2Nd Main, Jhbcs Layout, J P Nagar Post., Bangalore, Karnataka","NO. 16, 4TH CROSS, 2ND MAIN, JHBCS LAYOUT, J P NAGAR POST., BANGALORE, Karnataka",india
S1-838658270,S3-99318425,address_house|address_number|address_token|address_token,address_number:10068|address_token:360514|name_prefix:15165|address_token:41184|address_token:343014|address_token:82977|name_token:82701|address_house:5469|name_token:8599,0,0,0,0.0,0.333,0,Southern Industries LLP,सदर्न इंडस्ट्रीज LLP,"111, Mumbai Market Building Near Ac Market, Tardeo, Mumbai, Maharashtra","111, Tardeo, Mumbai, MH",india
S1-864895524,S3-522144423,address_city|address_house|address_number|address_token|address_token|address_token|address_token|name_prefix,address_house:10176|address_token:202085|address_number:21300|address_city:9507|name_token:12696|address_token:30690|name_prefix:13403|address_token:8772|name_token:53012|address_token:171715|address_token:343014,1,0,0,0.0,0.8,0,Pune Technologies,punetechnologies.com,"Block No 49 2 Bombay Poona Road Pune, Pune, Maharashtra","Pune, Block No 49 2 Bombay Poona Road Pune, MH",india
S1-614081879,S3-419388052,address_house|address_number|address_token|address_token|address_token|address_token|address_token,address_number:77778|address_token:240821|address_token:126959|address_token:174880|address_house:62816|address_token:46841,0,0,0,0.0,1.0,0,Shubham & Co,Korzeta,"# 6 & 13, K R Colony, Domlur Layout, Bangalore, Karnataka","# 6 & 13, K R Colony, Domlur Layout, Bangalore, Karnataka",india
S1-365167317,S2-114638732,name_prefix|name_token|name_token,address_token:33554|address_token:52464|name_token:10000|name_token:73444|name_prefix:16634,1,0,0,0.5,0.0,0,Raj & Brothers Limited,Raj Brothers Limited [Partners],"Kollam, Kerala, Central Purchase Depat, Thekkekkavu Road Puliyathumukku, Ayathil, Xill/462, Kollam",,india
S1-661195943,S2-432215199,address_number|address_token,name_token:17149|name_prefix:25559|address_token:171715|name_token:32515|address_token:234608|address_token:81296|address_token:343014|address_number:81035,0,0,0,0.0,0.2,0,Tech Investments Pvt Ltd,टेक इन्वेस्टमेंट्स प्रा. लि.,"C2/14, Oxford Comforts, Oxford Village, Pune City, Pune, Maharashtra","BLOCK C-575 C2/14, PUNE, महाराष्ट्र",india
S1-193016475,S3-305681058,name_prefix|name_token,name_prefix:8983|address_token:6032|name_token:21546|name_token:9367|address_token:21344|address_token:343014,1,1,1,0.333,0.0,0,Silver Constructions,Silver [C0nstructions],"C/O Sanbhaji Shivajirao Talap, Tal Walwa Dist. Sangli, Bhadkimbe, Sangli, Maharashtra",,india
S1-166801431,S3-841433705,address_house|address_number|address_token|address_token|address_token|name_prefix|name_token,address_token:17866|address_token:40417|name_prefix:11804|address_token:554778|name_token:9076|name_token:28619|address_house:7983|address_number:15160|address_token:258312|address_token:6625,1,0,0,0.25,0.583,0,Guru Agro Limited,Guru एग्रो Limited,"70 Zone Ii M.P Nagar, Bhopal, Madhya Pradesh","Door No 70 Zone Ii M.p Nagar, Bhopal, MP",india
S1-166801431,S3-40871930,address_house|address_number|address_token|address_token|address_token|name_prefix|name_token|name_token,address_token:17866|address_token:40417|name_prefix:11804|address_token:554778|name_token:9076|name_token:28619|address_house:7983|address_number:15160|address_token:258312|address_token:6625,1,1,1,1.0,0.583,0,Guru Agro Limited,Guru Agro Agro,"70 Zone Ii M.P Nagar, Bhopal, Madhya Pradesh","Door No 70 Zone Ii M.p Nagar, Bhopal, MP",india
S1-999085296,S2-616615114,address_house|address_number|address_token|address_token|address_token|address_token|address_token,address_token:17866|address_house:8670|address_token:40417|name_prefix:12090|address_number:15721|address_token:554778|name_token:10426|name_token:32515|address_token:258312|address_token:6625,0,0,0,0.0,0.818,0,Ram Tech Private Limited,राम टेक प्राइवेट लिमिटेड,"61, Zone-I, M. P. Nagar, Bhopal, Madhya Pradesh","D/61, ZONE-I, M. P. NAGAR, BHOPAL, RATLAM, Madhya Pradesh",india
S1-912508322,S2-276782865,address_house|address_number|address_token|address_token|address_token,address_number:22381|name_token:9589|address_token:240821|address_token:126959|address_token:39326|name_prefix:28087|name_token:53012|address_token:79275|address_token:114722|address_number:70557|address_house:11646,0,0,0,0.0,0.4,0,Shiv Technologies LLP,ಶಿವ್ ಟೆಕ್ನಾಲಜೀಸ್ ಎಲ್ಎಲ್‌ಪಿ,"42, 16Th Cross, 8Th Main Road, Malleswaram, Bengaluru, Bangalore, Karnataka","Karnataka, BENGALURU, 42, BANGALORE",india
S1-770248806,S3-656542478,address_token|address_token,address_city:42559|address_token:153726|address_number:21516|name_token:9589|address_token:102880|name_prefix:28087|address_token:34632|name_token:64038|address_token:356701|address_house:10545,0,0,0,0.0,0.4,0,Shiv Exports Private Limited,শিব এক্সপোর্টস প্রাইভেট লিমিটেড,"48/1 Beadon Row, Kolkata, Calcutta, West Bengal","8/1 Beadon Row, Calcutta, WB",india
S1-770248806,S2-644389845,address_city|address_house|address_number|address_token|address_token|address_token|address_token,address_city:42559|address_token:153726|address_number:21516|name_token:9589|address_token:102880|name_prefix:28087|address_token:34632|name_token:64038|address_token:356701|address_house:10545,0,0,0,0.0,0.778,0,Shiv Exports Private Limited,শিব এক্সপোর্টস প্রাইভেট লিমিটেড,"48/1 Beadon Row, Kolkata, Calcutta, West Bengal","48/1 BAEDON ROW, KOLKATA, CALCUTTA, West Bengal",india
S1-770248806,S3-7098212,address_token|address_token,address_city:42559|address_token:153726|address_number:21516|name_token:9589|address_token:102880|name_prefix:28087|address_token:34632|name_token:64038|address_token:356701|address_house:10545,0,0,0,0.0,0.4,0,Shiv Exports Private Limited,শিব এক্সপোর্টস প্রাইভেট লিমিটেড,"48/1 Beadon Row, Kolkata, Calcutta, West Bengal","8/1 Beadon Row, Calcutta, WB",india
S1-667684153,S3-840682156,address_number|address_token|address_token|address_token|name_prefix,name_token:32737|address_token:360514|address_token:584256|name_prefix:25559|address_number:100244|address_token:7123|address_token:341972|address_number:21686|address_token:171133|address_token:26457|address_token:93496|address_token:173038|address_token:343014,1,0,0,0.0,0.278,0,Technology Purvanchal Analytics,techpurvanchalanalytics.com,"Ground Floor, Baba Enterprises Plot No.356, Juhu Gaon, Sector-11, Maharashtra, Vashi, Flat No.01, Navi Mumbai","MH, Navi Mumbai, No 01, Vashi",india
S1-851973393,S3-53843291,address_house|address_number|address_number|address_token|address_token,address_token:24890|address_house:7090|address_token:258312|name_token:229501|address_number:12843|address_token:58519|address_number:7727|address_token:139352|address_token:21344|address_token:136558,0,0,0,0.0,0.417,0,Ripple Information (India) Private Limited,Koravi,"Nazar Bagh Teh-Lucknow, Dist-Lucknow, Lucknow, Uttar Pradesh, House No. 106/116","House No. 106/116, Lucknow, UP",india
S1-223184633,S2-593571279,address_city|address_token|address_token|address_token,address_token:240821|address_city:40275|name_token:9751|address_token:43480|address_token:126959|name_prefix:10394|address_house:16903|address_number:8965|address_token:228724|address_token:46841|address_token:171133|address_number:34545|name_token:29427,0,0,0,0.0,0.4,0,Dream Care Pvt Ltd,ಡ್ರೀಮ್ ಕೇರ್ ಪ್ರೈವೇಟ್ ಲಿಮಿಟೆಡ್,"Sy No.30/1, Flat No. 206, Palm Meadows Apartment, Amco Layout, Bangalore North, Bangalore, Karnataka","SY NO.31/1, BANGALORE NORTH, BANGALORE, Karnataka",india
S1-223184633,S2-801808675,address_token|address_token,address_token:240821|address_city:40275|name_token:9751|address_token:43480|address_token:126959|name_prefix:10394|address_house:16903|address_number:8965|address_token:228724|address_token:46841|address_token:171133|address_number:34545|name_token:29427,0,0,0,0.0,0.333,0,Dream Care Pvt Ltd,ಡ್ರೀಮ್ ಕೇರ್ ಪ್ರೈವೇಟ್ ಲಿಮಿಟೆಡ್,"Sy No.30/1, Flat No. 206, Palm Meadows Apartment, Amco Layout, Bangalore North, Bangalore, Karnataka","SY NO.31/1, BANGALORE, Karnataka",india
S1-223184633,S2-966275643,address_token|address_token|address_token,address_token:240821|address_city:40275|name_token:9751|address_token:43480|address_token:126959|name_prefix:10394|address_house:16903|address_number:8965|address_token:228724|address_token:46841|address_token:171133|address_number:34545|name_token:29427,0,0,0,0.0,0.4,0,Dream Care Pvt Ltd,ಡ್ರೀಮ್ ಕೇರ್ ಪ್ರೈವೇಟ್ ಲಿಮಿಟೆಡ್,"Sy No.30/1, Flat No. 206, Palm Meadows Apartment, Amco Layout, Bangalore North, Bangalore, Karnataka","SY NO.31/1, BANGALORE NORTH, Karnataka",india
S1-557991970,S3-885620456,address_house|address_number|address_number|address_number|address_token|address_token|address_token|address_token|address_token|name_prefix|name_token,address_token:171133|address_number:22860|address_number:17680|address_number:34906|address_token:7123|address_token:341972|address_token:96183|name_token:10784|address_token:173038|address_house:9246|name_prefix:25950|name_token:9603|address_token:343014,1,1,1,0.333,0.818,0,Unique Hospital,Unique Hospral,"Plot No 104, Flat No 102, Sector 28 Vashi, Thane, Maharashtra","Plot No 104, Flat No 102, Sector 28 Vashi, Thane, MH",india
S1-557991970,S3-801215665,address_house|address_number|address_number|address_number|address_token|address_token|address_token|address_token|address_token|address_token|name_token|name_token,address_token:171133|address_number:22860|address_number:17680|address_number:34906|address_token:7123|address_token:341972|address_token:96183|name_token:10784|address_token:173038|address_house:9246|name_prefix:25950|name_token:9603|address_token:343014,0,0,0,0.5,1.0,0,Unique Hospital,Lumgild+ aka Unique Hospital,"Plot No 104, Flat No 102, Sector 28 Vashi, Thane, Maharashtra","Plot No 104, Flat No 102, Sector 28 Vashi, Thane, Maharashtra",india
S1-813049630,S3-406743023,address_token|address_token|address_token|name_prefix|name_token|name_token|name_token,name_token:8741|address_number:50465|address_city:40275|address_token:13966|address_token:584256|address_token:240821|address_token:126959|name_token:9076|name_prefix:7528|name_token:53012|address_house:20958,1,1,1,1.0,0.231,0,Galaxy Guru Technologies Private Limited,Galaxy Guru Guru Technologies-Private Limited,"Basement Floor, No.22/3 Vittal Mallya Road, Bangalore, Karnataka","Basement Floor, Bangalore, ಕರ್ನಾಟಕ",india
S1-813049630,S2-219286946,address_token|address_token|address_token,name_token:8741|address_number:50465|address_city:40275|address_token:13966|address_token:584256|address_token:240821|address_token:126959|name_token:9076|name_prefix:7528|name_token:53012|address_house:20958,0,0,0,0.0,0.231,0,Galaxy Guru Technologies Private Limited,ಗ್ಯಾಲಕ್ಸಿ ಗುರು ಟೆಕ್ನಾಲಜೀಸ್ ಪ್ರೈವೇಟ್ ಲಿಮಿಟೆಡ್,"Basement Floor, No.22/3 Vittal Mallya Road, Bangalore, Karnataka","BASEMENT FLOOR, BANGALORE, ಕರ್ನಾಟಕ",india
S1-811774542,S2-754060870,address_number|address_token,name_prefix:6814|address_token:62994|name_token:9793|address_token:66761|address_token:173038,0,0,0,0.0,0.182,0,Urban Sahab,Yumajaxorbi,"Sector 9A, Gurgaon, 219, Haryana","H.NO 262 219, GURGAON, हरियाणा",india
S1-433985601,S2-433628703,address_city|address_house|address_number|address_token|address_token|address_token|address_token,address_token:534840|address_token:228724|address_token:554778|address_number:15772|address_city:139489|address_house:54396,0,0,0,0.0,1.0,0,Garv Pharma Ltd,Kelobrixkor,"7/65 Ramesh Nagar, New Delhi, North Delhi, Delhi","#7/65 RAMESH NAGAR, NEW DELHI, NORTH DELHI, Delhi",india
S1-817859027,S2-291740096,address_number|address_number|address_number|address_token|address_token,name_prefix:10429|name_token:10678|name_token:20956|address_token:167047|address_number:41143|address_token:554778|address_token:82090|address_house:16903|address_number:34545|address_token:12627,0,0,0,0.0,0.412,0,Balaji Healthcare Private Limited,బాలాజీ హెల్త్‌కేర్ ప్రైవేట్ లిమిటెడ్,"30-265/25/9/1, Deendayal Nagar, Old Safilguda, Malkajgiri, R K Puram, Hyderabad, Telangana","HN 503 30-265/25/9/1, HYDERABAD, Telangana",india
S1-817859027,S3-284536405,address_number|address_number|address_number|address_token|name_prefix|name_token|name_token,name_prefix:10429|name_token:10678|name_token:20956|address_token:167047|address_number:41143|address_token:554778|address_token:82090|address_house:16903|address_number:34545|address_token:12627,1,1,1,0.667,0.3,0,Balaji Healthcare Private Limited,Balaji Healthcare Limited Center,"30-265/25/9/1, Deendayal Nagar, Old Safilguda, Malkajgiri, R K Puram, Hyderabad, Telangana","Block E-##584 30-265/25/9/1, Hyderabad, Andhra Pradesh",india
S1-654635268,S3-643299037,address_token|address_token|address_token|address_token|name_token|name_token,address_token:88699|address_token:534840|address_token:228724|name_token:19792|address_city:59596|address_token:6258|address_token:10040|address_token:356701|name_token:11336,0,0,0,0.4,0.4,0,Mkh Academy Clinic,Shri Mkh Clinic Clinic Center,"162 Shakti Vihar, Pitampura, Delhi, North West Delhi, Delhi","62 Shakti Vihar, Pitampura, Delhi, New Delhi, DL",india
S1-654635268,S3-348824768,address_city|address_token|address_token|address_token|address_token|address_token|address_token|name_token|name_token|name_token|name_token_sort,address_token:88699|address_token:534840|address_token:228724|name_token:19792|address_city:59596|address_token:6258|address_token:10040|address_token:356701|name_token:11336,0,0,0,1.0,0.6,0,Mkh Academy Clinic,Academy Mkh Clinic,"162 Shakti Vihar, Pitampura, Delhi, North West Delhi, Delhi","Pitampura, 62 Shakti Vihar, North West Delhi, DL, Saraswati Vihar",india
S1-654635268,S3-408442256,address_token|address_token|address_token|address_token,address_token:88699|address_token:534840|address_token:228724|name_token:19792|address_city:59596|address_token:6258|address_token:10040|address_token:356701|name_token:11336,0,0,0,0.0,0.4,0,Mkh Academy Clinic,academyclinicmkh.com,"162 Shakti Vihar, Pitampura, Delhi, North West Delhi, Delhi","New Delhi, DL, 62 Shakti Vihar, Delhi, Pitampura",india
S1-654635268,S3-943922587,address_city|address_token|address_token|address_token|address_token|address_token|address_token|name_token|name_token,address_token:88699|address_token:534840|address_token:228724|name_token:19792|address_city:59596|address_token:6258|address_token:10040|address_token:356701|name_token:11336,0,0,0,0.4,0.6,0,Mkh Academy Clinic,Sri Mkh Assaciemy Clinic,"162 Shakti Vihar, Pitampura, Delhi, North West Delhi, Delhi","#62 Shakti Vihar, Pitampura, North West Delhi, Saraswati Vihar, DL",india
S1-67573028,S2-659803336,address_house|address_number|address_number|address_token|address_token|address_token|address_token|address_token,address_token:534840|name_token:39807|address_number:29572|name_prefix:7396|address_token:228724|address_token:245093|address_token:114722|address_token:356701|address_house:14874|name_token:8697,0,0,0,0.0,0.688,0,Classic International LLP,क्लासिक इंटरनेशनल एलएलपी,"Hno 33 G/F Kh No 165 Main, Road Chauhan Patti, Delhi North East, North West Delhi, Delhi","H.NO 33 G/F KH NO 165 MAIN, DELHI NORTH EAST, NORTH WEST DELHI, Delhi",india
S1-325280954,S3-622908989,address_house|address_number|address_token|address_token|address_token,address_token:534840|address_number:47886|address_house:22041|name_token:8991|address_city:139489|name_token:25057|address_token:174880|name_prefix:7308|address_token:15683|address_token:372030,0,0,0,0.0,0.6,0,Baba Products Limited,बाबा प्रोडक्ट्स लिमिटेड,"Delhi, South Delhi, New Delhi, A-21 Kailash Colony","A-21 Kailash Colony, New Delhi, Gurgaon, दिल्ली",india
S1-325280954,S2-363393811,address_city|address_house|address_number|address_token|address_token|address_token|address_token,address_token:534840|address_number:47886|address_house:22041|name_token:8991|address_city:139489|name_token:25057|address_token:174880|name_prefix:7308|address_token:15683|address_token:372030,0,0,0,0.0,1.0,0,Baba Products Limited,बाबा प्रोडक्ट्स लिमिटेड,"Delhi, South Delhi, New Delhi, A-21 Kailash Colony","SOUTH DELHI, A-21 KAILASH COLONY, Delhi, NEW DELHI",india
S1-325280954,S3-809475426,address_city|address_house|address_number|address_token|address_token|address_token|address_token,address_token:534840|address_number:47886|address_house:22041|name_token:8991|address_city:139489|name_token:25057|address_token:174880|name_prefix:7308|address_token:15683|address_token:372030,0,0,0,0.0,0.667,0,Baba Products Limited,बाबा प्रोडक्ट्स लिमिटेड,"Delhi, South Delhi, New Delhi, A-21 Kailash Colony","A-21 Kailash Colony, South Delhi, Gurgaon, DL",india
S1-325280954,S3-379112390,address_house|address_number|address_token|address_token|name_prefix|name_token,address_token:534840|address_number:47886|address_house:22041|name_token:8991|address_city:139489|name_token:25057|address_token:174880|name_prefix:7308|address_token:15683|address_token:372030,1,0,0,0.1,0.444,0,Baba Products Limited,Baba प्रोडक्ट्स लिमिटेड,"Delhi, South Delhi, New Delhi, A-21 Kailash Colony","A-21 Kailash Colony, Gurgaon, DL",india
S1-325280954,S2-827524701,address_city|address_house|address_number|address_token|address_token|address_token|address_token,address_token:534840|address_number:47886|address_house:22041|name_token:8991|address_city:139489|name_token:25057|address_token:174880|name_prefix:7308|address_token:15683|address_token:372030,0,0,0,0.0,1.0,0,Baba Products Limited,बाबा प्रोडक्ट्स लिमिटेड,"Delhi, South Delhi, New Delhi, A-21 Kailash Colony","Delhi, NEW DELHI, A-21 KAILASH COLONY, SOUTH DELHI",india
S1-607869541,S2-577527848,address_house|address_token|address_token,name_token:9831|name_token:22080|address_token:6246|address_city:17610|address_token:84918|address_token:174880|address_house:95139|address_token:228724|address_token:554778|name_prefix:18652|address_token:343014|address_token:372030,0,0,0,0.0,0.176,0,Prime Business Limited,प्राइम बिजनेस लिमिटेड,"Shop N.2, S.N.12512664, Professor Colony, Ahmednagar, Ahmed Nagar, Maharashtra","SHOP N.2, PUNE REGION, महाराष्ट्र",india
S1-607869541,S3-196633934,address_house|address_token|address_token|address_token|address_token|address_token|name_prefix|name_token,name_token:9831|name_token:22080|address_token:6246|address_city:17610|address_token:84918|address_token:174880|address_house:95139|address_token:228724|address_token:554778|name_prefix:18652|address_token:343014|address_token:372030,1,1,0,0.333,0.5,0,Prime Business Limited,Prime Bings Limited,"Shop N.2, S.N.12512664, Professor Colony, Ahmednagar, Ahmed Nagar, Maharashtra","Shop N.2, Ahmed Nagar, Ahmednagar, MH",india
S1-607869541,S3-150304015,address_house|address_token|address_token|address_token|address_token|address_token,name_token:9831|name_token:22080|address_token:6246|address_city:17610|address_token:84918|address_token:174880|address_house:95139|address_token:228724|address_token:554778|name_prefix:18652|address_token:343014|address_token:372030,0,0,0,0.0,0.5,0,Prime Business Limited,प्राइम बिजनेस लिमिटेड,"Shop N.2, S.N.12512664, Professor Colony, Ahmednagar, Ahmed Nagar, Maharashtra","Shop N.2, Ahmed Nagar, Ahmednagar, MH",india
S1-742353112,S2-389659222,address_house|address_number|address_token|address_token|address_token|address_token|address_token|address_token|name_token,address_house:8839|address_token:40417|address_number:17910|address_token:13694|name_token:27880|address_token:174880|address_token:258312|address_token:7104,0,0,0,0.333,0.8,0,Rishi Foods Private Limited,RI5HI FOODS PRIVATE LTD,"62-A Nehru Colony, Thatipur, Gwalior, Madhya Pradesh","H.NO 62-A NEHRU COLONY, GWALIOR, THATIPUR, GWALIOR, Madhya Pradesh",india
S1-36365391,S3-849309397,address_house|address_number|address_token|address_token|name_prefix,address_token:6488|address_token:52464|name_prefix:25559|address_token:38607|name_token:53012|address_token:97296|address_house:132166,1,1,1,0.0,0.312,0,Technologies Mahalakshmi Ayurveda Private Limited,technologiesmahalakshmiayurveda.com,"Room Nos. 1/462, 463, Thengumpally Complex, Mudapallur P. O., Valliyode, Palakkad, Kerala","Room Nos. 1/462., Palakkad, N/A, KL",india
S1-518431887,S2-36837187,address_number|address_token|address_token,address_number:10996|address_token:534840|address_token:73068|name_token:27880|address_house:132166|address_token:48680|address_token:356701|name_prefix:11333|address_city:139489|address_token:72724|name_token:11290,0,0,0,0.0,0.357,0,Star Foods Private Limited,स्टार फूड्स प्राइवेट लिमिटेड,"Bt-1/89, Mangolpuri Industrial Area Phase-1, Delhi, West Delhi, Delhi","BLOCK E-C-64 BT-1/89, DELHI, NORTH WEST, Delhi",india
S1-143785192,S3-524160127,address_city|address_house|address_number|address_token|address_token|address_token|address_token|name_token|name_token,address_city:112315|name_prefix:16820|address_house:10423|address_number:19038|name_token:163685|name_token:9862|address_token:343014|address_token:11257|address_token:372030,0,0,0,0.4,0.615,0,Gold Services Private Limited,M/s Gold Services Limited Center,"S No. 103, At/Po, Dhokawade (Bhag), Alibag, Raigarh, Maharashtra","S No. G-103, At/po, Dhokawade (Bhag), Raigad, Alibag, MH",india
S1-143785192,S3-575909450,address_city|address_house|address_number|address_token|address_token|address_token|address_token,address_city:112315|name_prefix:16820|address_house:10423|address_number:19038|name_token:163685|name_token:9862|address_token:343014|address_token:11257|address_token:372030,0,0,0,0.0,0.615,0,Gold Services Private Limited,गोल्ड सर्विसेज प्राइवेट लिमिटेड,"S No. 103, At/Po, Dhokawade (Bhag), Alibag, Raigarh, Maharashtra","MH, At/po, Dhokawade (Bhag), Raigarh, Raigad, S No. G-103",india
S1-143785192,S2-29428963,address_city|address_house|address_number|address_token|address_token|address_token|address_token,address_city:112315|name_prefix:16820|address_house:10423|address_number:19038|name_token:163685|name_token:9862|address_token:343014|address_token:11257|address_token:372030,0,0,0,0.0,0.6,0,Gold Services Private Limited,गोल्ड सर्विसेज प्राइवेट लिमिटेड,"S No. 103, At/Po, Dhokawade (Bhag), Alibag, Raigarh, Maharashtra","S NO. 103, ALIBAG, RAIGARH, Maharashtra",india
S1-143785192,S3-775138555,address_city|address_house|address_number|address_token|address_token|address_token|address_token,address_city:112315|name_prefix:16820|address_house:10423|address_number:19038|name_token:163685|name_token:9862|address_token:343014|address_token:11257|address_token:372030,0,0,0,0.0,0.615,0,Gold Services Private Limited,गोल्ड सर्विसेज प्राइवेट लिमिटेड,"S No. 103, At/Po, Dhokawade (Bhag), Alibag, Raigarh, Maharashtra","S No. G-103, At/po, Dhokawade (Bhag), Raigad, Raigarh, MH",india
S1-450828697,S2-370491540,address_house|address_number|address_token|address_token,name_prefix:15985|address_token:10483|name_token:16957|name_token:9573|address_token:139352|address_token:171715|address_token:343014,0,0,0,0.0,0.267,0,Bharat Investment Pvt Ltd,भारत इन्वेस्टमेंट प्रा. लि.,"House No.843, Karande Wasti, Satkarsthal Taluka Khed, Pune, Maharashtra","PUNE, CHANDOLI, HOUSE NO.843, महाराष्ट्र",india
S1-475974172,S2-53882398,address_number|address_token|address_token,address_house:80971|address_token:167047|name_token:34269|address_token:82090|name_prefix:7697|address_number:64306|name_token:8354,0,0,0,0.0,0.5,0,Good Global Private Limited,గుడ్ గ్లోబల్ ప్రైవేట్ లిమిటెడ్,"3-24/1, Quth Bullapur Chintal, Hyderabad, Telangana","NO 188- 3-24/1, HYDERABAD, Telangana",india
S1-864953601,S3-644260873,address_number|address_token|address_token|name_prefix|name_token|name_token,address_house:7653|address_city:40275|address_token:228724|name_prefix:55481|name_token:10057|address_token:28941|address_token:240821|name_token:33039|address_token:126959|address_token:79275|address_number:34545,1,1,1,0.222,0.25,0,Indian Consultants Private Limited,Indian Consultants ಪ್ರೈವೇಟ್ ಲಿಮಿಟೆಡ್,"Bangalore North, Bangalore, Karnataka, Ramana Residency, 4Th Cross, Sampige Road, Malleshwaram, #30/D","Bangalore, Bangalore North, H.no 30/D/1, KA",india
S1-526001637,S2-326473218,address_house|address_number|address_token|address_token|address_token|address_token,address_city:55154|address_token:245093|address_token:37738|address_token:360514|address_house:8233|address_number:15772|address_token:343014,0,0,0,0.0,0.6,0,VT Cottex LLP,vtcottex.com,"A/65, M.I.D.C., Andheri (East), Mumbai, Maharashtra","Maharashtra, MUMBAI, A/65, ANDHERI (EAST)",india
S1-299618586,S2-419708602,address_house|address_number|address_token|address_token|address_token,name_token:9284|name_token:16358|name_token:74331|address_token:174880|address_token:39090|address_house:7090|address_number:12721|address_token:43735|name_prefix:8234,0,0,0,0.0,0.556,0,Innovative Green Ventures Private Limited,इनोवेटिव ग्रीन वेंचर्स प्राइवेट लिमिटेड,"D- 76, P. C. Colony, Kakkarbagh, Sampatchak, Patna, Bihar","D- 76, SAMPATCHAK, PATNA, Bihar",india
S1-565428311,S2-813754738,address_city|address_house|address_number|address_token|address_token|address_token|address_token,address_city:40275|address_token:171133|address_house:15969|address_token:584256|address_number:32973|address_token:240821|address_token:126959|name_prefix:16219|address_token:93496|name_token:163685|name_token:12593|address_token:372030,0,0,0,0.0,0.545,0,East Services Private Limited,ಈಸ್ಟ್ ಸರ್ವಿಸಸ್ ಪ್ರೈವೇಟ್ ಲಿಮಿಟೆಡ್,"Flat No-29, Ground Floor, Trinity Meadows, Bangalore South, Bangalore, Karnataka","BANGALORE SOUTH, BANGALORE URBAN, Karnataka, FLAT NO-29",india
S1-926951952,S3-761156753,address_token|name_prefix,name_prefix:6643|address_token:96183|address_city:9168|address_token:82977|address_token:7635|address_token:372030|address_token:343014|address_house:132166,1,1,1,0.0,0.111,0,Venkatesh Tobacco LLP,venkateshtobacco.com,"1, Pattekar Building, S.V. Road, Near Malhar Cinema, Naupada, Thane, Maharashtra","B3/1, Thane, <NULL>, महाराष्ट्र",india
S1-321154911,S3-195136496,address_house|address_token|address_token,address_token:245093|address_number:21516|address_token:584256|name_token:8991|address_token:62994|name_prefix:7308|address_token:173038|address_token:66761|name_token:22094|address_house:54396,0,0,0,0.0,0.214,0,Baba Software Pvt Ltd,बाबा सॉफ्टवेयर प्रा. लि.,"E-7, 4Th Floor, Vipul World, Sector-48, Gurgaon, Haryana","E-a-7, Gurgaon, हरियाणा",india
S1-321154911,S2-205551589,address_house|address_token|address_token|address_token,address_token:245093|address_number:21516|address_token:584256|name_token:8991|address_token:62994|name_prefix:7308|address_token:173038|address_token:66761|name_token:22094|address_house:54396,0,0,0,0.0,0.364,0,Baba Software Pvt Ltd,बाबा सॉफ्टवेयर प्रा. लि.,"E-7, 4Th Floor, Vipul World, Sector-48, Gurgaon, Haryana","E-7, <NULL>, GURGAON, Haryana",india
S1-837448994,S2-439915302,address_house|address_token|address_token|address_token|address_token|address_token|address_token|address_token|address_token|name_prefix|name_token|name_token,name_token:39807|address_token:584256|name_token:9186|name_token:9589|name_prefix:19101|address_token:43863|address_token:83756|address_token:7529|address_token:8099|address_token:93496|address_token:58691|address_token:71965|address_house:67232,1,1,1,0.5,1.0,0,Shakti Shiv International Private Limited,Shakti Shhnv International Private Limited,"Office Number Lg-5, Lower, Ground Floor, C-2 Plaza, Jaipur, Rajasthan","OFFICE NUMBER LG-##5, LOWER, GROUND FLOOR, C-2 PLAZA, JAIPUR, Rajasthan",india
S1-837448994,S2-290095624,address_house|address_token|address_token|address_token|address_token|address_token|address_token|address_token|address_token,name_token:39807|address_token:584256|name_token:9186|name_token:9589|name_prefix:19101|address_token:43863|address_token:83756|address_token:7529|address_token:8099|address_token:93496|address_token:58691|address_token:71965|address_house:67232,0,0,0,0.0,1.0,0,Shakti Shiv International Private Limited,शक्ति शिव इंटरनेशनल प्राइवेट लिमिटेड,"Office Number Lg-5, Lower, Ground Floor, C-2 Plaza, Jaipur, Rajasthan","OFFICE NUMBER LG-##5, LOWER, GROUND FLOOR, C-2 PLAZA, JAIPUR, Rajasthan",india
S1-837448994,S2-883547445,address_house|address_token|address_token|address_token|address_token,name_token:39807|address_token:584256|name_token:9186|name_token:9589|name_prefix:19101|address_token:43863|address_token:83756|address_token:7529|address_token:8099|address_token:93496|address_token:58691|address_token:71965|address_house:67232,0,0,0,0.0,0.5,0,Shakti Shiv International Private Limited,शक्ति शिव इंटरनेशनल प्राइवेट लिमिटेड,"Office Number Lg-5, Lower, Ground Floor, C-2 Plaza, Jaipur, Rajasthan","OFFICE NUMBER LG-##5, JAIPUR, Rajasthan",india
S1-153184661,S3-774694080,name_prefix|name_token|name_token,name_prefix:7165|address_token:103662|name_token:5002|address_token:89474|address_token:19490|address_token:82977,1,1,1,0.667,0.0,0,Ahmedabad Formers Private Limited,Ahmedabad Formers Limited Service,"Gujarat, Ahmedabad, Iscon Arcade, Opp. Pariseema Building, C. G. Road, 231 To 234, Ahmedabad",,india
S1-458773885,S3-141394062,address_house|address_number|address_token,address_token:40417|address_token:32701|address_number:17680|name_token:9589|address_house:9246|name_prefix:28087|address_token:174880|name_token:32061|address_token:258312|address_token:36817,0,0,0,0.0,0.222,0,Shiv Developers Limited,शिव डेवलपर्स लिमिटेड,"104, New Krishna Bhag Colony, Indore, Madhya Pradesh","104, Indore, MP",india
S1-458773885,S3-932737905,address_house|address_number|address_token,address_token:40417|address_token:32701|address_number:17680|name_token:9589|address_house:9246|name_prefix:28087|address_token:174880|name_token:32061|address_token:258312|address_token:36817,0,0,0,0.0,0.222,0,Shiv Developers Limited,शिव डेवलपर्स लिमिटेड,"104, New Krishna Bhag Colony, Indore, Madhya Pradesh","104, Indore, MP",india
S1-458773885,S3-118238769,address_house|address_number|address_token,address_token:40417|address_token:32701|address_number:17680|name_token:9589|address_house:9246|name_prefix:28087|address_token:174880|name_token:32061|address_token:258312|address_token:36817,0,0,0,0.0,0.222,0,Shiv Developers Limited,Nylaumbra,"104, New Krishna Bhag Colony, Indore, Madhya Pradesh","MP, Indore, 104",india
S1-572278096,S2-779852747,address_house|address_number|address_token|address_token,name_token:22412|name_token:8962|address_number:18589|address_token:10232|name_prefix:7163|address_token:22408|address_token:82090|address_token:35544|address_house:95139,0,0,0,0.0,0.5,0,Best Consulting Limited,బెస్ట్ కన్సల్టింగ్ లిమిటెడ్,"H No 2-5-56, Aam Bazar Yellandu Town, Yellandu Mandal, Khammam, Telangana","NO 2-5-56, KHAMMAM, Telangana",india
S1-168903913,S3-174421558,address_token|address_token|address_token|address_token|name_prefix,name_token:8555|name_prefix:16258|name_token:53012|address_token:7171|address_token:343014|address_token:24762|address_token:9242,1,1,0,0.0,0.364,0,Supreme Technologies Private Limited,supremetechprivate.com,"Aambedkar Chowk, Rawiwar Peth, Phaltan, Phaltan, Satara, Maharashtra","Phaltan, Block B-372 Aambedkar Chowk, MH, Satara",india
S1-486028133,S2-34016093,address_house|address_token|address_token,address_token:7351|name_token:18834|address_token:22225|name_token:10000|address_house:71183|address_token:30690|address_token:15691|address_token:83756|name_token:12708|address_token:343014|name_prefix:16634,0,0,0,0.0,0.267,0,Raj South Power Private Limited,राज साउथ पावर प्राइवेट लिमिटेड,"Office No. 4, Shri Sankul, Opp. Bombay Naka, Nashik, Maharashtra","OFFICE NO. 4, NULL, NASHIK, महाराष्ट्र",india
S1-599817155,S2-513065148,address_house|address_number|address_token|address_token|address_token,address_token:245093|name_prefix:20198|address_token:360514|address_number:8554|address_city:55154|name_token:74331|address_token:7425|address_token:81296|address_token:11624|address_token:234608|address_token:5377|address_token:6239|name_token:16358|address_token:343014,0,0,0,0.0,0.357,0,Green Ventures Private Limited,ग्रीन वेंचर्स प्राइवेट लिमिटेड,"Gala No. 06, Daulat Udyog Bhawan, Wadhvali Village, Chembur East, Mumbai, Mumbai City, Maharashtra","H.NO 06, MUMBAI CITY, Maharashtra, MUMBAI",india
S1-150430693,S2-205525922,address_house|address_number|address_token|address_token,address_token:15931|name_token:39807|address_token:29217|name_prefix:16219|address_token:171715|address_token:81296|address_token:343014|name_token:8772,0,0,0,0.0,0.417,0,Eastern International Pvt Ltd,ईस्टर्न इंटरनेशनल प्रा. लि.,"Sr. No. 272, Behind Bhairavnath Temple, Nail Alli, Dhayari Village, Dhayari, Pune, Maharashtra","Maharashtra, PUNE, SR. NO. #272, PUNE",india
S1-820288515,S3-494839458,address_house|address_token|address_token|address_token|name_prefix,name_prefix:19161|name_token:11823|address_token:534840|address_token:341972|name_token:71714|address_token:7474|address_city:19617|address_house:62816|address_token:356701,1,1,1,0.0,0.692,0,Solutions Raheja Medical Corporation,@solutionsraheja - 3555698932,"6 No. 6 Plot No Wz-T/1, Najafgarh Road Landmark, New Delhi, West Delhi, Delhi","6 No. 6 Plot No Wz-t/1, New Delhi, West Delhi, DL",india
S1-882924122,S3-901653859,address_token|name_token,address_number:55826|name_token:17215|name_token:8555|address_city:8038|name_prefix:16258|address_token:58691|address_token:71965|address_house:23309,0,0,0,0.25,0.273,0,Supreme Estate,Dr Supreme Etsate,"P.No.-19, Kailashpuri Moti Doongari Road, Jaipur, Rajasthan","Jaipur, RJ, P.no.-0019",india
S1-275609629,S2-170923904,address_number|address_token|address_token|address_token|name_token,address_token:17866|address_city:112315|address_token:245093|address_number:32973|name_token:229501|address_token:41184|address_token:258312|address_house:5180|address_token:584256|address_token:174880|address_number:8965|address_token:40417|address_token:28479|address_number:112011|address_token:81689,0,0,0,0.25,0.222,0,Niti India Private Limited,NlTI INDIA LIMITED  CENTER,"206, Second Floor, Gm Tower E-4/29, 10 No Market, Arera Colony, Bhopal, Madhya Pradesh","#A-981 206, BHOPAL, Madhya Pradesh",india
S1-275609629,S3-389169923,address_house|address_number|address_token|name_token|name_token,address_token:17866|address_city:112315|address_token:245093|address_number:32973|name_token:229501|address_token:41184|address_token:258312|address_house:5180|address_token:584256|address_token:174880|address_number:8965|address_token:40417|address_token:28479|address_number:112011|address_token:81689,0,0,0,0.5,0.118,0,Niti India Private Limited,M/s Niti India Private,"206, Second Floor, Gm Tower E-4/29, 10 No Market, Arera Colony, Bhopal, Madhya Pradesh","Bhopal, 206, MP",india
S1-145415555,S2-887280985,address_token|address_token|address_token|address_token,address_token:41184|address_token:43863|address_city:17610|name_prefix:7962|address_token:584256|address_token:84918|address_token:102880|name_token:9909|address_token:6407|name_token:28619|address_house:15010|name_token:8607|address_token:356701|address_token:372030,0,0,0,0.0,0.357,0,Future Big Agro Private Limited,ফিউচার বিগ অ্যাগ্রো প্রাইভেট লিমিটেড,"2Nd Floor, Platinum Plaza, S S Market, Siliguri, Siliguri, West Bengal, Darjeeling, Shop No 6, Darjiling","6, DARJEELING, DARJILING, West Bengal",india
S1-232310173,S3-554903625,address_house|address_number|address_token|address_token|address_token|address_token|address_token|address_token|address_token|address_token,address_token:25587|address_house:7981|address_token:554778|name_token:10157|address_number:14810|address_token:44513|address_token:53898|address_token:40324|address_token:258312|address_token:136558|name_prefix:8003,0,0,0,0.0,1.0,0,Smart Ecommerce Private Limited,Nexwex,"A 67, Alpha 1, Greater Noida, Gautam Buddha Nagar, Uttar Pradesh","A 67, Alpha 1, Greater Noida, Gautam Buddha Nagar, Uttar Pradesh",india
S1-232310173,S3-948323486,address_house|address_number|address_token|address_token|address_token|address_token,address_token:25587|address_house:7981|address_token:554778|name_token:10157|address_number:14810|address_token:44513|address_token:53898|address_token:40324|address_token:258312|address_token:136558|name_prefix:8003,0,0,0,0.0,0.583,0,Smart Ecommerce Private Limited,Ecommerceprivatesmart.Com,"A 67, Alpha 1, Greater Noida, Gautam Buddha Nagar, Uttar Pradesh","A 67, Alpha 1, Gautam Buddha Nagar, UP",india
S1-232310173,S3-743963423,address_house|address_number|address_token|address_token|address_token|address_token|name_prefix,address_token:25587|address_house:7981|address_token:554778|name_token:10157|address_number:14810|address_token:44513|address_token:53898|address_token:40324|address_token:258312|address_token:136558|name_prefix:8003,1,0,0,0.0,0.438,0,Smart Ecommerce Private Limited,#smartecommerce,"A 67, Alpha 1, Greater Noida, Gautam Buddha Nagar, Uttar Pradesh","A 67, Gautam Buddha Nagar, उत्तर प्रदेश, Alpha 1",india
S1-232310173,S3-367046643,address_house|address_number|address_token|address_token|address_token|address_token|name_prefix|name_token,address_token:25587|address_house:7981|address_token:554778|name_token:10157|address_number:14810|address_token:44513|address_token:53898|address_token:40324|address_token:258312|address_token:136558|name_prefix:8003,1,1,0,0.333,0.583,0,Smart Ecommerce Private Limited,Smart Private Limited Service,"A 67, Alpha 1, Greater Noida, Gautam Buddha Nagar, Uttar Pradesh","A 67, Alpha 1, Gautam Buddha Nagar, UP",india
S1-76480112,S3-453433062,address_city|address_number|address_token|address_token|address_token,address_token:153726|address_token:80020|name_token:25057|address_token:102880|address_city:36110|address_house:31951|name_token:8857|name_prefix:25950|address_token:356701|address_number:81035|address_token:48809,0,0,0,0.0,0.4,0,Universal Products Private Limited,ইউনিভার্সাল প্রোডাক্টস প্রাইভেট লিমিটেড,"14, Sarkar Lane, Kolkata, Kolkata, Howrah, West Bengal","No. 870 14, Sarkar Lane, Kolkata, Kolkata, WB",india
S1-469892047,S2-698375843,address_house|address_number|address_token|address_token|address_token|address_token,name_token:17643|name_prefix:23701|address_token:17866|address_token:584256|address_number:6235|address_token:341972|address_token:40417|name_token:12249|address_token:554778|address_token:97296|address_token:258312|address_token:6625,0,0,0,0.0,0.375,0,Jai Logistics,जय लॉजिस्टिक्स,"Plot No. 212, 3Rd Floor, Hare Govind Complex Zone-1, M.P.Nagar, Bhopal, Madhya Pradesh","BHOPAL, PLOT NO. 212, BHOPAL, Madhya Pradesh",india
S1-536297238,S2-879721179,address_token|address_token|address_token|address_token,address_token:52464|name_prefix:28087|name_token:22080|address_token:82977|address_house:62816|address_token:16231|name_token:8889,0,0,0,0.0,0.5,0,Shiva Business Private Limited,ശിവ ബിസിനസ് പ്രൈവറ്റ് ലിമിറ്റഡ്,"Kozhikode, 6/1183Kunhipari Building Cherooty Road, Calicut, Kerala","CALICUT, Kerala, CALICUT REGION, #61169 BUILDING CHEROOTY ROAD",india
S1-581296991,S3-886353027,address_city|address_token|address_token,address_token:113422|address_token:6588|name_token:22412|address_token:113365|name_token:8777|name_token:8720|address_city:12629|name_prefix:20012|address_token:372030,0,0,0,0.0,0.294,0,Sunrise Modern Consulting Private Limited,சன்ரைஸ் மாடர்ன் கன்சல்டிங் பிரைவேட் லிமிடெட்,"S.F. No. 370/1, Ranganoor Road, Pallakkapalayam, Kumarapalayam (Tk), Namakkal, Sanakari, Salem, Tamil Nadu","S.f. No. 70/1, Namakkal, TN",india
S1-91958580,S3-769438884,address_house|address_number|address_token|address_token,name_token:24839|address_token:341972|address_token:37849|name_prefix:7169|address_token:7781|address_token:103662|name_token:9056,0,0,0,0.0,0.429,0,Hitech Finance Private Limited,હાઇટેક ફાઇનાન્સ પ્રાઇવેટ લિમિટેડ,"Plot 615, Gidc Sachin, Sachin, Surat, Gujarat","Plot ##615, Surat, GJ",india
S1-91958580,S3-148640485,address_house|address_number|address_token|address_token,name_token:24839|address_token:341972|address_token:37849|name_prefix:7169|address_token:7781|address_token:103662|name_token:9056,0,0,0,0.0,0.429,0,Hitech Finance Private Limited,હાઇટેક ફાઇનાન્સ પ્રાઇવેટ લિમિટેડ,"Plot 615, Gidc Sachin, Sachin, Surat, Gujarat","Plot ##615, Surat, GJ",india
S1-112936308,S3-161270647,address_token|address_token|address_token|address_token|address_token|address_token|address_token,address_city:55154|address_token:14342|name_prefix:8983|address_token:554778|address_token:360514|name_token:9367|address_token:343014|address_token:356701|address_token:234608|name_token:22094|address_house:67232|address_token:14276,0,0,0,0.0,0.632,0,Silver Software Private Limited,सिल्वर सॉफ्टवेयर प्राइवेट लिमिटेड,"B-5 Shree Ami Jharna Chs Ltd Evershine Nagar, Malad West, Mumbai, Mumbai City, Maharashtra","Hn 275 B-5 Shree Ami Jahrna Chs Ltd Evershine Nagar, Malad West, Bombay, Mumbai City, MH",india
S1-811731740,S3-577517463,name_prefix|name_token|name_token,name_token:8962|address_city:112315|address_token:20329|address_token:167047|name_token:34269|address_number:49533|name_prefix:7163|address_house:63089|address_token:82090|address_token:6343|address_number:5200|address_number:81035,1,1,1,0.667,0.0,0,Best Global Private Limited,Best  Global Private Ltd Enterprises,"H.No.8 ~2~310~R~20, Road No.14 Raghava Cooperative, Banjara Hills, Hyderabad, Telangana",,india
S1-811731740,S3-922927473,address_house|address_number|address_number|address_token|name_prefix|name_token|name_token,name_token:8962|address_city:112315|address_token:20329|address_token:167047|name_token:34269|address_number:49533|name_prefix:7163|address_house:63089|address_token:82090|address_token:6343|address_number:5200|address_number:81035,1,1,1,0.667,0.375,0,Best Global Private Limited,Best Global Limited Services,"H.No.8 ~2~310~R~20, Road No.14 Raghava Cooperative, Banjara Hills, Hyderabad, Telangana","#8 ~2~310~R~20, Hyderabad, TG",india
S1-809525463,S3-440115875,address_house|address_number|address_token,address_number:100244|address_token:37652|address_token:167047|address_token:7946|address_token:84918|address_token:82090|address_token:19490|address_house:62816|address_token:6279,0,0,0,0.0,0.44,0,PO Land Pvt Ltd,poland.com,"H. No. 6-1 Rc A & B 5-11, Shop No. 6-1, Sai Bharat Arcade, Huda Trade Centre, Li, Ngampally, Hyderabad, Telangana","H. No. 6-1 Rc A & B 5-11, Hyderabad, తెలంగాణ",india
S1-157567436,S2-802253766,address_house|address_number|address_number|address_token|address_token|address_token|address_token|name_prefix,address_house:18912|address_token:62994|address_token:16933|address_number:41143|address_token:73068|address_number:49533|address_token:139352|name_token:9307|address_token:66761|name_token:32515|name_prefix:17597,1,0,0,0.0,0.909,0,Surya Tech Private Limited,#suryatech,"House No. A-25/20 Dlf Phase-I, Gurugram, Gurgaon, Haryana","HOUSE NO. A-25/20 DLF PHASE-I, GURUGRAM, Haryana",india
S1-157567436,S2-66561199,address_house|address_number|address_number|address_token|address_token|address_token|address_token|name_prefix|name_token|name_token,address_house:18912|address_token:62994|address_token:16933|address_number:41143|address_token:73068|address_number:49533|address_token:139352|name_token:9307|address_token:66761|name_token:32515|name_prefix:17597,1,1,1,0.667,0.909,0,Surya Tech Private Limited,Private Surya Tech Límited,"House No. A-25/20 Dlf Phase-I, Gurugram, Gurgaon, Haryana","HOUSE NO. A-25/20 DLF PHASE-I, GURGAON, Haryana",india
S1-157567436,S3-811555966,address_house|address_number|address_number|address_token|address_token|address_token|address_token|name_token,address_house:18912|address_token:62994|address_token:16933|address_number:41143|address_token:73068|address_number:49533|address_token:139352|name_token:9307|address_token:66761|name_token:32515|name_prefix:17597,0,0,0,0.333,0.833,0,Surya Tech Private Limited,5urya Tech Private  Limited,"House No. A-25/20 Dlf Phase-I, Gurugram, Gurgaon, Haryana","House No. A-25/20 Dlf Phase-i, Gurugram, Gurgaon, HR",india
S1-739648894,S3-288659628,address_house|address_number|address_token|address_token,address_house:13467|address_token:202085|address_token:153726|address_token:80020|address_number:19038|address_number:27164|address_token:102880|name_token:8640|name_token:28619|address_city:5736|address_token:356701|name_prefix:11393,0,0,0,0.0,0.286,0,Swastik Agro Private Limited,স্বস্তিক অ্যাগ্রো প্রাইভেট লিমিটেড,"36 Plam Avenue, Block B, Suit No 103 36 Palm Avenue, Kolkata, Howrah, West Bengal","##36 Plam Avenue, WB, Kolkata",india
S1-739648894,S3-50840133,address_house|address_number|address_token|address_token|name_token|name_token,address_house:13467|address_token:202085|address_token:153726|address_token:80020|address_number:19038|address_number:27164|address_token:102880|name_token:8640|name_token:28619|address_city:5736|address_token:356701|name_prefix:11393,0,0,0,0.667,0.267,0,Swastik Agro Private Limited,Dr Swastik Agro Private,"36 Plam Avenue, Block B, Suit No 103 36 Palm Avenue, Kolkata, Howrah, West Bengal","##36 Pham Avenue, Kolkata, Howrah, WB",india
S1-739648894,S2-658608109,address_house|address_number|address_token|address_token|address_token|address_token,address_house:13467|address_token:202085|address_token:153726|address_token:80020|address_number:19038|address_number:27164|address_token:102880|name_token:8640|name_token:28619|address_city:5736|address_token:356701|name_prefix:11393,0,0,0,0.0,0.429,0,Swastik Agro Private Limited,স্বস্তিক অ্যাগ্রো প্রাইভেট লিমিটেড,"36 Plam Avenue, Block B, Suit No 103 36 Palm Avenue, Kolkata, Howrah, West Bengal","#36 PLAM AVENUE, West Bengal, HOWRAH, CALCUTTA",india
S1-661705008,S3-897779149,name_prefix|name_token|name_token,name_token:10914|name_prefix:16820|address_token:5176|name_token:81699|address_token:9870|address_token:43735|address_token:81296|address_token:372030,1,1,0,0.667,0.0,0,Golden Enterprises Private Limited,Golden Private Limited Services Enterprises,"Saharsa, Village - Bangaon P.O P.S.- Bangoan, Mohan Khan C/O Hem Nath Khan, Bihar, Saharsa",,india
S1-751663145,S3-101070161,name_core_exact|name_prefix|name_token|name_token,address_token:534840|name_token:17149|name_prefix:7297|address_number:55826|name_token:9607|address_city:19617|address_token:82977,1,1,1,1.0,0.0,0,Laxmi Investments,Laxmi Ínvestments Ltd,"706, Arunachal Building 19, Barakhamba Road, New Delhi, Delhi",,india
S1-737799659,S2-712388988,address_token|address_token|address_token,name_token:18301|address_token:39090|name_prefix:10314|name_token:11604|address_token:14263,0,0,0,0.0,0.455,0,Blue Infotech Private Limited,ବ୍ଲୁ ଇନଫୋଟେକ୍ ପ୍ରାଇଭେଟ୍ ଲିମିଟେଡ୍,"C/O Rahidas Mahanta, Denuan, Keonjhar, Patna, Kendujhar, Orissa","C/O RAHIDAS MAHANTA, NULL, KENDUJHAR, Odisha",india
S1-749479004,S3-96120069,address_house|address_number|address_number|address_token|address_token|name_core_exact|name_prefix|name_token|name_token|name_token,address_house:12494|name_prefix:32847|address_token:534840|address_number:22860|address_number:19038|address_token:11043|name_token:35547|name_token:163685|address_token:33554|name_token:35145,1,1,1,1.0,0.385,0,New Delhi Services Limited,New  Delhi Services Ltd,"102 & 103, Ashoka Apt, Commercial Cplx, Ranjit, New Delhi, Central Delhi, Delhi","102 & 103, Divreportingcircle, Central Delhi, DL",india
S1-749479004,S2-204819309,address_number|address_token|address_token|address_token|address_token|address_token|name_prefix,address_house:12494|name_prefix:32847|address_token:534840|address_number:22860|address_number:19038|address_token:11043|name_token:35547|name_token:163685|address_token:33554|name_token:35145,0,0,0,0.0,0.75,0,New Delhi Services Limited,newdelhiservices.com,"102 & 103, Ashoka Apt, Commercial Cplx, Ranjit, New Delhi, Central Delhi, Delhi","02 & 103, ASHOKA APT, COMMERCIAL CPLX, RANJIT, NEW DELHI, Delhi",india
S1-255248670,S3-6346389,name_core_exact|name_prefix|name_token|name_token,name_prefix:8598|address_token:258312|address_token:554778|name_token:9114|name_token:31661|address_token:136558|address_token:13582,1,1,1,1.0,0.0,0,Perfect Consultancy Private Limited,Perfect Consultancy,"A.No. 1059/2 Maruti Nagar, Samne Ghat, Chhittupur, Varanasi, Uttar Pradesh",,india
S1-416500893,S2-788337083,address_house|address_token|address_token,address_house:80971|address_token:167047|name_token:22173|name_prefix:16258|address_token:82090|name_token:10170,0,0,0,0.0,0.625,0,Super Media Private Limited,సూపర్ మీడియా ప్రైవేట్ లిమిటెడ్,"3-4-1/4B, Ramanthapur Balajinagar, Hyderabad, Telangana","3-4-1/4, HYDERABAD, Telangana",india
S1-893269171,S3-604298266,address_house|address_number|address_token|name_token|name_token,address_token:234608|address_token:584256|name_token:71714|address_token:360514|name_prefix:16258|address_token:69657|address_number:6210|address_token:343014|name_token:10170,0,0,0,0.333,0.143,0,Super Solutions,M/s *** Super Solutions Corporation (ID: 27707),"C-701, 7Th Floor, Sukhda Chsg, Sir Pochkanwala Marg, Worli Sea Face, Wo, Rli, Mumbai, Mumbai City, Maharashtra","Mumbai, महाराष्ट्र, Mumbai, C-701",india
S1-428252840,S2-375713961,name_prefix|name_token|name_token,name_prefix:15064|address_token:88699|address_token:534840|address_token:202085|address_token:5892|name_token:17215|address_token:84918|address_number:112011|address_number:15772|address_number:12721|address_number:97569|name_token:11198|address_house:95139,1,1,1,0.5,0.0,0,Krishna Estate Private Limited,Krishna Estate Private Ltd (ID: 73693),"Shop No 2, Rz-C/65 Oldno - C- 1/10, Kh No 76/12, Block -C-1, Mahavir Vihar, New Delhi, Delhi",,india
S1-224883049,S2-185979077,address_house|address_token|address_token|address_token,name_prefix:15064|address_token:167047|address_token:32711|address_token:82090|name_token:53012|address_token:15025|name_token:11198|address_house:132166,0,0,0,0.0,0.5,0,Krishna Technologies Private Limited,కృష్ణా టెక్నాలజీస్ ప్రైవేట్ లిమిటెడ్,"Villa No.1, Timber Leaf, Sathamrai Shamshabad, Hyderabad, Rangareddy, Telangana","VILLA NO.1, RANGAREDDY, Telangana",india
S1-139353312,S3-154392868,address_house|address_number|address_token|address_token,address_token:360514|address_token:72724|name_prefix:28087|address_token:55321|address_token:48809|address_token:356701|address_house:5469|address_token:14342|name_token:28619|address_token:234608|address_number:10068|name_token:9589|address_token:343014,0,0,0,0.0,0.231,0,Shiv Agro Limited,शिव एग्रो लिमिटेड,"111, Ciem Industrial Estate, Ramchandra Lane Ext, Malad (W), Mumbai, Mumbai City, Maharashtra","111, Mumbai, Mumbai City, MH",india
S1-139353312,S2-999040069,address_token,address_token:360514|address_token:72724|name_prefix:28087|address_token:55321|address_token:48809|address_token:356701|address_house:5469|address_token:14342|name_token:28619|address_token:234608|address_number:10068|name_token:9589|address_token:343014,0,0,0,0.0,0.056,0,Shiv Agro Limited,शिव एग्रो लिमिटेड,"111, Ciem Industrial Estate, Ramchandra Lane Ext, Malad (W), Mumbai, Mumbai City, Maharashtra","11, MUMBAI METRO, महाराष्ट्र, MUMBAI",india
S1-286132699,S3-821682549,address_city|address_house|address_number|address_token|address_token|name_token,name_prefix:23701|address_number:12710|address_token:534840|name_token:9079|address_token:584256|address_token:73068|name_token:27880|address_token:9734|address_token:48680|address_city:139489|address_token:372030|address_token:72724|address_house:6716,0,0,0,0.091,0.385,0,Jain Foods Private Limited,जैन Foods प्राइवेट लिमिटेड,"A - 77, 2Nd Floor, Okhla Industrial Area, Phase - Ii, New Delhi, South Delhi, Delhi","A - 77, South Delhi, New Delhi, DL",india
S1-286132699,S2-425622795,address_number|address_token|address_token|address_token|address_token|address_token|address_token,name_prefix:23701|address_number:12710|address_token:534840|name_token:9079|address_token:584256|address_token:73068|name_token:27880|address_token:9734|address_token:48680|address_city:139489|address_token:372030|address_token:72724|address_house:6716,0,0,0,0.0,0.688,0,Jain Foods Private Limited,जैन फूड्स प्राइवेट लिमिटेड,"A - 77, 2Nd Floor, Okhla Industrial Area, Phase - Ii, New Delhi, South Delhi, Delhi","BLOCK E-802 A - 77, 2ND FLOOR, OKHLA INDUSTRIAL AREA, PHASE - II, NEW DELHI, N/A, Delhi",india
S1-286132699,S3-421156147,address_city|address_house|address_number|address_token|address_token|address_token|address_token|address_token|address_token|address_token,name_prefix:23701|address_number:12710|address_token:534840|name_token:9079|address_token:584256|address_token:73068|name_token:27880|address_token:9734|address_token:48680|address_city:139489|address_token:372030|address_token:72724|address_house:6716,0,0,0,0.0,0.857,0,Jain Foods Private Limited,जैन फूड्स प्राइवेट लिमिटेड,"A - 77, 2Nd Floor, Okhla Industrial Area, Phase - Ii, New Delhi, South Delhi, Delhi","A - 77, 2Nd Floor, Okhla Industrial Area, Phase - Ii, New Delhi, South Delhi, दिल्ली",india
S1-286132699,S2-723364735,address_number|address_token|address_token|address_token|address_token|address_token|address_token,name_prefix:23701|address_number:12710|address_token:534840|name_token:9079|address_token:584256|address_token:73068|name_token:27880|address_token:9734|address_token:48680|address_city:139489|address_token:372030|address_token:72724|address_house:6716,0,0,0,0.0,0.688,0,Jain Foods Private Limited,foodsprivatejaincom,"A - 77, 2Nd Floor, Okhla Industrial Area, Phase - Ii, New Delhi, South Delhi, Delhi","BLOCK E-802 A - 77, 2ND FLOOR, OKHLA INDUSTRIAL AREA, PHASE - II, NEW DELHI, N/A, Delhi",india
S1-286132699,S3-519452881,address_city|address_house|address_number|address_token|address_token|address_token|address_token|address_token|address_token|address_token,name_prefix:23701|address_number:12710|address_token:534840|name_token:9079|address_token:584256|address_token:73068|name_token:27880|address_token:9734|address_token:48680|address_city:139489|address_token:372030|address_token:72724|address_house:6716,0,0,0,0.0,0.923,0,Jain Foods Private Limited,जैन फूड्स प्राइवेट लिमिटेड,"A - 77, 2Nd Floor, Okhla Industrial Area, Phase - Ii, New Delhi, South Delhi, Delhi","DL, South Delhi, A - 77, New Delhi, 2Nd Floor, Okhla Industrial Area, Phase - Ii",india
S1-286132699,S2-641395870,address_city|address_number|address_token|address_token|address_token|address_token|address_token|address_token|address_token,name_prefix:23701|address_number:12710|address_token:534840|name_token:9079|address_token:584256|address_token:73068|name_token:27880|address_token:9734|address_token:48680|address_city:139489|address_token:372030|address_token:72724|address_house:6716,0,0,0,0.0,0.688,0,Jain Foods Private Limited,जैन फूड्स प्राइवेट लिमिटेड,"A - 77, 2Nd Floor, Okhla Industrial Area, Phase - Ii, New Delhi, South Delhi, Delhi","SOUTH DELHI, 2ND FLOOR, OKHLA INDUSTRIAL AREA, PHASE - II, BLOCK E-802 A - 77, N/A, Delhi",india
S1-943888606,S2-91133967,name_prefix|name_token,address_token:8699|name_prefix:23701|address_token:341972|name_token:5978|address_token:58691|address_token:71965|address_token:171133,1,1,1,0.25,0.0,0,Jaipur Travels Private Limited,Jaipur Trave1s Limited Services,"Plot No- 156-157, Flat No, Vaishali Prime, Jaipur, Rajasthan",,india
S1-408302281,S3-967843186,address_house|address_number|address_token|address_token|name_prefix,name_token:229501|address_token:360514|address_token:83756|address_token:584256|address_token:69657|address_house:8702|address_token:234608|address_token:15476|address_token:47702|address_token:343014|address_number:15838,1,1,0,0.0,0.143,0,Vibgyor Pulp (India) Co,Vibgyorpulpindia.Com,"302, 3Rd Floor, Triton Green Fields Stste A.B. Nair Marg, Opp Juhu Post Office, Ju, Hu Mumbai, Mumbai, Mumbai City, Maharashtra","Mumbai City, 302, MH",india
S1-431280428,S2-7748503,address_house|address_number|address_token|address_token|address_token,address_token:245093|address_number:55826|name_token:8698|address_token:360514|name_prefix:6864|address_token:11710|name_token:74331|address_token:82977|address_token:234608|address_house:23309|address_token:6621|address_token:10913|address_token:6490|address_token:343014,0,0,0,0.0,0.375,0,Pioneer Ventures Private Limited,पायोनियर वेंचर्स प्राइवेट लिमिटेड,"Cts G -19, Paranjpe Scheme Road, Anisha Building Subhash Road, Vile Parle (East), Mumbai, Mumbai City, Maharashtra","CTS G -19, ATMUMBAI, MUMBAI CITY, Maharashtra",india
S1-233332996,S3-13649360,address_token|address_token|name_token|name_token,address_token:22571|address_token:360514|address_token:69657|address_token:234608|address_token:343014|name_token:70701|address_token:372030,0,0,0,0.667,0.286,0,Kush Trading LLP,Mr Kush Trading L.L.P.,"Mumbai, Mumbai City, 246, Dreams The Mall, L.B.S. Marg, U.G., Maharashtra","MH, U.g., Mumbai City, Mumbai",india
S1-233332996,S3-412268489,address_token|address_token|name_token|name_token,address_token:22571|address_token:360514|address_token:69657|address_token:234608|address_token:343014|name_token:70701|address_token:372030,0,0,0,0.667,0.286,0,Kush Trading LLP,Mr Kush Trading LLP,"Mumbai, Mumbai City, 246, Dreams The Mall, L.B.S. Marg, U.G., Maharashtra","U.g., Mumbai, Mumbai City, MH",india
S1-675697245,S2-356347644,address_city|address_house|address_number|address_token|address_token|address_token|address_token|address_token|name_token|name_token,address_token:32701|address_city:112315|address_token:167047|name_token:44851|address_token:554778|address_token:82090|address_token:174880|address_number:6538|address_token:17097|address_house:67232,0,0,0,0.667,0.923,0,Sona Traders Private Limited,Dr Sona Traders [Private],"5-125/4/1, Road No. 7, Krishna Nagar Colony, Secunderabad, Hyderabad, Telangana","5-125/4/1, ROAD NO. 7, KRISHNA NAGAR COLONY, SECUNDERABAD, Telangana",india
S1-959327403,S2-18019179,address_house|address_number|address_token,address_token:245093|name_token:20956|name_token:9284|address_token:37738|address_house:10554|address_number:19574|address_token:360514|address_city:11962|address_token:343014|name_prefix:8234|address_token:5054,0,0,0,0.0,0.176,0,Innovative Healthcare,इनोवेटिव हेल्थकेयर,"A-51, New Empire Indl Est, Kondivita Road, Andheri-E, Mumbai, Maharashtra","A-D/51, MUMBAI, महाराष्ट्र",india
S1-18291155,S2-460415469,address_token|address_token|address_token|address_token,address_number:21516|address_house:10545|address_token:554778|name_prefix:16258|address_token:58691|name_token:163685|address_token:5606|name_token:10170,0,0,0,0.0,0.625,0,Super Services,सुपर सर्विसेज,"A-48, Jawahar Nagar, Bharatpur, Rajasthan","A-4-8, JAWAHAR NAGAR, BHARATPUR, Rajasthan",india
S1-18291155,S3-574724152,address_house|address_number|address_token|address_token|address_token,address_number:21516|address_house:10545|address_token:554778|name_prefix:16258|address_token:58691|name_token:163685|address_token:5606|name_token:10170,0,0,0,0.0,0.625,0,Super Services,सुपर सर्विसेज,"A-48, Jawahar Nagar, Bharatpur, Rajasthan","A-d/48, Jawahar Nagar, Bharatpur, RJ",india
S1-423176313,S2-794974341,address_token|address_token|address_token|address_token|address_token,name_token:32737|address_token:240821|address_house:37464|address_city:40275|address_token:202085|name_token:9186|address_token:126959|address_number:100244|name_prefix:19101|address_token:79275|address_token:356701,0,0,0,0.0,0.312,0,Shakti Technology LLP,ಶಕ್ತಿ ಟೆಕ್ನಾಲಜಿ ಎಲ್ಎಲ್‌ಪಿ,"Sneh-Smurti, No.11, 3Rd Cross, Anayappa Block Kumarapark (West), Bangalore - 560 020., Bangalore, Karnataka","Karnataka, BANGALORE, BLOCK B-632 SNEH-SMURTI",india
S1-342291202,S2-594533991,address_house|address_number|address_number|address_token|address_token|address_token|address_token,address_token:9198|address_number:20115|address_number:22773|address_number:21300|name_token:30618|name_prefix:32847|address_number:13266|address_token:234608|address_token:343014|name_token:35547|address_token:171715|address_house:10990|address_number:70557,0,0,0,0.0,0.417,0,New Marketing Private Limited,न्यू मार्केटिंग प्राइवेट लिमिटेड,"Sno16/44, 49To54, Royal One, Flatnob/303, Pimple Nilakh, Pune City, Pune, Maharashtra","PUNE, Maharashtra, SNO16/44, PUNE CITY",india
S1-700537878,S2-300501394,address_house|address_number|address_token|address_token|address_token,name_token:12634|address_house:10855|address_token:28941|name_prefix:7943|address_token:258312|address_number:21686|address_token:6398|name_token:5216|address_token:136558,0,0,0,0.0,0.444,0,Life Security Private Limited,ARIAARIA,"01, Gausganj Saray Om Residency, Andharpura, Bareilly, Uttar Pradesh","BAREILLY, Uttar Pradesh, 01",india
S1-283754350,S3-577536962,address_house|address_number|address_number|address_token|address_token|address_token,name_token:229501|address_token:102880|address_token:48809|address_house:8670|address_token:80020|name_token:19792|address_number:15721|address_number:112011|address_token:356701,0,0,0,0.0,0.333,0,Arfa (India) Analytics Clinic,Smt Orbiquovera,"Bally Jagachha, Golam Hossain Sardar Lane, Howrah, 61/10, West Bengal","Bally Jagachha, 61/10, Howrah, পশ্চিমবঙ্গ",india
S1-225978640,S2-916884665,address_house|address_number|address_token|address_token,name_token:22088|address_token:341972|address_house:20625|address_token:554778|address_number:47600|name_token:8720|name_prefix:7948|address_token:173038|address_token:343014,0,0,0,0.0,0.2,0,Modern Construction LLP,मॉडर्न कंस्ट्रक्शन एलएलपी,"Navkar, Margshirsh Sector, Morwadi Road, Nasik, Rane Nagar, Plot No. 23, Maharashtra","H.NO 23, NAVI MUMBAI REGION, RANE NAGAR, महाराष्ट्र",india
S1-350328479,S2-225942282,address_house|address_number|address_token|address_token|address_token|address_token|address_token,name_token:12634|address_token:534840|address_house:6977|name_prefix:7943|address_number:12740|name_token:25057|address_token:554778|address_token:12322|address_token:69657|address_token:20817,0,0,0,0.0,0.8,0,Life Products Private Limited,लाइफ प्रोडक्ट्स प्राइवेट लिमिटेड,"G-73, Laxmi Nagar Vikas Marg, New Delhi, Delhi","G-73, LAXMI NAGAR VIKAS MARG, NEW DELHI, दिल्ली",india
S1-475379146,S3-622313691,address_token|address_token|address_token|address_token|address_token|name_prefix,address_token:113422|name_token:11290|address_number:47600|address_number:12721|address_token:108326|address_token:6001|address_token:202085|address_token:584256|address_token:17659|name_token:71714|address_token:113365|address_token:11774|address_token:27562|name_prefix:11333|address_token:13077|address_house:132166,1,0,0,0.0,0.185,0,Star Solutions Corporation,starsolutions.com,"Block 1, 1St Floor, Core-2, Module No 1G&1H, Survey No.76, 23 Rajiv Gandhi (Omr), Chengalpattu District, Pacifica Tech Park, Tamil Nadu, Kanchipuram, Tiruporur","Pacifica Tech Park, Chengalpattu, Kanchipuram, TN",india
S1-647609804,S2-417701980,address_number|address_token|address_token|address_token|address_token|address_token|address_token,name_token:9215|address_token:29217|address_token:221790|address_token:8227|address_token:97296|address_token:52464|name_prefix:6801|address_token:13762|name_token:21182,0,0,0,0.0,0.35,0,My Properties Private Limited,മൈ പ്രോപ്പർട്ടീസ് പ്രൈവറ്റ് ലിമിറ്റഡ്,"Malappuram, Kerala, Malapuram, Door No. Viii/450J, Behind Cargo Complex, Near Calicut International Airport, P O Kummi, Niparamba, Malappuram","PLOT 805 DOOR NO. VIII/450J, MALAPPURAM, MALAPURAM, Kerala",india
S1-647609804,S2-466169581,address_number|address_token|address_token|address_token|address_token|address_token,name_token:9215|address_token:29217|address_token:221790|address_token:8227|address_token:97296|address_token:52464|name_prefix:6801|address_token:13762|name_token:21182,0,0,0,0.0,0.273,0,My Properties Private Limited,മൈ പ്രോപ്പർട്ടീസ് പ്രൈവറ്റ് ലിമിറ്റഡ്,"Malappuram, Kerala, Malapuram, Door No. Viii/450J, Behind Cargo Complex, Near Calicut International Airport, P O Kummi, Niparamba, Malappuram","PLOT 805 DOOR NO. VIII/450J, MALAPPURAM, MALAPURAM, കേരളം",india
S1-647609804,S2-329954846,address_number|address_token|address_token|address_token|address_token|address_token|address_token,name_token:9215|address_token:29217|address_token:221790|address_token:8227|address_token:97296|address_token:52464|name_prefix:6801|address_token:13762|name_token:21182,0,0,0,0.0,0.35,0,My Properties Private Limited,മൈ പ്രോപ്പർട്ടീസ് പ്രൈവറ്റ് ലിമിറ്റഡ്,"Malappuram, Kerala, Malapuram, Door No. Viii/450J, Behind Cargo Complex, Near Calicut International Airport, P O Kummi, Niparamba, Malappuram","PLOT 805 DOOR NO. VIII/450J, MALAPPURAM, MALAPURAM, Kerala",india
S1-402030193,S2-37436875,address_number|address_token|address_token|name_prefix|name_token,name_prefix:10429|address_city:13432|name_token:10678|address_token:228724|address_token:240821|name_token:44851|address_token:126959|address_token:79275|address_token:114722,1,1,1,0.333,0.4,0,Balaji Traders Pvt. Ltd.,PVT. BALAJI TÁDES LTD.,"3C -309, Bangalore, 3Rd Main Cross, Shanthisagar Cross, Bangalore North, Karnataka, Bangalore","#B3/3C -309, BANGALORE, Karnataka",india
S1-813294881,S3-480466173,address_number|address_token|address_token,address_token:5536|address_token:6893|address_number:6235|name_prefix:28087|address_token:58691|name_token:21182|name_token:8889|name_token:11290,0,0,0,0.0,0.333,0,Shiva Star Properties Pvt Ltd,शिवा स्टार प्रॉपर्टीज प्रा. लि.,"A-212, Ashiana Bageecha, Alwar By Pass Road, Tijara, Alwar, Rajasthan","A-2-212, Tijara, Alwar, RJ",india
S1-130515179,S3-285079829,address_house|address_number|address_number|address_token|address_token|address_token|address_token|address_token|address_token,address_token:584256|address_token:62994|name_token:229501|address_house:20625|address_number:47600|address_token:66761|address_token:93496|address_token:174880|address_token:173038|address_number:81035,0,0,0,0.0,1.0,0,KL India Pvt Ltd,Onyxonyxdova,"M-23, 2Nd Ground Floor, Old Dlf Colony, Near Sector-14, Gurgaon, Haryana","M-23, 2Nd Ground Floor, Old Dlf Colony, Near Sector-14, Gurgaon, Haryana",india
S1-375062216,S2-659070604,address_token|address_token|address_token|address_token|address_token|name_prefix|name_token,address_token:534840|address_token:584256|name_token:81699|address_number:7100|address_token:13143|address_token:554778|name_token:11883|address_token:44513|address_city:139489|name_prefix:8665|address_token:372030,0,0,0,0.333,0.583,0,Om Enterprises Pvt Ltd,OM PVT LTD SERVICES,"122A/5 Third Floor Gautam Nagar, New Delhi, South Delhi, Delhi","NO 1-22A/5 THIRD FLOOR GAUTAM NAGAR, NEW DELHI, Delhi",india
S1-165161135,S2-482260675,name_token|name_token,address_number:100244|name_token:9589|address_token:10007|address_token:240821|name_prefix:28087|address_token:126959|address_number:112011|address_token:79275|address_token:114722|address_token:7649,0,0,0,0.667,0.0,0,Shiv Coprivate Private Limited,Smt Shiv Coprivate Coprivate,"No.1089, 11Th Main, 10Th C Cross Nagapura Wcr, Bangalore, Karnataka",,india
S1-626643702,S3-365260049,address_house|address_token|address_token|address_token|name_prefix,address_token:534840|address_token:584256|address_token:33554|name_prefix:20198|address_token:37137|name_token:16358|address_city:19617|address_house:15010|address_token:82977|address_number:22773,1,0,0,0.0,0.357,0,Green Accessories Limited,greenaccessories.com,"2Nd Floor, Property No. 44, Regal Building Connaught Place, New Delhi, New Delhi, Central Delhi, Delhi","2Nd Floor, New Delhi, Central Delhi, दिल्ली",india
S1-310410656,S2-540455703,address_house|address_token|address_token|address_token,address_token:534840|address_token:6225|address_token:202085|address_token:228724|name_token:9482|address_token:341972|name_token:81699|address_token:554778|address_city:139489|name_prefix:13481|address_number:5539|address_number:81035|address_house:132166,0,0,0,0.0,0.294,0,Aditya Enterprises Private Limited,आदित्य एंटरप्राइजेज प्राइवेट लिमिटेड,"Plot No-1, K.H.No. 137/14 A-2, Block, Sant Nagar, Burari, New Delhi, North Delhi, Delhi","PLOT NO-1, NORTH EAST, NORTH DELHI, Delhi",india
S1-962959254,S2-854063843,address_token|address_token|address_token|address_token|address_token|address_token,address_number:5586|address_token:341972|name_token:26479|name_token:10218|address_token:22225|address_token:14551|address_token:48680|address_token:343014|name_prefix:20012,0,0,0,0.0,0.8,0,Sun Producer Private Limited,सन प्रोड्यूसर प्राइवेट लिमिटेड,"Plot No. F-131, Midc Area, Ambad, Nashik, Maharashtra","PLOT NO. F-31, MIDC AREA, AMBAD, NASHIK, Maharashtra",india
S1-855587891,S3-650677495,address_house|address_number|address_number|address_token|address_token,address_token:7569|address_number:5714|address_number:6278|name_prefix:6794|address_token:360514|address_token:11043|address_token:97296|name_token:26067|address_token:234608|address_token:343014|address_token:356701|name_token:8607,0,0,0,0.0,0.333,0,Lotus Infra Private Limited,लोटस इंफ्रा प्राइवेट लिमिटेड,"B-405/406, Pranav Commercial Complex M.G. Road Mulund (West), Mumbai, Mumbai City, Maharashtra","B-405/406, Mumbai City, MH",india
S1-855587891,S3-645407431,address_house|address_number|address_number|address_token|address_token,address_token:7569|address_number:5714|address_number:6278|name_prefix:6794|address_token:360514|address_token:11043|address_token:97296|name_token:26067|address_token:234608|address_token:343014|address_token:356701|name_token:8607,0,0,0,0.0,0.278,0,Lotus Infra Private Limited,लोटस इंफ्रा प्राइवेट लिमिटेड,"B-405/406, Pranav Commercial Complex M.G. Road Mulund (West), Mumbai, Mumbai City, Maharashtra","B-405/406, Mumbai City, Mumbai, महाराष्ट्र",india
S1-855587891,S2-627297348,address_number|address_number|address_token|address_token,address_token:7569|address_number:5714|address_number:6278|name_prefix:6794|address_token:360514|address_token:11043|address_token:97296|name_token:26067|address_token:234608|address_token:343014|address_token:356701|name_token:8607,0,0,0,0.0,0.25,0,Lotus Infra Private Limited,लोटस इंफ्रा प्राइवेट लिमिटेड,"B-405/406, Pranav Commercial Complex M.G. Road Mulund (West), Mumbai, Mumbai City, Maharashtra","BLOCK B-961  B-405/406, महाराष्ट्र, MUMBAI CITY, MUMBAI",india
S1-844353049,S2-197504369,address_house|address_number|address_token|address_token,name_token:10593|address_city:42559|address_house:9251|name_prefix:8740|address_number:18589|address_token:80020|name_token:21546|address_token:102880|address_token:356701,0,0,0,0.0,0.4,0,Sree Constructions Pvt Ltd,শ্রী কনস্ট্রাকশনস প্রাইভেট লিমিটেড,"West Bengal, Howrah, 56 Kings Road, Howrah","###56 KINGS ROAD, HOWRAH, পশ্চিমবঙ্গ",india
S1-206805229,S2-551878685,address_city|address_house|address_number|address_number|address_number|address_token|address_token|address_token|address_token|address_token,address_token:534840|address_token:245093|address_token:584256|address_city:139489|name_token:8881|address_token:13143|address_token:84918|address_token:554778|name_prefix:6948|address_house:25954|name_token:64038|address_number:61990|address_number:58224|address_token:20817|address_number:5200,0,0,0,0.0,0.769,0,Gujarat Exports Private Limited,गुजरात एक्सपोर्ट्स प्राइवेट लिमिटेड,"Delhi, Third Floor, H-17-18 Shop No-310, Laxmi Nagar, East Delhi","H-17-18 SHOP NO-310, <NULL>, LAXMI NAGAR, EAST DELHI, Delhi",india
S1-206805229,S3-630160771,address_city|address_house|address_number|address_number|address_number|address_token|address_token|address_token|address_token|address_token|address_token|address_token|name_token,address_token:534840|address_token:245093|address_token:584256|address_city:139489|name_token:8881|address_token:13143|address_token:84918|address_token:554778|name_prefix:6948|address_house:25954|name_token:64038|address_number:61990|address_number:58224|address_token:20817|address_number:5200,0,0,0,0.2,0.923,0,Gujarat Exports Private Limited,गुजरात Exports Private Limited,"Delhi, Third Floor, H-17-18 Shop No-310, Laxmi Nagar, East Delhi","H-#17-18 Shop No-310, Third Floor, Laxmi Nagar, East Delhi, DL",india
S1-206805229,S2-838866236,address_city|address_house|address_number|address_number|address_number|address_token|address_token|address_token|address_token|address_token,address_token:534840|address_token:245093|address_token:584256|address_city:139489|name_token:8881|address_token:13143|address_token:84918|address_token:554778|name_prefix:6948|address_house:25954|name_token:64038|address_number:61990|address_number:58224|address_token:20817|address_number:5200,0,0,0,0.0,0.667,0,Gujarat Exports Private Limited,गुजरात एक्सपोर्ट्स प्राइवेट लिमिटेड,"Delhi, Third Floor, H-17-18 Shop No-310, Laxmi Nagar, East Delhi","H-17-18 SHOP NO-310, <NULL>, LAXMI NAGAR, EAST DELHI, दिल्ली",india
S1-855463763,S3-130939046,address_token|address_token|name_prefix,name_prefix:55481|name_token:10057|address_token:139352|name_token:17534|address_token:103662|address_house:8702|name_token:8354|address_token:234608|address_token:89474|address_number:15838,1,1,0,0.0,0.182,0,Indian Good Food Private Limited,indiangoodfood.com,"302, Ramchandra House, City Ahmedabad, Ahmedabad, Gujarat","3-02, City Ahmedabad, Ahmedabad, ગુજરાત",india
S1-318256363,S2-297580922,address_number|address_token|address_token|address_token|address_token,name_prefix:15064|name_token:22088|address_token:62994|address_token:554778|address_number:9836|address_token:139352|address_token:9584|address_token:66761|name_token:11198|address_house:67232,0,0,0,0.0,0.583,0,Krishna Construction Private Limited,Deltalyradelta,"House No. 5/109 Shivaji Nagar, Gurgaon, Haryana, Gurgaon","#901  HOUSE NO. 5/109 SHIVAJI NAGAR, GURGAON, हरियाणा",india
S1-318256363,S3-137468912,address_number|address_token|address_token|address_token|address_token|name_token|name_token,name_prefix:15064|name_token:22088|address_token:62994|address_token:554778|address_number:9836|address_token:139352|address_token:9584|address_token:66761|name_token:11198|address_house:67232,0,0,0,0.667,0.5,0,Krishna Construction Private Limited,Mr KRISHNA CONSTRUCTION PRIVATE LIMITED,"House No. 5/109 Shivaji Nagar, Gurgaon, Haryana, Gurgaon","House No. 005/109 Shivaji Nagar, Gurgaon, हरियाणा",india
S1-318256363,S2-517189278,address_number|address_token|address_token|address_token|address_token|address_token,name_prefix:15064|name_token:22088|address_token:62994|address_token:554778|address_number:9836|address_token:139352|address_token:9584|address_token:66761|name_token:11198|address_house:67232,0,0,0,0.0,0.889,0,Krishna Construction Private Limited,कृष्ण कंस्ट्रक्शन प्राइवेट लिमिटेड,"House No. 5/109 Shivaji Nagar, Gurgaon, Haryana, Gurgaon","NO 901  HOUSE NO. 5/109 SHIVAJI NAGAR, GURGAON, Haryana",india
S1-318256363,S2-516438931,address_number|address_token|address_token|address_token|address_token|address_token,name_prefix:15064|name_token:22088|address_token:62994|address_token:554778|address_number:9836|address_token:139352|address_token:9584|address_token:66761|name_token:11198|address_house:67232,0,0,0,0.0,0.889,0,Krishna Construction Private Limited,कृष्णा कंस्ट्रक्शन प्राइवेट लिमिटेड,"House No. 5/109 Shivaji Nagar, Gurgaon, Haryana, Gurgaon","#901  HOUSE NO. 5/109 SHIVAJI NAGAR, GURGAON, Haryana",india
S1-61607331,S3-192296041,address_number|address_token|address_token|address_token|name_prefix,address_house:7653|address_token:360514|address_token:41417|name_prefix:9724|address_token:584256|address_token:28189|address_token:69657|name_token:82701|name_token:11957|address_token:234608|address_token:38607|address_token:343014,0,0,0,0.0,0.227,0,Maa Industries,maaindustries.com,"Maharashtra, Mumbai City, Mumbai, 4Th Floor, F Wing, Mahapurush Mandir Marg, Suryakund Gunpowder Rd, Mazagaon, Room No. 444","Room No. 3-444, Mumbai, Mumbai City, महाराष्ट्र",india
S1-304281821,S3-687926303,address_token|address_token|address_token|address_token,address_city:25598|name_token:34269|name_prefix:13224|address_token:174880|name_token:21182|address_token:372030|address_token:43735|address_house:132166,0,0,0,0.0,0.333,0,Global Properties Private Limited,ग्लोबल प्रॉपर्टीज प्राइवेट लिमिटेड,"Bihar, Sri Rathindra Nath Barman, S/O Lt.Suresh Ch. Barman, Colony No-1, Katihar","Sri Rathindra Nath Barman, Katihar, BR",india
S1-824011252,S3-667893379,address_city|address_house|address_number|address_token|address_token|address_token|address_token|address_token|address_token,address_token:534840|address_house:24466|address_city:59596|address_token:39351|address_number:64306|address_token:356701|address_token:108326|address_token:372030|address_token:5500,0,0,0,0.0,1.0,0,Inventors Robotics,IR,"Rz-24, Gali No. 1 Durga Park, Delhi, South West Delhi, Delhi","Rz-24, Gali No. 1 Durga Park, Delhi, South West Delhi, Delhi",india
S1-503148672,S3-216655202,address_house|address_number|address_token|address_token,address_token:113422|address_token:11774|name_token:9831|name_token:9251|address_number:14341|name_token:64038|address_house:62816|name_prefix:18652|address_token:113365,0,0,0,0.0,0.455,0,Prime Sky Exports Private Limited,பிரைம் ஸ்கை எக்ஸ்போர்ட்ஸ் பிரைவேட் லிமிடெட்,"No 6/71, Pillaiyar Kovil Street, Saidapet, Kanchipuram, Tamil Nadu","No #6/71, Saidapet, Kanchipuram, TN",india
S1-503148672,S3-282804858,address_house|address_number|address_token|address_token,address_token:113422|address_token:11774|name_token:9831|name_token:9251|address_number:14341|name_token:64038|address_house:62816|name_prefix:18652|address_token:113365,0,0,0,0.0,0.455,0,Prime Sky Exports Private Limited,பிரைம் ஸ்கை எக்ஸ்போர்ட்ஸ் பிரைவேட் லிமிடெட்,"No 6/71, Pillaiyar Kovil Street, Saidapet, Kanchipuram, Tamil Nadu","No #6/71, Kanchipuram, Saidapet, TN",india
S1-632796750,S3-952476639,name_prefix|name_token|name_token,address_token:37660|address_token:136558|name_token:8686|address_token:258312|name_prefix:7000|name_token:22094,1,1,0,1.0,0.0,0,Shyam Software,Shyam Shyam (Software),"Nawabganj, Barabanki, 152 Vill Khandauli, Uttar Pradesh",,india
S1-431477157,S2-795334594,name_core_exact|name_prefix|name_token|name_token,name_token:9377|address_token:97296|address_token:43735|name_prefix:10444|name_token:82701,1,1,1,1.0,0.0,0,Tirupati Industries Private Limited,Tirupati Industries Private,"A 505 Okhandiar Complex Amulya Ghosh Road, Bhagalpur, Bihar",,india
S1-378953159,S2-579304445,address_house|address_number|address_number|address_token|address_token|address_token|address_token|address_token,address_number:55826|address_token:360514|name_prefix:25559|name_token:74331|name_token:32515|address_number:81035|address_house:95139|address_token:341972|address_token:171133|address_token:26457|address_token:96183|address_token:343014|address_token:372030,0,0,0,0.0,0.632,0,Tech Ventures Limited,टेक वेंचर्स लिमिटेड,"Flat No C 2/3 1 Plot 14 Sect 19A, Gokul Coop Hsg S. Nerul, Navi Mumbai, Thane, Maharashtra","FLAT NO C 2/3 1 PLOT 14 SECT 19A, THANE, Maharashtra",india
S1-677299495,S3-972027852,address_number|address_number|address_token|address_token|address_token|address_token|address_token|name_token|name_token,name_token:21249|address_token:202085|address_token:240821|address_token:126959|address_token:10007|address_number:112011|address_token:79275|address_token:114722|address_token:5490,0,0,0,0.667,0.692,0,Image Institute,Mr Image Institute Corporation,"Karnataka, Jayanagar, 157/A, Bangalore, 6Th 'A' Cross, 10Th 'A' Main, 1St Block","Bengaluru, KA, 6Th 'A' Cross, 10Th 'A' Main, 1St Block, 157/A, Bangalore",india
S1-564153926,S3-781745015,name_prefix|name_token|name_token,name_token:18834|address_token:6753|address_number:10919|address_token:58691|address_house:6274|address_number:15988|address_token:71965,1,1,1,0.667,0.0,0,QN Power Private Limited,QN Power Limited Center,"82/92, Jaipur, Rajasthan, Jaipur, Aravali Path, Mansarovar",,india
S1-327776416,S3-454585267,address_house|address_number|address_token|name_prefix,address_token:341972|address_token:19617|address_token:24949|address_token:174880|address_house:37179|address_token:343014|address_number:97569,1,0,0,0.0,0.188,0,Ujjaora Maverick Limited,Ujja0ra  Mtaiec Limited,"Aurangabad, Plot No.12, Sahakar Bank Colony, Maharashtra, Aurangabad","Door No 12, Chhatrapati Sambhaji Nagar, Aurangabad, महाराष्ट्र",india
S1-210142155,S3-260490411,address_token|address_token|address_token|name_token|name_token,address_house:7653|address_token:113422|name_prefix:8598|address_token:584256|address_token:124809|address_number:8641|address_token:82977|name_token:9114|name_token:18090|address_token:113365,0,0,0,0.667,0.188,0,Perfect Impex Private Limited,Preieo Perfect Impex Limited,"'Kothari Building', 4Th Floor, 114 M G Road, Nungambakkam, Chennai, Tamil Nadu","'Kothari Building', Chennai, தமிழ்நாடு",india
S1-544691136,S3-835104999,address_number,address_house:11099|name_token:16957|name_prefix:16219|address_number:21543|address_token:58691|address_token:69657|address_token:71965|name_token:8772,0,0,0,0.0,0.143,0,Eastern Investment,ईस्टर्न इन्वेस्टमेंट,"D-50, Hathi Babu Marg, Banipark, Jaipur, Rajasthan","Plot 76 D-50, Sawai Madhopur, <NULL>, RJ",india
S1-544691136,S3-291195880,address_number|address_token|address_token|address_token,address_house:11099|name_token:16957|name_prefix:16219|address_number:21543|address_token:58691|address_token:69657|address_token:71965|name_token:8772,0,0,0,0.0,0.357,0,Eastern Investment,ईस्टर्न इन्वेस्टमेंट,"D-50, Hathi Babu Marg, Banipark, Jaipur, Rajasthan","Plto 76 D-50, Hathi Babu Marg, Sawai Madhopur, <NULL>, RJ",india
S1-82748845,S2-356409289,address_city|address_house|address_number|address_token|address_token|address_token,address_number:11901|address_city:112315|address_token:171715|address_house:6413|address_token:343014|address_token:372030,0,0,0,0.0,0.462,0,XA Links Private Limited,xalinks.com,"S. No. 79/2, H. No. 1437, Bh Agarwal Godown Shivne, Pune, Maharashtra","S. NO. 79/2, PUNE REGION, PUNE, Maharashtra",india
S1-942145492,S2-933337036,address_number|address_token|address_token|address_token,address_token:40417|address_house:7770|name_token:9312|address_token:554778|address_number:15348|name_token:22080|address_number:14810|address_token:234608|address_token:258312|address_token:36817|name_prefix:6411,0,0,0,0.0,0.333,0,Ss Business Private Limited,एसएस बिजनेस प्राइवेट लिमिटेड,"Veena Nagar, Nx Prime City Sukhliya, Indore, Madhya Pradesh, 66/67","0066/67, INDORE, Madhya Pradesh",india
S1-942145492,S3-874731120,address_number|address_token|name_token|name_token,address_token:40417|address_house:7770|name_token:9312|address_token:554778|address_number:15348|name_token:22080|address_number:14810|address_token:234608|address_token:258312|address_token:36817|name_prefix:6411,0,0,0,0.667,0.154,0,Ss Business Private Limited,Smt Ss Business Private,"Veena Nagar, Nx Prime City Sukhliya, Indore, Madhya Pradesh, 66/67","56/67, Indore, MP",india
S1-587323853,S3-933976635,address_house|address_token|address_token|name_prefix|name_token|name_token|name_token,address_token:7569|address_token:245093|name_prefix:8911|address_token:234608|address_token:360514|name_token:53012|name_token:8929|address_token:8757|name_token:10566|address_token:343014|address_house:132166,1,1,1,0.75,0.312,0,Royal Dynamic Technologies Private Limited,Royal Dynamic  Technologies Limited Center,"Flt D/1, Grd. Flr., Neeta Apts, Mithagar Road, Mulund (East), Mumbai, Mumbai City, Maharashtra","Flt D/1, Bombay, Mumbai City, MH",india
S1-593698098,S2-683230555,address_number|address_token|address_token|address_token|address_token|address_token|address_token,name_prefix:32847|address_token:153726|name_token:81699|address_token:102880|address_token:24733|address_number:64306|name_token:35547|address_city:36110|address_token:356701|address_token:372030,0,0,0,0.0,0.818,0,New Enterprises Private Limited,নিউ এন্টারপ্রাইজেস প্রাইভেট লিমিটেড,"153/1 Jessore Road, Kolkata, South 24 Parganas, West Bengal","53/1 JESSORE ROAD, SOUTH 24 PARGANAS, KOLKATA, West Bengal",india
S1-574802146,S3-983438811,address_house|address_number|address_token|address_token,address_number:14021|address_token:584256|address_token:102880|name_token:9603|address_token:7220|address_token:80020|name_token:8881|name_prefix:6948|name_token:22563|address_house:7526|address_token:93496|address_token:356701,0,0,0,0.0,0.25,0,Gujarat Unique Infrastructure LLP,গুজরাট ইউনিক ইনফ্রাস্ট্রাকচার এলএলপি,"68, Shibpur Road, Asha Mansion, Ground Floor, Mandirtala, Howrah, West Bengal","68, Mandirtala, Howrah, WB",india
S1-707843586,S2-425807937,address_house|address_number|address_token|address_token,address_token:102880|address_house:9414|address_token:34632|address_token:356701|name_token:163685|name_token:8709|address_number:18083|name_prefix:11571,0,0,0,0.0,0.385,0,Bright Services Private Limited,ব্রাইট সার্ভিসেস প্রাইভেট লিমিটেড,"60 Nalini Seth Road, Kol, Calcutta, West Bengal","KOL, পশ্চিমবঙ্গ, 60 NALINI SOTH ROAD, CALCUTTA",india
S1-707843586,S3-445443373,address_house|address_number|address_token|address_token|address_token,address_token:102880|address_house:9414|address_token:34632|address_token:356701|name_token:163685|name_token:8709|address_number:18083|name_prefix:11571,0,0,0,0.0,0.667,0,Bright Services Private Limited,ব্রাইট সার্ভিসেস প্রাইভেট লিমিটেড,"60 Nalini Seth Road, Kol, Calcutta, West Bengal","##60 Nalini Seth Road, Calcutta, Kol, WB",india
S1-136731726,S2-51867668,address_token|address_token|address_token|address_token,address_token:6450|address_house:13467|address_token:584256|address_token:26214|address_token:5695|address_token:61302|address_token:554778|address_number:27164|name_prefix:7697|name_token:30224|name_token:8354|name_token:9249,0,0,0,0.0,0.444,0,Good Ace Engineering Pvt Ltd,ਗੁੱਡ ਏਸ ਇੰਜੀਨੀਅਰਿੰਗ ਪ੍ਰਾ. ਲਿ.,"Punjab, Jalandhar, Jalandhar - I, 36-B, Adarsh Nagar, First Floor","FIRST FLOOR, JALANDHAR, Punjab",india
S1-5606289,S2-598501163,address_token|address_token|address_token|address_token,address_token:46841|name_token:18301|name_prefix:6794|address_token:554778|address_token:126959|name_token:8607,0,0,0,0.0,0.286,0,Lotus Infotech Private Limited,ಲೋಟಸ್ ಇನ್‌ಫೋಟೆಕ್ ಪ್ರೈವೇಟ್ ಲಿಮಿಟೆಡ್,"Venkateshwara Nilaya, Kini Layout Opp:Bharatiya Sabha Bhavana, R M L Nagar, Shimoga, Karnataka","VENKATESHWARA NILAYA, SHIMOGA, Karnataka",india
S1-83547030,S2-57734257,name_token,address_number:50465|name_token:9544|address_token:554778|address_house:6388|address_number:11816|address_token:173038|address_token:44513|address_token:258312|address_token:53898|address_token:136558|address_token:40324,0,0,0,0.25,0.0,0,Ardor Sangh,Shri Ard0r Sangh,"F 84 B Sector 22, Gautam Buddha Nagar, Uttar Pradesh, Noida",,india
S1-833119386,S3-168943913,address_house|address_number|address_number|address_token,address_token:258312|address_token:58519|name_token:34269|name_token:8698|address_house:11099|address_number:21543|address_token:7060|address_token:9465|name_token:9909|address_number:15988|address_token:136558|name_prefix:7962,0,0,0,0.0,0.273,0,Future Pioneer Global Private Limited,फ्यूचर पायोनियर ग्लोबल प्राइवेट लिमिटेड,"Jai Narayan Road, Hussain Ganj, Lucknow, 50/82, Uttar Pradesh","50/82, Lucknow, UP",india
S1-833119386,S3-446614915,address_house|address_number|address_number|address_token|name_prefix|name_token|name_token,address_token:258312|address_token:58519|name_token:34269|name_token:8698|address_house:11099|address_number:21543|address_token:7060|address_token:9465|name_token:9909|address_number:15988|address_token:136558|name_prefix:7962,1,1,1,0.5,0.273,0,Future Pioneer Global Private Limited,Future Piconer Global Private Limited,"Jai Narayan Road, Hussain Ganj, Lucknow, 50/82, Uttar Pradesh","Lucknow, UP, 50/82, Lucknow",india
S1-815896093,S2-501316016,name_token,name_token:9589|name_prefix:28087|address_token:39090|name_token:22563|address_token:9595|address_token:43735|address_token:38376,0,0,0,0.167,0.0,0,Shiv Infrastructure Limited,M/s Shiv Límited Services,"C/O Rajeshwar Prasad Singh Rajeshwar Prasad Singh, Patna, Indrapuri Patliputra, Bihar",,india
S1-689208629,S3-842283826,address_number|address_token|address_token|name_prefix|name_token,address_token:62994|address_number:20115|name_token:10218|name_token:27880|address_house:9854|address_number:19574|address_token:139352|address_token:66761|address_token:173038|address_token:39568|name_prefix:20012,1,1,0,0.333,0.357,0,Sun Foods Private Limited,Sun Foid Private Limited,"House No. 54- B, Mayfield Garden, Sector- 51, Gurgaon, Haryana","Block A-731- House No. 54- B, Gurgaon, HR",india
S1-689208629,S2-694349717,address_number|address_token|address_token|address_token,address_token:62994|address_number:20115|name_token:10218|name_token:27880|address_house:9854|address_number:19574|address_token:139352|address_token:66761|address_token:173038|address_token:39568|name_prefix:20012,0,0,0,0.0,0.5,0,Sun Foods Private Limited,सन फूड्स प्राइवेट लिमिटेड,"House No. 54- B, Mayfield Garden, Sector- 51, Gurgaon, Haryana","GURGAON, H.NO ##884 HOUSE NO. 54- B, Haryana",india
S1-780488,S2-662240955,address_number|address_token|address_token|address_token|address_token,name_token:22412|address_token:18948|name_token:10218|address_token:11523|address_token:171715|address_token:372030|address_token:343014|name_prefix:20012,0,0,0,0.0,0.462,0,Sun Consulting Private Limited,सन कंसल्टिंग प्राइवेट लिमिटेड,"Maharashtra, Vijay Ngr, Gayaran Wasti, Pune, Haveli, Hno 629 S 176/6","Maharashtra, 696 S 176/6, HAVELI, PUNE",india
S1-961111170,S2-496032461,address_token|address_token|address_token,name_token:229501|address_token:360514|address_token:139352|name_token:32061|address_token:72724|address_token:202085|address_token:584256|address_token:37738|address_token:17545|address_token:55321|address_city:7373|address_house:42028|address_token:82977|address_token:171133|address_number:112011|address_token:173038|address_token:343014|address_token:356701,0,0,0,0.0,0.208,0,Adeep (India) Developers Private Limited,indiadevelopers.com,"Flat No- Ga, Mumbai, Floor No- Mezzanine Floor, Building Name- Modi House. C-10. Dalia Industrial Estate, Block Sector- Andheri West, Road- Off New Link Road, Mumbai, Maharashtra","FLAT NO- GA, Maharashtra, MUMBAI",india
S1-37281617,S2-345179194,address_city|address_token|address_token|address_token,address_city:112315|address_token:234608|name_token:9251|address_token:554778|name_token:33039|address_house:71183|address_token:171715|address_token:7071|name_prefix:9723|address_token:343014|address_token:372030,0,0,0,0.0,0.333,0,Sky Consultants Private Limited,स्काई कंसल्टेंट्स प्राइवेट लिमिटेड,"Maharashtra, S No. 4/8A/2, Shrirang Bunglow No 1, Shivtej Nagar, Pimple Saudagar, Pune, Pune City","#3-417 S NO. 4/8A/2, PUNE, PUNE CITY, महाराष्ट्र",india
S1-578808399,S3-330885551,address_number|address_number|address_number|address_token,address_city:112315|address_number:47600|address_token:584256|address_token:102880|address_number:97569|address_token:153726|address_house:80971|address_token:80020|address_token:171133|name_token:13458|name_token:22466|address_number:112011|name_token:28626|address_token:356701,0,0,0,0.0,0.25,0,KG Energy of Kolkata,kgenergykolkatacom,"Siddhi Nath Chatterjee Road Flat No. 3, 3Rd Floor, Behala, Kolkata, 12(10/23/A), Howrah, West Bengal, Kolkata","Howrah, #12(10/23/A), Calcutta, WB",india
S1-947348455,S3-449617015,address_number|address_token|address_token|address_token|address_token|address_token|address_token|address_token|name_prefix|name_token,name_token:10064|address_token:534840|address_token:584256|address_number:6235|address_token:73068|address_token:9734|address_token:38607|name_token:22221|address_token:48680|address_token:72724|name_prefix:25950,1,1,0,0.25,0.765,0,United Builders Pvt Ltd,United Pvt Ltd Partners #54467,"D-193 Room No 212, 3Rd Floor, Okhla Industrial Area, Phase 1, New Delhi, Delhi","D-93 Room No 212, 3Rd Floor, Okhla Industrial Area, Phase 1, New Delhi, Vasundhara, DL",india
S1-947348455,S3-176624428,address_number|address_token|address_token,name_token:10064|address_token:534840|address_token:584256|address_number:6235|address_token:73068|address_token:9734|address_token:38607|name_token:22221|address_token:48680|address_token:72724|name_prefix:25950,0,0,0,0.0,0.353,0,United Builders Pvt Ltd,यूनाइटेड बिल्डर्स प्रा. लि.,"D-193 Room No 212, 3Rd Floor, Okhla Industrial Area, Phase 1, New Delhi, Delhi","D-93 Room No 212, New Delhi, Vasundhara, DL",india
S1-947348455,S3-626146354,address_number|address_token|address_token|address_token|address_token|address_token|address_token,name_token:10064|address_token:534840|address_token:584256|address_number:6235|address_token:73068|address_token:9734|address_token:38607|name_token:22221|address_token:48680|address_token:72724|name_prefix:25950,0,0,0,0.0,0.667,0,United Builders Pvt Ltd,यूनाइटेड बिल्डर्स प्रा. लि.,"D-193 Room No 212, 3Rd Floor, Okhla Industrial Area, Phase 1, New Delhi, Delhi","D-93 Ronm No 212, 3Rd Floor, Okhla Industrial Area, Phase 1, New Delhi, Vasundhara, DL",india
S1-706620791,S2-941955765,address_token|address_token|name_token,name_token:17643|address_token:534840|address_token:6144|address_token:18323|address_token:66761|name_token:8720|name_prefix:7948,0,0,0,0.091,0.267,0,Modern Logistics Private Limited,मॉडर्न Logistics प्राइवेट लिमिटेड,"Mie Part B, Rohtak Delhi, Road, Near Tata Showroom, Bahadurgarh, Jhajjar, Haryana","MIE PART B, JHAJJAR, हरियाणा",india
S1-706620791,S2-971838753,address_token|address_token|address_token|address_token,name_token:17643|address_token:534840|address_token:6144|address_token:18323|address_token:66761|name_token:8720|name_prefix:7948,0,0,0,0.0,0.5,0,Modern Logistics Private Limited,मॉडर्न लॉजिस्टिक्स प्राइवेट लिमिटेड,"Mie Part B, Rohtak Delhi, Road, Near Tata Showroom, Bahadurgarh, Jhajjar, Haryana","MIE PART B, BAHADURGARH, JHAJJAR, Haryana",india
S1-706620791,S2-403300098,address_token|address_token|address_token,name_token:17643|address_token:534840|address_token:6144|address_token:18323|address_token:66761|name_token:8720|name_prefix:7948,0,0,0,0.0,0.333,0,Modern Logistics Private Limited,मॉडर्न लॉजिस्टिक्स प्राइवेट लिमिटेड,"Mie Part B, Rohtak Delhi, Road, Near Tata Showroom, Bahadurgarh, Jhajjar, Haryana","MIE PART B, JHAJJAR, BAHADURGARH, हरियाणा",india
S1-836782144,S3-617978181,address_token|address_token|name_prefix|name_token,name_token:10064|name_token:18834|address_token:554778|address_token:9584|name_prefix:25950|address_token:343014,1,1,0,0.333,0.222,0,United Power Limited,United Limited Center,"Shivaji Nagar Nanded, Nanded, Maharashtra","Shvaji Nagar Nanded, Nanded, महाराष्ट्र",india
S1-609710611,S2-36565676,address_house|address_number|address_token|address_token|address_token,address_token:113422|name_token:31661|address_token:124809|name_token:9482|address_token:554778|address_house:13145|address_number:25743|name_prefix:13481|address_token:113365,0,0,0,0.0,0.4,0,Aditya Consultancy,ஆதித்யா கன்சல்டன்சி,"No 37, Ss Nagar Thirumullaivoyal, Chennai, Thiruvallur, Tamil Nadu","37, MADRAS, THIRUVALLUR, Tamil Nadu",india
S1-623832110,S3-456687669,address_token|address_token|address_token|address_token,address_number:50465|address_token:27424|address_token:584256|name_token:9215|address_number:11485|name_token:30224|address_token:18466|name_prefix:6801|address_token:171133|address_token:14263|address_house:20958,0,0,0,0.0,0.357,0,My Engineering Limited,ମାଇ ଇଞ୍ଜିନିୟରିଂ ଲିମିଟେଡ୍,"Flat No 22, 2Nd Floor 88/, 88/4438 Vip-3 Nayapali, Bhubaneswar, Khordha, Orissa","Flat No 21, Bhubaneswar, Khordha, Orissa",india
S1-720568577,S2-512099516,name_core_exact|name_prefix|name_token|name_token,name_token:12696|name_prefix:13403|address_token:554778|address_number:12578|address_token:6686|address_token:171715|address_token:108326|name_token:18090|address_token:343014,1,1,1,1.0,0.0,0,Pune Impex Private Limited,Pune Impex,"Sn-186 A/5 Fl-402 Shastri Nagar Yerwada Park Island Pune, Maharashtra, Pune",,india
S1-416382063,S3-252208123,address_token|address_token|address_token|address_token|name_prefix|name_token,name_prefix:15985|address_token:12281|address_token:584256|address_token:37552|name_token:9573|address_token:38607|address_token:52464|name_token:22221,1,1,1,0.333,0.333,0,Bharat Builders Private Limited,Bharat Bields-Private Limited,"Dd Vyapar Bhavan, Room No 153, 1St Floor, K.P.Vallon Road, Kadavanthara, Ernakulam, Kerala","Door No 21 Dd Vyapar Bhavan, Ernakulam, Kadavanthara, Keralam",india
S1-183430743,S3-186357036,address_city|address_house|address_number|address_token|address_token,name_token:9074|name_prefix:7258|address_token:43480|address_number:100244|address_token:534840|address_token:341972|address_city:139489|address_token:171133|address_token:14375|name_token:21182|address_token:173038|address_token:356701,0,0,0,0.0,0.267,0,Apex Properties Pvt Ltd,एपेक्स प्रॉपर्टीज प्रा. लि.,"Delhi, Flat No.374, Delhi, Sapna Ghar Apartment Plot No.6B, Sector-11, Dwarka, West Delhi","Door No 374, Delhi, West Delhi, DL",india
S1-77763615,S3-420629888,address_house|address_token|address_token,name_token:22412|address_token:153726|address_token:584256|address_token:80020|name_token:10000|address_token:102880|address_token:356701|name_prefix:16634,0,0,0,0.0,0.3,0,Raj Consulting Private Limited,রাজ কনসাল্টিং প্রাইভেট লিমিটেড,"5A, Leonard Road, 4Th Floor, Kolkata, Howrah, West Bengal","5A, Kolkata, Howrah, WB",india
S1-430626463,S3-606836187,address_house|address_token|address_token|name_token,address_token:17659|address_house:80971|address_number:27726|address_token:84918|address_token:29217|address_token:343014|address_token:82977|address_token:171715|address_token:17260|name_token:82701,0,0,0,0.25,0.2,0,WOC Industries Private Limited,W0C Industries Prívate Limited,"Shop No.3, Paradeshi Building Survey No.34/4/5, Behind Pict College, Dha, Nkowdi, Pune, Maharashtra","Shop No.3, Pune, महाराष्ट्र",india
S1-282107440,S3-926477330,address_house|address_number|name_prefix|name_token,name_prefix:13915|address_token:153726|address_house:10423|address_token:80020|address_number:19038|address_token:102880|address_token:5754|address_city:36110|name_token:13458|address_token:356701,1,1,1,0.333,0.182,0,Kolkata Career Pvt. Ltd.,Kolkata Cenrre Pvt. Ltd.,"103/4A, Nabalia Para Road, Kolkata, Kolkata, Howrah, West Bengal","103/4A, Calcutta, WB",india
S1-859421483,S2-477263451,address_token|address_token|address_token|address_token,name_prefix:8983|address_token:52464|address_token:37552|address_token:30603|name_token:9367|address_token:5623|name_token:22094,0,0,0,0.0,0.538,0,Silver Software Limited,സിൽവർ സോഫ്റ്റ്‌വെയർ ലിമിറ്റഡ്,"C/O P Sukumaran, Smitha, Tourist Home Bldg, Paravur, Ernakulam, Kerala","PLOT 223 C/O P SUKUMARAN, ERNAKULAM, PARAVUR, Kerala",india
S1-859421483,S3-462478813,address_token|address_token|address_token,name_prefix:8983|address_token:52464|address_token:37552|address_token:30603|name_token:9367|address_token:5623|name_token:22094,0,0,0,0.0,0.375,0,Silver Software Limited,സിൽവർ സോഫ്റ്റ്‌വെയർ ലിമിറ്റഡ്,"C/O P Sukumaran, Smitha, Tourist Home Bldg, Paravur, Ernakulam, Kerala","Block A-893 C/o P Sukumaran, Paravur, Ernakulam, കേരളം",india
S1-713909261,S3-630329507,address_token|address_token|address_token|address_token|name_prefix|name_token|name_token,address_token:41892|address_token:360514|address_token:139352|name_token:9167|address_token:108326|address_token:24949|name_token:26067|address_token:234608|address_token:5377|name_prefix:7763|address_token:343014,1,1,1,0.667,0.182,0,Red Infra Private Limited,Red Infra  Limited Center,"Gurunanak House, Sindhi Society, Near Sbi Bank Swastik Park Branch, Off Sion-Trombay Roa, D, Chembur, Mumbai, Mumbai City, Maharashtra","Gurunanak House, N/A, Mumbai, Mumbai City, MH",india
S1-713909261,S2-529702826,address_token|address_token|address_token|address_token|address_token,address_token:41892|address_token:360514|address_token:139352|name_token:9167|address_token:108326|address_token:24949|name_token:26067|address_token:234608|address_token:5377|name_prefix:7763|address_token:343014,0,0,0,0.0,0.263,0,Red Infra Private Limited,रेड इंफ्रा प्राइवेट लिमिटेड,"Gurunanak House, Sindhi Society, Near Sbi Bank Swastik Park Branch, Off Sion-Trombay Roa, D, Chembur, Mumbai, Mumbai City, Maharashtra","GURUNANAK HOUSE, MUMBAI, MUMBAI CITY, Maharashtra",india
S1-713909261,S2-888270680,address_token|address_token|address_token|address_token|address_token,address_token:41892|address_token:360514|address_token:139352|name_token:9167|address_token:108326|address_token:24949|name_token:26067|address_token:234608|address_token:5377|name_prefix:7763|address_token:343014,0,0,0,0.0,0.263,0,Red Infra Private Limited,रेड इंफ्रा प्राइवेट लिमिटेड,"Gurunanak House, Sindhi Society, Near Sbi Bank Swastik Park Branch, Off Sion-Trombay Roa, D, Chembur, Mumbai, Mumbai City, Maharashtra","GURUNANAK HOUSE, MUMBAI, MUMBAI CITY, Maharashtra",india
S1-93669788,S2-813722282,address_house|address_number|address_number|address_number|address_token|address_token,address_house:7981|address_number:32973|address_token:37552|address_token:52464|address_number:14810|address_token:82977,0,0,0,0.0,0.333,0,Pls Seafoods Private Limited,Sri Fluxarc,"Ernakulam, 67/9080 - A29, Ernakulam, Panickassery Building Convent Road, Ernakulam, Kerala","DOR NO 67/9080 - A29, ERNAKULAM, Keralam",india
S1-789190921,S3-88494932,address_house|address_number|address_token,name_token:9831|address_number:6235|address_token:61302|name_token:32737|address_token:584256|address_token:89474|address_token:103662|name_prefix:18652,0,0,0,0.0,0.143,0,Prime Technology Private Limited,પ્રાઇમ ટેક્નોલોજી પ્રાઇવેટ લિમિટેડ,"212, First Floor, Ghaniramni Pole, Nr. Virvani Brothers, Panchkuva, Ahmedabad, Gujarat","#212, Ahmedabad, ગુજરાત",india
S1-919564026,S3-620264227,name_prefix|name_token,address_number:31375|address_token:534840|address_token:228724|name_prefix:7247|name_token:39954|address_token:554778|address_city:59596|address_token:39351|name_token:9249|address_house:15603|address_token:356701,1,0,0,0.333,0.0,0,Ace Foundation Pvt Ltd,Ace Fdunabon Pvt [Ltd],"H No. 31, F/F, Gali No 1, Blk-J, Swaroop Nagar, Delhi, North West Delhi, Delhi",,india
S1-132087015,S3-123752219,address_house|address_number|address_token|name_token,address_token:113422|address_token:124809|name_token:52783|address_house:24859|address_number:58224|address_token:113365|address_token:39568,0,0,0,0.25,0.182,0,Atishay Holdings,Mr -- Atihay Holdings,"No.18, Natraja Garden, 1St Street, Thiruvotriyur, Chennai, Tamil Nadu","18, Chennai, TN",india
S1-931513875,S3-593396166,name_prefix|name_token,address_token:113422|address_token:36446|name_token:229501|address_token:554778|address_token:113365|address_token:114722|address_token:372030,1,1,0,0.25,0.0,0,Spg (india) Limited,Spg (incneid)a Limited,"271, Uppilipalayam Main Road, Annamalai Nagar 1St Street, Coimbatore South, Coimbatore, Tamil Nadu",,india
S1-430711882,S2-319019662,address_house|address_number|address_token|address_token|address_token|address_token|address_token|address_token,name_prefix:15064|address_number:50465|name_token:11198|address_token:584256|address_token:102880|name_token:82701|address_token:153726|address_token:24733|address_house:20958|address_token:93496|address_token:356701|address_token:372030,0,0,0,0.0,0.5,0,Krishna Industries,কৃষ্ণ ইন্ডাস্ট্রিজ,"22 Rajdanga Nabapally, Ground Floor Kasba, P-S - Kasba, Kolkata, Parganas South, West Bengal","West Bengal, PARGANAS SOUTH, H.NO 22  RAJDANGA NABAPALLY",india
S1-645363749,S3-365228456,address_token|address_token|address_token,address_token:258312|name_token:10218|name_token:21182|address_token:136558|name_prefix:20012,0,0,0,0.0,0.231,0,Sun Properties,सन प्रॉपर्टीज,"Pakhanpura, Utaraw, Karimuddinpur, Mohammadabad, Mohammedabad, Ghazipur, Uttar Pradesh","Ghazipur, Pakhanpura, Mohammedabad, उत्तर प्रदेश",india
S1-645363749,S2-495586516,address_token|address_token|address_token|address_token,address_token:258312|name_token:10218|name_token:21182|address_token:136558|name_prefix:20012,0,0,0,0.0,0.444,0,Sun Properties,सन प्रॉपर्टीज,"Pakhanpura, Utaraw, Karimuddinpur, Mohammadabad, Mohammedabad, Ghazipur, Uttar Pradesh","#793 PAKHANPURA, GHAZIPUR, Uttar Pradesh",india
S1-336117632,S2-521062070,name_token,address_token:6018|address_token:7569|address_number:34906|address_token:20329|address_token:360514|address_token:22408|address_token:234608|address_house:16777|address_token:343014|name_token:73690,0,0,0,0.5,0.0,0,Pi Group,Pi LLP,"28/H/5, Model Town, Yogi Hills, Balrajeshwar Road, Mulund We, St, Mumbai, Mumbai City, Maharashtra",,india
S1-336117632,S3-228759616,address_number|address_token|name_token|name_token,address_token:6018|address_token:7569|address_number:34906|address_token:20329|address_token:360514|address_token:22408|address_token:234608|address_house:16777|address_token:343014|name_token:73690,0,0,0,0.667,0.222,0,Pi Group,Mr Pi Gróup,"28/H/5, Model Town, Yogi Hills, Balrajeshwar Road, Mulund We, St, Mumbai, Mumbai City, Maharashtra","No. 44 28/H/5, Mumbai, MH",india
S1-45852163,S3-928709451,address_number|address_token,name_prefix:8983|address_house:7910|address_token:9479|address_token:89474|address_token:24485|address_number:16131|name_token:71714|name_token:9367|address_token:103662|address_token:234608,0,0,0,0.0,0.125,0,Silver Solutions Private Limited,સિલ્વર સોલ્યુશન્સ પ્રાઇવેટ લિમિટેડ,"02/I, Gaurangnagar Co.Op.H.Soc, Akanxa Appartment, Near Sola Crossing, Opp. Vinayak Bunglows, Ghatlodia, Ahmadabad City, Ahmedabad, Gujarat","Block A-505 02/I, Ahmedabad, GJ",india
S1-45852163,S2-751420656,address_number|address_token|address_token,name_prefix:8983|address_house:7910|address_token:9479|address_token:89474|address_token:24485|address_number:16131|name_token:71714|name_token:9367|address_token:103662|address_token:234608,0,0,0,0.0,0.174,0,Silver Solutions Private Limited,સિલ્વર સોલ્યુશન્સ પ્રાઇવેટ લિમિટેડ,"02/I, Gaurangnagar Co.Op.H.Soc, Akanxa Appartment, Near Sola Crossing, Opp. Vinayak Bunglows, Ghatlodia, Ahmadabad City, Ahmedabad, Gujarat","DOOR NO ##222 02/I, AHMEDABAD, Gujarat",india
S1-800185175,S3-744326738,address_token|address_token|name_prefix,address_house:13989|address_token:534840|address_token:81296|address_token:228724|name_prefix:8871|address_number:27726|address_token:139352|address_city:59596|name_token:13840|name_token:22094|address_token:356701|address_token:7474,1,0,0,0.0,0.25,0,Real Software Private Limited,realsoftware.com,"House No-34, Mai Landmark, Village Dheerpur, Delhi, North West Delhi, Delhi","House No-33, Delhi, DL",india
S1-453465952,S3-202638476,address_number|address_token|address_token,address_token:6018|address_token:584256|name_token:9215|address_token:26214|address_token:22408|name_token:28619|address_house:16746|name_prefix:6801,0,0,0,0.0,0.2,0,My Agro Private Limited,ਮਾਈ ਐਗਰੋ ਪ੍ਰਾਈਵੇਟ ਲਿਮਟਿਡ,"1St Floor, Model Town, Ph - 3, # 1179, Bathinda, Punjab, Bathinda","1179, Bathinda, PB",india
S1-453465952,S2-97409305,address_token,address_token:6018|address_token:584256|name_token:9215|address_token:26214|address_token:22408|name_token:28619|address_house:16746|name_prefix:6801,0,0,0,0.0,0.077,0,My Agro Private Limited,myagro.com,"1St Floor, Model Town, Ph - 3, # 1179, Bathinda, Punjab, Bathinda","#179, BATHINDA, ਪੰਜਾਬ",india
S1-202068547,S3-762908244,address_house|address_token,name_token:39807|address_token:341972|name_token:34269|address_token:360514|name_prefix:13224|address_token:372030|address_token:343014|address_house:95139,0,0,0,0.0,0.235,0,Global International Private Limited,ग्लोबल इंटरनेशनल प्राइवेट लिमिटेड,"2 And 3, Plot-250, Atmaram Bhuvan, David S Baretto Road, Wadala Rly Stn, Wadala, Mumbai, Mumbai, Maharashtra","2 And 3, Mumbai, MH",india
S1-176251266,S2-654570929,address_city|address_token|address_token|address_token|address_token,address_token:47702|address_token:113422|address_token:36446|name_prefix:7358|name_token:8628|name_token:16957|address_token:372030|address_token:113365|address_city:12629,0,0,0,0.0,0.533,0,Black Investment Private Limited,பிளாக் இன்வெஸ்ட்மெண்ட் பிரைவேட் லிமிடெட்,"S.F. No: 685/1-A, Molapalayam Road Vellanaipatti Post, Coimbatore, Tamil Nadu","S.F. NO: 6-85/1-A, Tamil Nadu, COIMBATORE",india
S1-176251266,S3-790610233,address_city|address_number|address_token|address_token,address_token:47702|address_token:113422|address_token:36446|name_prefix:7358|name_token:8628|name_token:16957|address_token:372030|address_token:113365|address_city:12629,0,0,0,0.0,0.412,0,Black Investment Private Limited,Nexquonovi,"S.F. No: 685/1-A, Molapalayam Road Vellanaipatti Post, Coimbatore, Tamil Nadu","<NULL>, Coimbatore, TN, Coimbatore, H.no 594 S.f. No: 685/1-A",india
S1-176251266,S2-803733558,address_city|address_token|address_token|address_token|address_token,address_token:47702|address_token:113422|address_token:36446|name_prefix:7358|name_token:8628|name_token:16957|address_token:372030|address_token:113365|address_city:12629,0,0,0,0.0,0.533,0,Black Investment Private Limited,பிளாக் இன்வெஸ்ட்மெண்ட் பிரைவேட் லிமிடெட்,"S.F. No: 685/1-A, Molapalayam Road Vellanaipatti Post, Coimbatore, Tamil Nadu","S.F. NO: 6-85/1-A, COIMBATORE, Tamil Nadu",india
S1-56145906,S3-215686338,address_house|address_number|address_token|address_token|name_prefix,address_number:50465|address_token:62994|name_token:22466|address_token:73068|name_prefix:6794|address_token:66761|address_house:20958|name_token:8607,1,0,0,0.0,0.8,0,Lotus Energy Private Limited,lotusenergy.com,"A 22/6, Dlf, Phase Ii, Dlf Qe, Gurgaon, Haryana","A 22/6, Dlf, Phase Ii, Dlf Qe, Gurgaon, HR",india
S1-56145906,S2-3216629,address_house|address_number|address_token|address_token,address_number:50465|address_token:62994|name_token:22466|address_token:73068|name_prefix:6794|address_token:66761|address_house:20958|name_token:8607,0,0,0,0.0,0.778,0,Lotus Energy Private Limited,लोटस एनर्जी प्राइवेट लिमिटेड,"A 22/6, Dlf, Phase Ii, Dlf Qe, Gurgaon, Haryana","A 22/6, DLF QE, GURGAON, Haryana",india
S1-56145906,S3-862033461,address_house|address_number|address_token|name_token,address_number:50465|address_token:62994|name_token:22466|address_token:73068|name_prefix:6794|address_token:66761|address_house:20958|name_token:8607,0,0,0,0.1,0.6,0,Lotus Energy Private Limited,लोटस Energy प्राइवेट लिमिटेड,"A 22/6, Dlf, Phase Ii, Dlf Qe, Gurgaon, Haryana","A 22/6, Dlf Qe, Gurgaon, HR",india
S1-930492856,S3-984801669,address_house|address_number|address_token|address_token|address_token|address_token,address_number:5068|address_token:27562|address_token:341972|address_token:554778|name_token:17534|address_token:12463|address_token:173038|address_token:103662|name_token:8857|name_prefix:25950,0,0,0,0.0,0.636,0,Universal Food Private Limited,યુનિવર્સલ ફૂડ પ્રાઇવેટ લિમિટેડ,"Gandhinagar, Plot No. 140 Sector 8/C, Gandhinagar, Gujarat, Gandhi Nagar","#140 Sector 8/C, Gandhinagar, Gandhi Nagar, GJ",india
S1-930492856,S2-98704432,address_token|address_token|address_token|address_token,address_number:5068|address_token:27562|address_token:341972|address_token:554778|name_token:17534|address_token:12463|address_token:173038|address_token:103662|name_token:8857|name_prefix:25950,0,0,0,0.0,0.6,0,Universal Food Private Limited,યુનિવર્સલ ફૂડ પ્રાઇવેટ લિમિટેડ,"Gandhinagar, Plot No. 140 Sector 8/C, Gandhinagar, Gujarat, Gandhi Nagar","SECTOR 8/C, GANDHI NAGAR, Gujarat",india
S1-121789065,S2-692405870,address_house|address_number|address_token|address_token|address_token|address_token|address_token,name_token:9284|address_number:21300|address_token:58519|name_token:22080|address_token:174880|address_token:173038|address_token:258312|address_token:136558|name_prefix:8234|address_house:95139,0,0,0,0.0,0.9,0,Innovative Business Private Limited,इनोवेटिव बिजनेस प्राइवेट लिमिटेड,"Sector-L, Lda Colony, Uttar Pradesh, Lucknow, 2/49","A-2/49, SECTOR-L, LDA COLONY, LUCKNOW, Uttar Pradesh",india
S1-121789065,S2-824204552,address_house|address_number|address_token|address_token|address_token|address_token|address_token,name_token:9284|address_number:21300|address_token:58519|name_token:22080|address_token:174880|address_token:173038|address_token:258312|address_token:136558|name_prefix:8234|address_house:95139,0,0,0,0.0,0.9,0,Innovative Business Private Limited,इनोवेटिव बिजनेस प्राइवेट लिमिटेड,"Sector-L, Lda Colony, Uttar Pradesh, Lucknow, 2/49","A-2/49, SECTOR-L, LDA COLONY, LUCKNOW, Uttar Pradesh",india
S1-121789065,S3-622227308,address_house|address_number|address_token|address_token|address_token|name_token|name_token,name_token:9284|address_number:21300|address_token:58519|name_token:22080|address_token:174880|address_token:173038|address_token:258312|address_token:136558|name_prefix:8234|address_house:95139,0,0,0,0.667,0.7,0,Innovative Business Private Limited,Pivroet Innovative Business Limited,"Sector-L, Lda Colony, Uttar Pradesh, Lucknow, 2/49","2/49, Lucknow, Sector-l, Lda Colony, UP, Lucknow",india
S1-318247042,S2-151135165,name_prefix|name_token|name_token,name_token:39350|address_house:20625|address_token:240821|address_number:47600|address_token:126959|address_token:13884|address_token:15025|name_prefix:16634,1,0,0,0.667,0.0,0,Raja & Sons Limited,RAJA + SONS,"Villa No. 23, Vaswani Whispering Palms, Outer Ring Road, Marathahalli, Bangalore, Karnataka",,india
S1-652484918,S3-949541382,address_house|address_number|address_number|address_token|address_token|address_token|address_token|address_token|address_token|address_token|address_token|name_token|name_token,address_number:5110|address_token:202085|address_token:554778|name_token:8777|address_number:21031|name_token:22080|address_token:44513|address_token:53898|address_token:173038|address_token:40324|address_token:258312|address_token:136558|name_prefix:20012,0,0,0,0.5,1.0,0,Sunrise Business Private Limited,Evocalo fka Sunrise Business Private Limited,"Noida, Uttar Pradesh, 138 Block A Sector 46, Gautam Buddha Nagar","138 Block A Sector 46, Noida, Gautam Buddha Nagar, Uttar Pradesh",india
S1-652484918,S2-381248990,address_house|address_number|address_number|address_token|address_token|address_token|address_token|address_token,address_number:5110|address_token:202085|address_token:554778|name_token:8777|address_number:21031|name_token:22080|address_token:44513|address_token:53898|address_token:173038|address_token:40324|address_token:258312|address_token:136558|name_prefix:20012,0,0,0,0.0,0.571,0,Sunrise Business Private Limited,सनराइज बिजनेस प्राइवेट लिमिटेड,"Noida, Uttar Pradesh, 138 Block A Sector 46, Gautam Buddha Nagar","NO 138 BLOCK A SECTOR 46, NOIDA, NOIDA III SECTOR XVIII, Uttar Pradesh",india
S1-652484918,S2-709884224,address_house|address_number|address_number|address_token|address_token|address_token|address_token|address_token,address_number:5110|address_token:202085|address_token:554778|name_token:8777|address_number:21031|name_token:22080|address_token:44513|address_token:53898|address_token:173038|address_token:40324|address_token:258312|address_token:136558|name_prefix:20012,0,0,0,0.0,0.533,0,Sunrise Business Private Limited,सनराइज बिजनेस प्राइवेट लिमिटेड,"Noida, Uttar Pradesh, 138 Block A Sector 46, Gautam Buddha Nagar","Uttar Pradesh, H.NO 138 BLOCK A SECTOR 46, NOIDA III SECTOR XVIII, NOIDA",india
S1-817941379,S3-490554799,address_number|address_token|address_token|address_token|address_token|address_token|address_token,address_city:13432|address_number:17910|name_token:9831|address_token:228724|name_token:29427|address_token:554778|address_token:240821|address_token:126959|address_token:6469|address_token:79275|address_token:114722|name_prefix:18652|address_house:54396,0,0,0,0.0,0.867,0,Prime Care LLP,ಪ್ರೈಮ್ ಕೇರ್ ಎಲ್ಎಲ್‌ಪಿ,"New No.7, 1St Cross, 2Nd Main, Ganga Nagar, Bangalore North, 62/1, Karnataka, Bangalore","62/1, Bangalore, New No.7, 1St Cross, 2Nd Main, Ganga Nagar, KA, Bangalore North",india
S1-817941379,S2-157440268,address_number|address_token|address_token,address_city:13432|address_number:17910|name_token:9831|address_token:228724|name_token:29427|address_token:554778|address_token:240821|address_token:126959|address_token:6469|address_token:79275|address_token:114722|name_prefix:18652|address_house:54396,0,0,0,0.0,0.214,0,Prime Care LLP,ಪ್ರೈಮ್ ಕೇರ್ ಎಲ್ಎಲ್‌ಪಿ,"New No.7, 1St Cross, 2Nd Main, Ganga Nagar, Bangalore North, 62/1, Karnataka, Bangalore","Karnataka, BANGALORE, 62",india
S1-817941379,S3-248780677,address_house|address_number|address_token|address_token|address_token|address_token|address_token|address_token|name_prefix,address_city:13432|address_number:17910|name_token:9831|address_token:228724|name_token:29427|address_token:554778|address_token:240821|address_token:126959|address_token:6469|address_token:79275|address_token:114722|name_prefix:18652|address_house:54396,1,0,0,0.0,0.867,0,Prime Care LLP,primecare.com,"New No.7, 1St Cross, 2Nd Main, Ganga Nagar, Bangalore North, 62/1, Karnataka, Bangalore","New No.7, 1St Cross, 2Nd Main, Ganga Nagar, 62/1, Bangalore North, Bangalore, KA",india
S1-77004788,S2-490474855,address_token|address_token|address_token,address_token:5536|address_token:584256|name_token:23331|name_token:8881|address_token:58691|address_token:93496|name_prefix:6948|address_token:173038,0,0,0,0.0,0.385,0,Gujarat Projects Limited,गुजरात प्रोजेक्ट्स लिमिटेड,"H.No. 371, Ground Floor, Sector- 1, Rhb Clolony, Bhiwadi, Alwar, Rajasthan","H.NO 37, BHIWADI, ALWAR, Rajasthan",india
S1-409094975,S3-445806028,address_number|address_token|address_token|address_token|name_prefix|name_token,address_token:240821|address_token:108326|address_token:13884|address_token:6001|address_city:40275|address_token:202085|address_token:126959|name_prefix:25559|name_token:32515|address_token:228724|name_token:22221|address_number:25743,1,1,0,0.333,0.231,0,Tech Builders Private Limited,Tech Bilders Private [Limited],"Hd37, Block D3, Manyata, Tech Park, Outer Ring Rd, Bangalore North, Bangalore, Karnataka","Hd37, Bangalore, Bangalore North, KA",india
S1-150460391,S3-469140814,address_number|address_token|address_token|address_token,name_token:18301|name_prefix:20198|address_token:37849|name_token:16358|address_token:103662|address_number:6210|address_token:372030,0,0,0,0.0,0.357,0,Green Infotech Private Limited,ગ્રીન ઇન્ફોટેક પ્રાઇવેટ લિમિટેડ,"Surat, Gujarat, C-701 Cellestial Dreams, B H South Gujarat University","#988 C-701 Cellestial Dreams, Surat, Surat M Corp, GJ",india
S1-517097023,S2-464360923,address_house|address_token|address_token|address_token,address_token:113422|address_token:124809|name_token:34269|name_token:33039|name_prefix:13224|name_token:25836|address_token:114722|address_token:113365|address_house:67232,0,0,0,0.0,0.556,0,Global Shree Consultants Private Limited,குளோபல் ஸ்ரீ கன்சல்டன்ட்ஸ் பிரைவேட் லிமிடெட்,"No.5, Alapakkam Main Road, Maduravoyal, Chennai, Tamil Nadu","NO.5, CHENNAI, Tamil Nadu",india
S1-517097023,S2-941509274,address_house|address_token|address_token|address_token,address_token:113422|address_token:124809|name_token:34269|name_token:33039|name_prefix:13224|name_token:25836|address_token:114722|address_token:113365|address_house:67232,0,0,0,0.0,0.444,0,Global Shree Consultants Private Limited,குளோபல் ஸ்ரீ கன்சல்டன்ட்ஸ் பிரைவேட் லிமிடெட்,"No.5, Alapakkam Main Road, Maduravoyal, Chennai, Tamil Nadu","5, CHENNAI, Tamil Nadu",india
S1-59094903,S3-89536481,address_house|address_number|address_number|address_token|address_token|name_token|name_token,address_number:50465|address_token:52464|address_token:37552|name_token:22221|name_prefix:12937|address_token:19490|address_house:31951|address_number:81035|name_token:8867,0,0,0,0.667,0.231,0,Hari Builders Private Limited,Dr Hari Builders Private Ltd,"14/22Ab4, Suit No.149, 2Nd Flr, Kc Arcade, Ernakulam, Kerala","14/22Ab4, Ernakulam, കേരളം",india
S1-619214182,S3-80754478,address_token|name_prefix|name_token,address_token:113422|address_token:124809|address_token:174880|address_house:15010|address_token:113365,1,1,0,0.333,0.118,0,Mighty Learning,Mighty Center,"Chennai, Tamil Nadu, Chennai, Bharatheeswarar Colony 2Nd Street Vadapalani, 9","Plot 973 9, Opp Lic Of India, Thiruvallur, Chennai, TN",india
S1-397866414,S3-140683344,address_house|address_number|address_token|name_prefix|name_token,address_token:534840|address_token:13694|name_token:32737|address_token:43480|name_token:12685|address_house:5417|address_number:11274|name_prefix:8177,1,1,1,0.333,0.286,0,Digital Technology Pvt Ltd,Digital Pvt Ltd Center,"Nehru Apartment, New Delhi, Kalkaji, Delhi, 98","##98, Kalkaji, DL",india
S1-397866414,S3-367517532,address_house|address_number|address_token,address_token:534840|address_token:13694|name_token:32737|address_token:43480|name_token:12685|address_house:5417|address_number:11274|name_prefix:8177,0,0,0,0.0,0.286,0,Digital Technology Pvt Ltd,डिजिटल टेक्नोलॉजी प्रा. लि.,"Nehru Apartment, New Delhi, Kalkaji, Delhi, 98","##98, Kalkaji, DL",india
S1-886690365,S3-456075546,name_prefix|name_token|name_token,address_city:112315|address_token:28941|address_token:14987|name_token:23331|address_number:49533|address_token:41417|address_token:343014|address_token:171715|name_prefix:12937|address_token:37137|name_token:8867,1,1,1,0.667,0.0,0,Hari Projects Private Limited,Hari Projects Private Enterprises,"Fl A1001, Anand Residency A-Wing, Pl No Cc-4, Sno 20/2, Kothrud, Pune, Maharashtra",,india
S1-351108361,S2-130385537,address_house|address_number|address_token|address_token|address_token,name_token:8991|name_token:25057|address_token:126959|address_token:240821|name_prefix:7308|address_number:8269|address_token:46841|address_token:12688,0,0,0,0.0,0.417,0,Baba Products Private Limited,ಬಾಬಾ ಪ್ರೊಡಕ್ಟ್ಸ್ ಪ್ರೈವೇಟ್ ಲಿಮಿಟೆಡ್,"Karnataka, Tulasi Nilaya Nr Bhimanna Compound, Pattallama Layout, Kadugodi, Bangalore, No.207","NO 207, BANGALORE, KADUGODI, Karnataka",india
S1-374734429,S3-87898422,address_house|address_number|address_token,name_prefix:7956|address_token:7501|name_token:9083|name_token:30224|address_token:174880|address_token:258312|address_token:136558|address_number:7573,0,0,0,0.0,0.154,0,High Engineering Private Limited,हाई इंजीनियरिंग प्राइवेट लिमिटेड,"Gorakhpur, Uttar Pradesh, Gorakhpur, Wazirabad Colony, Zahidabad, Gorakhnath, 306","306, Gorakhpur, उत्तर प्रदेश",india
S1-856060736,S3-9666178,address_house|address_token|address_token,address_token:24890|name_token:9751|address_token:245093|address_token:534840|address_number:27726|address_token:43480|address_house:71183|name_prefix:10394|name_token:22221|address_token:12322|address_token:356701,0,0,0,0.0,0.308,0,Dream Builders Pvt Ltd,ड्रीम बिल्डर्स प्रा. लि.,"B-4, Vikas Apartment 34/1, East Punjabi Bagh, Delhi, West Delhi, Delhi","B-#4, West Delhi, Delhi, दिल्ली",india
S1-856060736,S2-79299659,address_house|address_token|address_token,address_token:24890|name_token:9751|address_token:245093|address_token:534840|address_number:27726|address_token:43480|address_house:71183|name_prefix:10394|name_token:22221|address_token:12322|address_token:356701,0,0,0,0.0,0.364,0,Dream Builders Pvt Ltd,ड्रीम बिल्डर्स प्रा. लि.,"B-4, Vikas Apartment 34/1, East Punjabi Bagh, Delhi, West Delhi, Delhi","B-4, DELHI, WEST DELHI, Delhi",india
S1-398898075,S3-541806860,address_city|address_number|address_token|address_token|name_prefix|name_token,address_token:534840|address_token:584256|address_city:139489|name_token:16957|address_token:13143|address_token:554778|name_prefix:28087|address_token:39351|address_house:37179|address_number:97569|name_token:8889|address_token:372030,1,1,0,0.077,0.467,0,Shiva Investment Private Limited,Shiva इन्वेस्टमेंट प्राइवेट लिमिटेड,"South Delhi, Delhi, Third Floor, Gali No-12, Zakir Nagar, New Delhi, H No - B-654","H No - B-654, New Delhi, South Delhi, दिल्ली",india
S1-398898075,S2-214248454,address_number|address_token,address_token:534840|address_token:584256|address_city:139489|name_token:16957|address_token:13143|address_token:554778|name_prefix:28087|address_token:39351|address_house:37179|address_number:97569|name_token:8889|address_token:372030,0,0,0,0.0,0.462,0,Shiva Investment Private Limited,शिवा इन्वेस्टमेंट प्राइवेट लिमिटेड,"South Delhi, Delhi, Third Floor, Gali No-12, Zakir Nagar, New Delhi, H No - B-654","H NO - B-654, NEW DELHI, Delhi",india
S1-907623121,S2-25638889,address_token|address_token|address_token|address_token,address_token:153726|name_token:23331|name_prefix:25559|address_token:102880|address_token:24733|address_city:59596|address_token:356701|name_token:32515|address_token:372030,0,0,0,0.0,0.267,0,Tech Projects Private Limited,টেক প্রজেক্টস প্রাইভেট লিমিটেড,"Akra, Krishnanagar Mahestala P.O. Batannagar, Kolkata, Parganas South, West Bengal","AKRA, KOLKATA, PARGANAS SOUTH, পশ্চিমবঙ্গ",india
S1-907623121,S3-745809818,address_token|address_token|address_token|address_token,address_token:153726|name_token:23331|name_prefix:25559|address_token:102880|address_token:24733|address_city:59596|address_token:356701|name_token:32515|address_token:372030,0,0,0,0.0,0.333,0,Tech Projects Private Limited,টেক প্রজেক্টস প্রাইভেট লিমিটেড,"Akra, Krishnanagar Mahestala P.O. Batannagar, Kolkata, Parganas South, West Bengal","Akra, Kolkata, Parganas South, WB",india
S1-243813915,S3-39099147,address_house|address_number|address_token,address_token:245093|address_token:153726|address_token:80020|address_number:49533|address_token:102880|address_city:16702|address_token:114722|address_token:356701,0,0,0,0.0,0.133,0,JW Education Private Limited,jweducation.com,"780, Rajdanga Main Road (East) Bl-Gd No. 20, Kolkata, Kolkata, Howrah, West Bengal","780, Calcutta, Howrah, WB",india
S1-151820473,S2-579748381,address_house|address_token|address_token,address_token:534840|name_token:39807|address_token:584256|address_token:61302|name_prefix:25559|address_token:43654|address_token:9465|name_token:32515|address_token:33554,0,0,0,0.0,0.312,0,Tech International,टेक इंटरनेशनल,"5A/I, Central Delhi, First Floor 4406/2, Ward No. Xi, Ansari Road, Darya, Ganj, Delhi, New Delhi","NEW DELHI, Delhi, CENTRAL DELHI, 5A/I",india
S1-147819818,S3-191058625,address_house|address_number|address_token|address_token,address_token:113422|address_token:36446|name_token:18301|address_house:10103|name_prefix:9642|address_number:18802|name_token:9659|address_token:113365,0,0,0,0.0,0.556,0,Jay Infotech Private Limited,ஜெய் இன்ஃபோடெக் பிரைவேட் லிமிடெட்,"52-Abt Road, Karuvampalayam, Tirupur, Tirupur, Coimbatore, Tamil Nadu","#52-Abt Road, Tirupur, Coimbatore, TN",india
S1-147819818,S2-518564449,address_house|address_number|address_token|address_token|address_token|address_token,address_token:113422|address_token:36446|name_token:18301|address_house:10103|name_prefix:9642|address_number:18802|name_token:9659|address_token:113365,0,0,0,0.0,0.875,0,Jay Infotech Private Limited,ஜெய் இன்ஃபோடெக் பிரைவேட் லிமிடெட்,"52-Abt Road, Karuvampalayam, Tirupur, Tirupur, Coimbatore, Tamil Nadu","52-ABT- ROAD, TIRUPUR, COIMBATORE, Tamil Nadu",india
S1-806758941,S3-234802973,address_city|address_number|address_token|address_token,address_token:534840|address_token:584256|address_city:139489|name_token:34269|address_token:14586|address_token:554778|address_token:6535|address_token:356701|name_prefix:11393,0,0,0,0.0,0.286,0,Swasthya Global LLP,Smt swasthyaglobal.com,"A-156, 1St Floor, Ganesh Nagar Tilak Nagar, New Delhi, West Delhi, Delhi","Hn 651 A-156, West Delhi, दिल्ली",india
S1-806758941,S3-760604971,name_token|name_token,address_token:534840|address_token:584256|address_city:139489|name_token:34269|address_token:14586|address_token:554778|address_token:6535|address_token:356701|name_prefix:11393,0,0,0,0.667,0.0,0,Swasthya Global LLP,Mr swasthya global llp,"A-156, 1St Floor, Ganesh Nagar Tilak Nagar, New Delhi, West Delhi, Delhi",,india
S1-614176670,S3-469578320,address_number|address_token|address_token|address_token,address_token:52464|name_token:8640|address_number:27110|address_token:14632|name_token:32515|name_prefix:11393,0,0,0,0.0,0.6,0,Swastik Tech Private Limited,സ്വസ്തിക് ടെക് പ്രൈവറ്റ് ലിമിറ്റഡ്,"Vii/40Kuttur P O, Trichur, Thrissur, Kerala","Hn 393 Vii/40kuttur P O, Trichur, Thrissur, KL",india
S1-432931341,S2-58432195,address_city|address_number|address_token|address_token,address_house:5376|address_token:171133|address_number:9404|address_token:534840|address_token:245093|name_token:39954|address_city:139489|name_token:9909|name_prefix:7962,0,0,0,0.0,0.364,0,Future Foundation Private Limited,फ्यूचर फाउंडेशन प्राइवेट लिमिटेड,"99, Dda Janta Flat Badarpur, New Delhi, East Delhi, Delhi","BOCK C-139 99, NEW DELHI, EAST DELHI, Delhi",india
S1-290208212,S2-259306653,address_house|address_number|address_token|address_token|address_token,name_token:8962|address_token:534840|address_token:584256|name_token:33039|name_prefix:7163|address_token:17943|address_house:31951|address_number:81035,0,0,0,0.0,0.6,0,Best Consultants Private Limited,बेस्ट कंसल्टेंट्स प्राइवेट लिमिटेड,"14 / 3, Ist Floor, Kalkaji Extn., New Delhi, Delhi","DOOR NO 14 / 3, NEW DELHI, KALKAJI EXTN., Delhi",india
S1-290208212,S3-897079021,address_house|address_number|address_token|address_token|address_token|address_token|name_prefix|name_token|name_token,name_token:8962|address_token:534840|address_token:584256|name_token:33039|name_prefix:7163|address_token:17943|address_house:31951|address_number:81035,1,1,1,0.667,0.889,0,Best Consultants Private Limited,Best Consultants Limited Services,"14 / 3, Ist Floor, Kalkaji Extn., New Delhi, Delhi","#14 / 3, Ist Floor, New Delhi, Kalkaji Extn., DL",india
S1-290208212,S3-155657062,address_house|address_number|address_token|address_token|address_token|address_token,name_token:8962|address_token:534840|address_token:584256|name_token:33039|name_prefix:7163|address_token:17943|address_house:31951|address_number:81035,0,0,0,0.0,0.889,0,Best Consultants Private Limited,बेस्ट कंसल्टेंट्स प्राइवेट लिमिटेड,"14 / 3, Ist Floor, Kalkaji Extn., New Delhi, Delhi","#14 / 3, Ist Floor, New Delhi, Kalkaji Extn., DL",india
S1-292085291,S3-445597932,address_house|address_number|address_token|address_token|name_prefix,address_house:29751|address_number:74141|name_token:39954|address_token:139352|address_token:554778|address_token:136558|address_token:258312|address_token:81296|address_token:42051,1,1,1,0.0,0.308,0,Advantage Foundation Private Limited,Advantagefoundation.Com,"House No.-15 Village, Chittoli Panchsheel Nagar, Hapur, Ghaziabad, Uttar Pradesh","House No.-15 Vhllage, Ghaziabad, UP",india
S1-864259825,S2-561029295,address_house|address_number|address_token|address_token|address_token|address_token|address_token,address_token:113422|name_token:10566|address_token:6605|address_number:34906|address_token:584256|name_token:31661|address_token:113365|address_token:124809|address_token:554778|address_house:42028|address_token:79275|address_token:234608|address_token:10096|name_prefix:8911|address_number:112011,0,0,0,0.0,0.3,0,Royal Consultancy Limited,ராயல் கன்சல்டன்சி லிமிடெட்,"New No.10, Old No.28, Shankaralaya, 2Nd Floor, 3Rd Cross Street Rk Nagar, Raja Annamalaipuram, Chennai City Corporation, Chennai, Tamil Nadu","Tamil Nadu, #10, CHENNAI, CHENNAI CITY CORPORATION",india
S1-408241220,S3-799547342,name_prefix|name_token|name_token,address_token:360514|address_city:8097|address_token:7026|address_token:30603|address_token:29217|name_token:82701|name_prefix:11393|address_token:11754|address_token:554778|address_house:8702|address_token:171133|name_token:8640|address_token:343014|address_token:356701|address_number:15838,1,1,1,0.667,0.0,0,Swastik Industries LLP,Swastik Industries Enterprises,"Flat No - 302, Sumukh Darshan Bldg., Behind Parekh Nagar, Nr Country Club, Kandivali West, Maharashtra, Mumbai",,india
S1-447229257,S3-355076435,address_token|address_token|name_token,name_token:17643|name_prefix:8983|name_token:10678|address_token:6123|name_token:9367|address_token:39090|address_token:43735|address_house:9246|address_number:17680,0,0,0,0.111,0.357,0,Silver Balaji Logistics Private Limited,सिल्वर Balaji लॉजिस्टिक्स Private Limited,"C/O-Rajeev Kr, 104, Emarat, Firdous, Exhibition Road, Phulwari, Patna, Bihar","C/o-rajeev Kr, Phulwari, Kadamkuan, BR",india
S1-956950108,S3-571845803,name_prefix|name_token,address_token:113422|address_token:36446|name_prefix:11804|name_token:9076|address_house:37179|address_token:372030|address_number:97569|address_token:113365|name_token:70701,1,1,0,0.333,0.0,0,Guru Trading,Guru Tanig,"12/334F, Sundarapuram Road, Madukkarai, Coimbatore South, Coimbatore, Tamil Nadu",,india
S1-956950108,S2-736019454,address_house|address_number|address_number|address_token|address_token|address_token,address_token:113422|address_token:36446|name_prefix:11804|name_token:9076|address_house:37179|address_token:372030|address_number:97569|address_token:113365|name_token:70701,0,0,0,0.0,0.308,0,Guru Trading,குரு டிரேடிங்,"12/334F, Sundarapuram Road, Madukkarai, Coimbatore South, Coimbatore, Tamil Nadu","12/334F, COIMBATORE, COIMBATORE SOUTH, தமிழ்நாடு",india
S1-144596099,S2-817205135,address_house|address_number|address_token|address_token|address_token,address_house:10912|address_token:584256|address_number:18502|name_token:10000|address_token:343014|address_token:171715|address_token:19490|address_token:171133|name_token:82701|name_prefix:16634,0,0,0,0.0,0.385,0,Raj Industries,राज इंडस्ट्रीज,"Flat No - 301, Pune, Maharashtra, 1St Floor, Shinde Arcade, Deshmukhwadi, Nda Road, Shivane, Pune","FLAT NO - 301, PUNE, Maharashtra",india
S1-754511668,S2-900982291,address_house|address_number|address_token|address_token|address_token|address_token|address_token|address_token|name_token|name_token,address_house:18912|address_token:534840|address_token:245093|address_token:17847|name_token:23331|address_number:41143|address_token:554778|address_token:39351|address_city:16702|name_prefix:25950|name_token:9603|address_token:372030,0,0,0,0.667,1.0,0,Unique Projects Private Limited,Smt Unique Projects Private Ltd,"E-25, East Delhi, S/F, Gali No 3, New Ashok Nagar, Delhi, East Delhi","E-25, S/F, GALI NO 3, NEW ASHOK NAGAR, EAST DELHI, Delhi",india
S1-754511668,S2-436938869,address_city|address_house|address_number|address_token|address_token,address_house:18912|address_token:534840|address_token:245093|address_token:17847|name_token:23331|address_number:41143|address_token:554778|address_token:39351|address_city:16702|name_prefix:25950|name_token:9603|address_token:372030,0,0,0,0.0,0.231,0,Unique Projects Private Limited,यूनिक प्रोजेक्ट्स प्राइवेट लिमिटेड,"E-25, East Delhi, S/F, Gali No 3, New Ashok Nagar, Delhi, East Delhi","E-25, EAST DELHI, दिल्ली",india
S1-754511668,S2-387051392,address_city|address_house|address_number|address_token|address_token,address_house:18912|address_token:534840|address_token:245093|address_token:17847|name_token:23331|address_number:41143|address_token:554778|address_token:39351|address_city:16702|name_prefix:25950|name_token:9603|address_token:372030,0,0,0,0.0,0.273,0,Unique Projects Private Limited,यूनिक प्रोजेक्ट्स प्राइवेट लिमिटेड,"E-25, East Delhi, S/F, Gali No 3, New Ashok Nagar, Delhi, East Delhi","E-25, EAST DELHI, Delhi",india
S1-754511668,S3-165111147,address_house|address_number|address_token|address_token|address_token|address_token|address_token|address_token,address_house:18912|address_token:534840|address_token:245093|address_token:17847|name_token:23331|address_number:41143|address_token:554778|address_token:39351|address_city:16702|name_prefix:25950|name_token:9603|address_token:372030,0,0,0,0.0,0.917,0,Unique Projects Private Limited,यूनिक प्रोजेक्ट्स प्राइवेट लिमिटेड,"E-25, East Delhi, S/F, Gali No 3, New Ashok Nagar, Delhi, East Delhi","E-25, S/f, Gali No 3, New Ashok Nagar, East Delhi, DL",india
S1-388275801,S2-277578936,address_token|address_token|address_token|address_token|address_token|address_token,address_token:36446|address_token:113422|address_token:13077|name_token:23924|address_token:113365,0,0,0,0.0,0.375,0,Coimbatore District Systems Pvt Ltd,districtcoimbatore.com,"Athuvali Thottam, Anaipalayam, Sirupuluvapatty P.O, Tirupur, Coimbatore District, Coimbatore, Tamil Nadu","BLOCK G-3-711 ATHUVALI THOTTAM, null, COIMBATORE, COIMBATORE DISTRICT, Tamil Nadu",india
S1-311510647,S2-210453485,address_city|address_token|address_token|address_token|address_token|address_token|address_token,name_token:9074|address_token:113422|address_token:36446|address_token:228724|name_prefix:7258|address_token:554778|address_token:8749|name_token:11883|name_token:22221|address_house:48291|address_city:5714|address_token:113365,0,0,0,0.0,1.0,0,Apex Om Builders Private Limited,அபெக்ஸ் ஓம் பில்டர்ஸ் பிரைவேட் லிமிடெட்,"9, Anna Nagar, 4Th Street, Coimbatore North, Coimbatore, Tamil Nadu","Tamil Nadu, COIMBATORE NORTH, COIMBATORE, ANNA NAGAR, 4TH STREET, 9",india
S1-311510647,S2-282352866,address_city|address_house|address_token|address_token|address_token|address_token,name_token:9074|address_token:113422|address_token:36446|address_token:228724|name_prefix:7258|address_token:554778|address_token:8749|name_token:11883|name_token:22221|address_house:48291|address_city:5714|address_token:113365,0,0,0,0.0,0.538,0,Apex Om Builders Private Limited,அபெக்ஸ் ஓம் பில்டர்ஸ் பிரைவேட் லிமிடெட்,"9, Anna Nagar, 4Th Street, Coimbatore North, Coimbatore, Tamil Nadu","9, ANNA NAGAR, 4TH STREET, COIMBATORE NORTH, COIMBATORE, தமிழ்நாடு",india
S1-311510647,S3-622583626,address_city|address_house|address_token|address_token,name_token:9074|address_token:113422|address_token:36446|address_token:228724|name_prefix:7258|address_token:554778|address_token:8749|name_token:11883|name_token:22221|address_house:48291|address_city:5714|address_token:113365,0,0,0,0.0,0.3,0,Apex Om Builders Private Limited,அபெக்ஸ் ஓம் பில்டர்ஸ் பிரைவேட் லிமிடெட்,"9, Anna Nagar, 4Th Street, Coimbatore North, Coimbatore, Tamil Nadu","9, Coimbatore North, Coimbatore, TN",india
S1-75236860,S3-702484438,name_prefix|name_token,address_city:42559|address_token:153726|address_token:7026|address_token:80020|address_token:139352|address_token:102880|address_token:22408|name_token:53012|address_token:356701|name_token:8929|name_prefix:7296,1,1,1,0.333,0.0,0,Dynamic Technologies LLP,Dynamic LLP Partners,"Club House, Ideal Villas, New Town, Kochpukur, Kolkata, Howrah, West Bengal",,india
S1-443155565,S3-726720218,name_prefix|name_token|name_token,address_token:113422|address_city:17610|name_token:22412|address_token:584256|name_token:8856|address_token:113365|address_token:124809|address_token:554778|name_token:11883|name_prefix:8665|address_token:372030|address_token:61302|address_token:6432,1,0,0,0.5,0.0,0,Om Premier Consulting Private Limited,Om Pgmsceer Consulting  Private Limited,"No-228, First Floor, Af1 Bhagyalakshmi Nagar, 1St Street, S.Kolathur, Chennai, Kancheepuram, Tamil Nadu",,india
S1-445750052,S2-860342270,name_token,address_token:108326|address_token:6225|name_token:44851|address_house:7773|address_token:554778|address_number:13368|address_token:171715|address_token:343014,0,0,0,0.25,0.0,0,Asansol Traders Private Limited,Mr Asansol Trdaesr Private Limited,"Maharashtra, Pune, Treasure Park, Sant Nagar, G-204, Pune",,india
S1-69356388,S3-626113076,name_prefix|name_token|name_token,name_token:8446|name_token:20956|address_token:29217|name_prefix:28087|address_token:58691,1,1,1,0.667,0.0,0,Shivam Healthcare Private Limited,Shivam Healthcare Private Limited Enterprises,"Behind Dharm Kanta, Bhilwara, Near Badal Talkies, Rajasthan",,india
S1-346358780,S2-920918339,address_house|address_number|address_token|address_token|address_token,name_token:10914|name_prefix:16820|address_token:202085|address_house:10423|name_token:22466|address_token:37849|address_number:19038|address_token:103662|address_city:5800,0,0,0,0.0,0.667,0,Golden Energy Private Limited,ગોલ્ડન એનર્જી પ્રાઇવેટ લિમિટેડ,"Block No. 103/B, Bhesan Icchapore Road, Surat, Gujarat","BLOCK NO. 103/B, SURAT, Gujarat",india
S1-565128019,S3-216340210,address_token|name_prefix,address_token:360514|name_prefix:13639|name_token:32061|address_city:55154|address_token:584256|address_token:69657|address_token:341972|address_number:13095|address_token:343014|address_token:356701,1,1,1,0.0,0.056,0,Developers Saee Castings Private Limited,developerssaeecastings.com,"Plot No. 640, 03, Sethi Terraces, 1St Floor, P.D. Hinduja Marg, Khar (West, ), Mumbai, Maharashtra","40, ), Mumbai, MH",india
S1-959055954,S3-145402441,address_house|address_number|address_token|address_token|address_token,address_house:7910|address_token:360514|name_token:12593|address_city:55154|address_token:37738|address_number:16131|address_token:584256|address_token:30603|name_prefix:16219|address_token:341972|address_token:554778|address_token:6686|address_token:234608|name_token:29427|address_token:93496|address_token:343014|address_token:356701,0,0,0,0.0,0.235,0,East Care Private Limited,ईस्ट केयर प्राइवेट लिमिटेड,"02 Ground Floor, Sydney Bldg Plot No. Y-9, Shastri Nagar Andheri West, Mumbai, Mumbai City, Maharashtra","02 Ground Floor, Mumbai, MH",india
S1-422571989,S3-793729805,address_house|address_number|address_token|address_token|address_token|address_token|name_prefix,address_token:17866|address_token:40417|address_house:7526|address_number:14021|name_token:17834|address_token:48680|address_token:173038|address_token:72724|address_token:258312,1,1,0,0.0,0.667,0,Bhopal Hospitality,>> bhopalhospitality.com,"68, H-Sector. Industrial Area/, Bhopal, Madhya Pradesh","#68, H-sector. Industrial Area/, Bhopal, MP",india
S1-422571989,S3-118269104,address_house|address_number|address_token|address_token|address_token|address_token|name_prefix,address_token:17866|address_token:40417|address_house:7526|address_number:14021|name_token:17834|address_token:48680|address_token:173038|address_token:72724|address_token:258312,1,1,0,0.0,0.462,0,Bhopal Hospitality,Bhopalhospitality.Com,"68, H-Sector. Industrial Area/, Bhopal, Madhya Pradesh","#68, H-sector. Industrial Area/, Bhopal, मध्य प्रदेश",india
S1-111017426,S2-342945943,address_city|address_number|address_number|address_token|address_token|address_token|address_token,address_token:534840|address_number:29572|address_token:228724|address_token:554778|address_house:14874|name_token:12685|address_token:6258|address_number:61990|address_city:139489|name_prefix:8177,0,0,0,0.0,0.7,0,Digital Bakers Private Limited,privatedigitalbakerscom,"Delhi, 33/17 Shakti Nagar, North Delhi, New Delhi","DOOR NO 9-33/17 SHAKTI NAGAR, NEW DELHI, NORTH DELHI, Delhi",india
S1-762631656,S3-694205366,address_house|address_number|address_token|name_prefix|name_token|name_token,address_number:100244|address_city:7114|name_prefix:15985|address_token:245093|address_token:584256|address_token:153726|address_token:80020|name_token:9573|address_token:102880|name_token:163685|address_token:356701,1,1,1,0.667,0.182,0,Bharat Services Private Limited,Bharat Services #45404,"11A, Esplanade East, 1St Floor, Kolkata, Kolkata, Howrah, West Bengal","A-11a, Howrah, WB",india
S1-737859916,S2-222374775,address_house|address_number|address_token,name_token:23226|address_token:40417|address_house:11793|address_number:22932|address_token:258312|address_token:36817,0,0,0,0.0,0.154,0,Ys & Associates,Mr Pyradova,"43, Shubha Sampada Nipaniya Road, Indore, Madhya Pradesh","43, INDORE, मध्य प्रदेश",india
S1-526677133,S2-504444448,address_number|address_token|address_token|address_token|address_token,address_token:113422|name_prefix:7335|name_token:8346|name_token:25057|address_number:12858|address_token:113365|address_token:81296,0,0,0,0.0,0.385,0,Alpha Products Private Limited,ஆல்ஃபா புராடக்ட்ஸ் பிரைவேட் லிமிடெட்,"100, Srivilliputhur Road, Padikasuvaithanpatti Village, Mamsapuram, Rajapalayam, Virudhunagar, Tamil Nadu","BLOCK F-261 100, RAJAPALAYAM, VIRUDHUNAGAR, Tamil Nadu",india
S1-526677133,S3-789057110,address_house|address_number|address_token,address_token:113422|name_prefix:7335|name_token:8346|name_token:25057|address_number:12858|address_token:113365|address_token:81296,0,0,0,0.0,0.182,0,Alpha Products Private Limited,ஆல்ஃபா புராடக்ட்ஸ் பிரைவேட் லிமிடெட்,"100, Srivilliputhur Road, Padikasuvaithanpatti Village, Mamsapuram, Rajapalayam, Virudhunagar, Tamil Nadu","100, Virudhunagar, TN",india
S1-398427368,S2-533353458,name_token|name_token,name_token:24839|address_number:34906|address_token:341972|address_token:554778|name_token:11957|address_house:16777|address_token:58691|address_token:38376|address_token:234608|name_prefix:9724,0,0,0,0.5,0.0,0,Maa Finance Private Limited,M/s MAA FINANCE PRIVATE  LIMITED,"Nagaur, C/O Hemant Singh, Choudary Charan Singh Nagar, Plot No. 28, Kuchaman City, Rajasthan, Nagaur",,india
S1-398258386,S3-882660911,name_prefix|name_token,name_token:229501|address_token:554778|address_token:343014|address_token:171715,1,0,0,0.333,0.0,0,Khed India Private Limited,Khed Private Limited Center,"M. No.1658 Thigalsthal, Rajguru Nagar, Dhamantek Dawadi Road, Khed, Pune, Maharashtra",,india
S1-565496109,S2-660569790,address_house|address_token,address_token:52464|address_token:37552|address_token:7180|name_prefix:12937|name_token:82701|name_token:8867,0,0,0,0.0,0.222,0,Hari Industries Private Limited,ഹരി ഇൻഡസ്ട്രീസ് പ്രൈവറ്റ് ലിമിറ്റഡ്,"4E, Veegaland Kingsfort, Mathur Junction, Ernakulam, Kerala","4E, ERNAKULAM, കേരളം",india
S1-738837374,S3-615552077,address_house|address_token|address_token|address_token|name_token|name_token,address_token:11754|address_token:245093|address_city:16702|address_token:16875|address_token:554778|address_token:360514|name_token:22080|address_token:343014|address_token:82977|address_token:356701|address_house:67232,0,0,0,0.5,0.375,0,Micro Business Private Limited,Sri Micro Business Prova Limited,"5 D/1, Pooja Building, W E Highway, Asha Nagar, Kandivali East, Mumbai, Maharashtra","H.no 5 D/1, Kandivali East, Mumbai, MH",india
S1-738837374,S3-716849779,address_house|address_token|address_token|address_token|name_token,address_token:11754|address_token:245093|address_city:16702|address_token:16875|address_token:554778|address_token:360514|name_token:22080|address_token:343014|address_token:82977|address_token:356701|address_house:67232,0,0,0,0.2,0.429,0,Micro Business Private Limited,M/s Micro Private Limited Center,"5 D/1, Pooja Building, W E Highway, Asha Nagar, Kandivali East, Mumbai, Maharashtra","5 D/1, Kandivali East, Mumbai, MH",india
S1-847755711,S3-854960816,address_house|address_number|address_token|address_token|address_token|address_token|address_token,address_token:62994|address_house:80971|name_prefix:11804|address_token:341972|address_number:21031|address_token:41184|address_token:66761|address_token:173038,0,0,0,0.0,0.714,0,Gurgaon Image Private Limited,Giprivate.Com,"Plot No. Nh 3, Near Huda Market Sector 46, Gurgaon, Haryana","Plot No. Nh 3, Near Huda Market Sector 46, Gurgaon, हरियाणा",india
S1-315727347,S3-447685760,address_house|address_number|address_token|address_token,address_number:12646|address_token:17659|address_city:9507|name_token:29427|name_token:12685|address_token:341972|address_number:11274|address_token:174880|address_token:171715|name_prefix:8177|address_token:343014|address_house:6756,0,0,0,0.0,0.286,0,Digital Care,डिजिटल केयर,"Plot No 83, Survey No 98 Bhusari Colony, Off Paud Road, Pune, Maharashtra","Plot No 83/5, Pune, MH",india
S1-315727347,S3-320882617,address_house|address_number|address_token|address_token,address_number:12646|address_token:17659|address_city:9507|name_token:29427|name_token:12685|address_token:341972|address_number:11274|address_token:174880|address_token:171715|name_prefix:8177|address_token:343014|address_house:6756,0,0,0,0.0,0.235,0,Digital Care,डिजिटल केयर,"Plot No 83, Survey No 98 Bhusari Colony, Off Paud Road, Pune, Maharashtra","Plot No 83/5, Pune, महाराष्ट्र",india
S1-216397967,S3-314811214,address_number|address_token|name_prefix,name_prefix:19017|address_token:40417|address_house:15300|address_token:341972|address_token:10913|name_token:33039|address_number:26513|address_number:8641|address_token:258312|address_token:36817,1,1,0,0.0,0.143,0,Prostar Consultants Private Limited,prostarconsultants.com,"101, Signature Planet, Plot No. 427 Scheme No. 114, Indore, Madhya Pradesh","Hn 982 101, Indore, MP",india
S1-149188290,S3-976024273,address_city|address_number|address_token|address_token|name_prefix|name_token|name_token,address_number:100244|name_token:8920|address_token:534840|address_token:228724|address_token:341972|name_prefix:20198|name_token:16358|address_city:19617|address_token:114722,1,1,0,1.0,0.364,0,Green Polytechnic,Green Green Polytechnic,"Plot No. 835 Main Road, New Delhi, Delhi, Kapashera, N-11","N-11, New Delhi, DL",india
S1-89532106,S3-963429692,address_house|address_number|address_token|address_token|address_token|address_token|address_token|address_token|address_token|address_token|address_token,address_number:6125|address_token:53898|address_token:22326|address_token:258312|address_token:42703|address_token:136558|address_token:584256|address_token:40324|name_token:70701|address_house:95139|address_token:341972|address_token:554778|name_prefix:8640|address_token:44513|address_token:173038,0,0,0,0.0,0.737,0,Trading Boolean Multi LLP,tbmulti.com,"Unit 2 Floor 7Th, Plot No 4 Aykon Towers, Sector-135, Noida, Gautam Buddha Nagar, Uttar Pradesh","Unit 2 Fmoor 7Th, Plot No 4 Aykon Towers, Sector-135, Gautam Buddha Nagar, Noida, UP",india
S1-930571658,S2-611870352,name_prefix|name_token,address_number:13368|name_token:64038|address_number:8965|address_number:6613|address_token:171715|address_token:343014,1,1,0,0.333,0.0,0,Aliza Exports Private Limited,Aliza  Eorost Private Limited,"Fl 506, Mandke Armaan, Sn. 199 204 206/1 209, Pune, Maharashtra",,india
S1-930571658,S3-554892861,address_token,address_number:13368|name_token:64038|address_number:8965|address_number:6613|address_token:171715|address_token:343014,0,0,0,0.0,0.125,0,Aliza Exports Private Limited,Mr Epaliza.Com,"Fl 506, Mandke Armaan, Sn. 199 204 206/1 209, Pune, Maharashtra","Pune, Fl 5-06, Kamshet, MH",india
S1-405030443,S3-930246174,address_token|address_token|address_token|address_token,name_prefix:7799|name_token:12634|address_token:52464|address_token:5593|address_token:82977|address_token:17260|address_token:372030,0,0,0,0.0,0.174,0,Trinity Life Private Limited,tlprivate.com,"Kottayam, Pala, D.B. Iii Building St. Joseph'S College Of Engineering & Te, Chnology, Kerala, Boot Camp","No 972 Boot Camp, N/A, Pala, Kottayam, KL",india
S1-920333835,S3-397252530,address_city|address_number|address_number|address_token|address_token|name_prefix|name_token,address_token:24890|address_token:6987|address_token:83756|name_prefix:17298|address_token:584256|address_token:69657|address_number:18550|address_token:534840|address_city:139489|name_token:35145|address_number:74141|address_number:5200|address_token:356701,1,1,0,0.333,0.222,0,Delhi Agri Ltd,Delhi Ari Ltd,"Delhi, 15A/55, 3Rd Floor, Office No 310 Wea Sarswati Marg Karol Bagh, West Delhi, Delhi","Plto 306 15A/55, West Delhi, New Delhi, DL",india
S1-439920693,S3-108561177,address_house|address_number|address_token,address_token:113422|address_house:30552|address_number:77778|name_token:18301|address_token:554778|name_prefix:28087|address_token:97296|address_token:113365|name_token:8889,0,0,0,0.0,0.333,0,Shiva Infotech Limited,சிவா இன்ஃபோடெக் லிமிடெட்,"No.13/3, Sankar Complex, Rathinam Nagar, Theni, Tamil Nadu","Door No #13/3, Theni, TN",india
S1-439920693,S3-532219110,address_house|address_number|address_token,address_token:113422|address_house:30552|address_number:77778|name_token:18301|address_token:554778|name_prefix:28087|address_token:97296|address_token:113365|name_token:8889,0,0,0,0.0,0.273,0,Shiva Infotech Limited,சிவா இன்ஃபோடெக் லிமிடெட்,"No.13/3, Sankar Complex, Rathinam Nagar, Theni, Tamil Nadu","##13/3, Theni, TN",india
S1-317975079,S3-50491480,address_house|address_number|address_token|address_token,address_token:41184|address_token:11399|name_prefix:16219|address_token:102880|name_token:17643|address_token:153726|address_token:80020|name_token:8772|address_number:58224|address_token:9573|address_token:356701|address_token:10241,0,0,0,0.0,0.188,0,Eastern Logistics Limited,ইস্টার্ন লজিস্টিকস লিমিটেড,"18A, Kavi Bharati Sarani, Lake Road, Lake Market, Kolkata, West Bengal, India., Kolkata, Kolkata, Howrah, West Bengal","18A, Kolkata, Howrah, পশ্চিমবঙ্গ",india
S1-317975079,S2-760172135,address_number|address_token|address_token|address_token|address_token,address_token:41184|address_token:11399|name_prefix:16219|address_token:102880|name_token:17643|address_token:153726|address_token:80020|name_token:8772|address_number:58224|address_token:9573|address_token:356701|address_token:10241,0,0,0,0.0,0.357,0,Eastern Logistics Limited,ইস্টার্ন লজিস্টিকস লিমিটেড,"18A, Kavi Bharati Sarani, Lake Road, Lake Market, Kolkata, West Bengal, India., Kolkata, Kolkata, Howrah, West Bengal","HN 43 18A, KOLKATA, HOWRAH, West Bengal",india
S1-863588725,S2-152935671,address_house|address_token|address_token|address_token,address_token:113422|address_token:554778|address_token:114722|address_token:15683|name_prefix:10444|address_token:113365|address_house:95139,0,0,0,0.0,0.385,0,Tiruchirappalli Woods Pvt Ltd,Lyraquo,"No.2/1, Tiruchirappalli, Kailash Nagar, Thanjai Main Road, Tiruchirappalli, Tamil Nadu","#2/1/4, TIRUCHIRAPPALLI, TRICHY, Tamil Nadu",india
S1-92379522,S3-517555806,address_number|address_token,address_token:108326|address_token:37738|name_token:9589|name_token:32737|address_token:360514|name_prefix:28087|address_token:343014|address_city:11962|address_token:356701,0,0,0,0.0,0.154,0,Shiv Technology Private Limited,शिव टेक्नोलॉजी प्राइवेट लिमिटेड,"Indrayani, Lallubhai, Park Road Andheri West, Maharashtra, 801, Mumbai","Block E-#81 801, Mumbai, MH",india
S1-92379522,S2-488714617,address_house|address_number|address_token,address_token:108326|address_token:37738|name_token:9589|name_token:32737|address_token:360514|name_prefix:28087|address_token:343014|address_city:11962|address_token:356701,0,0,0,0.0,0.154,0,Shiv Technology Private Limited,शिव टेक्नोलॉजी प्राइवेट लिमिटेड,"Indrayani, Lallubhai, Park Road Andheri West, Maharashtra, 801, Mumbai","#801, MUMBAI, महाराष्ट्र",india
S1-78104785,S3-667242434,address_number|address_number|address_token,address_token:167047|address_house:67232|name_token:8555|name_prefix:16258|name_token:74331|address_number:18802|address_token:82090|address_number:34545,0,0,0,0.0,0.333,0,Supreme Ventures Private Limited,సుప్రీమ్ వెంచర్స్ ప్రైవేట్ లిమిటెడ్,"5-3-52/30, Anjaiah Enclae, Bolligudem Rd, Boduppal, Hyderabad, Telangana","Hyderabad, Plot 278 5-3-52/30, Hyderabad, Andhra Pradesh",india
S1-571212726,S2-689080196,address_house|address_number|address_token|address_token|address_token,name_token:22412|address_number:50465|address_token:534840|address_token:228724|address_token:5888|address_token:6144|name_token:11883|address_token:97296|address_token:72724|name_prefix:8665|address_city:9904|address_house:20958,0,0,0,0.0,0.333,0,Om Consulting Private Limited,ॐ कंसल्टिंग प्राइवेट लिमिटेड,"Shed No. 22, Cat. Ii, Sfs Dsidc Industrial Complex, Rohtak Road, N, Angloi, Delhi","SHED NO. 22/5, ANGLOI, DELHI",india
S1-571212726,S3-393342436,address_house|address_number|address_token|address_token|name_prefix|name_token,name_token:22412|address_number:50465|address_token:534840|address_token:228724|address_token:5888|address_token:6144|name_token:11883|address_token:97296|address_token:72724|name_prefix:8665|address_city:9904|address_house:20958,1,0,0,0.333,0.25,0,Om Consulting Private Limited,Om Private Limited Center,"Shed No. 22, Cat. Ii, Sfs Dsidc Industrial Complex, Rohtak Road, N, Angloi, Delhi","Shed No. 22, Delhi, Mundka, DL",india
S1-470931927,S2-786106518,address_token|address_token,name_prefix:23701|address_token:341972|address_house:24466|name_token:12249|address_token:24185|name_token:17534|address_token:174880|address_number:64306|address_token:66761,0,0,0,0.0,0.267,0,Jai Food,जय फूड,"Baba Hridayram, Colony, Mujessar, Sec 24, Faridabad, Plot No. 6, Haryana, Faridabad","PLOT NO. 6, AGRA, FARIDABAD, हरियाणा",india
S1-470931927,S3-892629637,address_token|name_prefix|name_token,name_prefix:23701|address_token:341972|address_house:24466|name_token:12249|address_token:24185|name_token:17534|address_token:174880|address_number:64306|address_token:66761,1,0,0,0.25,0.143,0,Jai Food,Jai फूड,"Baba Hridayram, Colony, Mujessar, Sec 24, Faridabad, Plot No. 6, Haryana, Faridabad","##6, Faridabad, हरियाणा",india
S1-807012476,S3-169539179,address_house|address_token|name_prefix|name_token|name_token,address_token:15836|name_prefix:7763|address_house:80971|address_token:554778|name_token:9167|name_token:21182|name_token:10426|address_token:103662|address_token:89474,1,1,1,0.5,0.182,0,Red Ram Properties,Red Ram Pareprtees,"3, Aryaman, 8 Sardar Patel Nagar Opp. Baw, Ahmedabad, Gujarat","3, Ahmedabad, GJ",india
S1-891300261,S2-82724580,name_token,address_token:534840|address_token:245093|address_token:202085|address_city:139489|address_token:5541|address_house:7983|address_number:15160,0,0,0,0.25,0.0,0,Field Milk Ltd,Smt Field Mank Ltd,"D-70, F/F Kh. No. 444 Dayanand Block, Shakarpur, Delhi, East Delhi, Delhi",,india
S1-588128360,S3-304607556,address_house|address_number|address_token|address_token|address_token|name_prefix|name_token,address_token:360514|address_token:72724|address_token:42703|name_token:24310|address_token:584256|address_token:55321|address_token:69657|address_house:30552|address_token:234608|address_number:77778|name_prefix:21725|address_token:343014,1,1,0,0.333,0.263,0,Mumbai Saraswati Limited,Mumbai 5araswati [Limited],"Unit No. 13, 1St Floor, Swastik Industrial Estate 178, Vidyanagari Marg, Kalina, Mumbai, Mumbai City, Maharashtra","Unit No. 13, Mumbai City, महाराष्ट्र",india
S1-180840170,S2-550202624,address_house|address_token,name_prefix:7956|address_token:40417|name_token:20956|name_token:9083|address_token:174880|address_token:258312|address_token:36817|address_house:95139,0,0,0,0.0,0.182,0,High Healthcare Private Limited,हाई हेल्थकेयर प्राइवेट लिमिटेड,"Indore, 2, Madhya Pradesh, Indore, Gulmohar Colony","2, INDORE, मध्य प्रदेश",india
S1-553447406,S3-149040701,name_prefix|name_token|name_token,address_token:113422|address_token:124809|address_number:74141|address_token:554778|name_prefix:5547|name_token:17834|address_number:112011|address_token:113365,1,1,1,0.667,0.0,0,Kalchuri Hospitality Private Limited,Kalchuri Hospitality Privaote Limited,"Tamil Nadu, Sree145, Chennai, 10Ist Street15Th Sectorkk Nagar",,india
S1-54489043,S2-955542081,address_token|address_token|address_token|address_token|address_token|address_token|address_token|address_token,address_token:15349|address_token:258312|address_token:136558|name_token:9079|address_token:584256|name_token:17534|address_token:69657|name_prefix:23701|address_token:234608|address_token:171133|address_token:20529,0,0,0,0.0,0.667,0,Jain Food Pvt Ltd,जैन फूड प्रा. लि.,"Flat No. 1003 Amber Tenth Floor Nri Heights, Nri City, Mainawati Marg, Kanpur, Uttar Pradesh","FLAT NO. 1005 AMBER TENTH FLOOR NRI HEIGHTS, KANPUR, Uttar Pradesh",india
S1-653778860,S3-863033233,address_house|address_token|address_token|name_prefix,address_house:7653|name_token:24310|name_prefix:21725|address_token:37849|name_token:74331|address_number:12578|address_token:83756|address_token:103662|address_token:234608|address_token:81689,1,1,0,0.0,0.286,0,Mumbai Ventures Private Limited,mumbaiventures.com,"4Th Flr, Office No-402/A, B-Rangrej Tower, Jadakhadi, Surat City, Surat, Gujarat","4Th. Flr, GJ, Surat, Surat City",india
S1-653778860,S3-242893653,address_house|address_token|address_token|name_prefix|name_token|name_token,address_house:7653|name_token:24310|name_prefix:21725|address_token:37849|name_token:74331|address_number:12578|address_token:83756|address_token:103662|address_token:234608|address_token:81689,1,1,1,0.667,0.333,0,Mumbai Ventures Private Limited,Mumbai Ventures Pmrvate Limited,"4Th Flr, Office No-402/A, B-Rangrej Tower, Jadakhadi, Surat City, Surat, Gujarat","H.no 4Th. Flr, Surat City, Surat, GJ",india
S1-322610512,S3-674113483,address_city|address_token|address_token|address_token|address_token,name_token:10914|name_prefix:16820|address_token:153726|address_token:102880|address_city:36110|address_token:34632|address_number:18083|name_token:18090|address_token:356701,0,0,0,0.0,0.5,0,Golden Impex Private Limited,গোল্ডেন ইম্পেক্স প্রাইভেট লিমিটেড,"60A Maharaja Tagore Road, Kolkata, Calcutta, West Bengal","060A Maharaja Tagore Road, Kolkata, Calcutta, WB",india
S1-322610512,S3-677919108,address_city|address_token|address_token|address_token|address_token,name_token:10914|name_prefix:16820|address_token:153726|address_token:102880|address_city:36110|address_token:34632|address_number:18083|name_token:18090|address_token:356701,0,0,0,0.0,0.455,0,Golden Impex Private Limited,গোল্ডেন ইম্পেক্স প্রাইভেট লিমিটেড,"60A Maharaja Tagore Road, Kolkata, Calcutta, West Bengal","No 060A Maharaja Tagore Road, Kolkata, Calcutta, WB",india
S1-882678838,S2-790085826,address_house|address_number|address_token|address_token,address_token:5759|name_token:9186|address_token:167047|name_prefix:19101|name_token:34269|address_token:24934|address_token:82090|address_house:8702|name_token:9581|address_token:171133|address_number:15838,0,0,0,0.0,0.364,0,Shakti White Global Private Limited,శక్తి వైట్ గ్లోబల్ ప్రైవేట్ లిమిటెడ్,"Flat No 302, J Pallavi Apartments, Yousufguda, Khairatabad, Hyderabad, Telangana","RANGAREDDY, FLAT NO #302, Telangana",india
S1-474750686,S2-992009911,address_house|address_number|address_token|address_token|address_token|address_token|address_token,address_number:32973|name_token:8769|address_token:58519|address_token:554778|address_token:5895|name_token:53012|address_house:95139|address_token:10271|address_token:258312|address_token:136558|name_prefix:9044,0,0,0,0.0,0.533,0,Vijay Technologies,विजय टेक्नोलॉजीज,"A-2/29, Vishal Khand Gomti Nagar, Lucknow, Uttar Pradesh","उत्तर प्रदेश, A-2/29, LUCKNOW, VISHAL KHAND GOMTI NAGAR, LUCKNOW",india
S1-474750686,S3-966781251,address_number|address_token|name_prefix,address_number:32973|name_token:8769|address_token:58519|address_token:554778|address_token:5895|name_token:53012|address_house:95139|address_token:10271|address_token:258312|address_token:136558|name_prefix:9044,1,0,0,0.0,0.286,0,Vijay Technologies,@Vijaytechnologies,"A-2/29, Vishal Khand Gomti Nagar, Lucknow, Uttar Pradesh","H.no 091 A-2/29, Lucknow, UP",india
S1-116201769,S2-413207813,address_number|address_token|address_token|address_token,name_prefix:11555|address_token:534840|address_token:228724|address_token:584256|address_number:5796|address_city:59596|address_token:93496|name_token:22221|name_token:8856|address_token:356701|address_token:7474,0,0,0,0.0,0.412,0,Premier Builders Pvt Ltd,प्रीमियर बिल्डर्स प्रा. लि.,"Kh.No.134 Ground Floor Bi, Landmark In Back Of Cloud, Delhi, North West Delhi, Delhi","दिल्ली, KH.NO.B3/134 GROUND FLOOR BI, DELHI",india
S1-333249875,S3-730895014,address_house|address_token|address_token,name_token:8698|address_token:360514|address_token:83756|name_prefix:6864|address_token:37738|address_token:584256|address_token:554778|address_token:234608|address_token:7071|name_token:39807|address_house:62816|address_token:343014,0,0,0,0.0,0.143,0,Pioneer International Private Limited,पायोनियर इंटरनेशनल प्राइवेट लिमिटेड,"Maharashtra, Office 6, Mohid Hights, 3Rd Floor, Lokhandwala Rd, Off 4 Bunglow, Suresh Nagar, Andheri (We, St), Mumbai City, Mumbai","Office 6, Mumbai, Mumbai Suburban, MH",india
S1-39316492,S3-140423920,address_token|address_token|address_token|address_token,name_token:22412|address_token:139352|name_prefix:25559|address_token:6246|name_token:32515|address_token:343014,0,0,0,0.0,0.4,0,Tech Consulting Private Limited,टेक कंसल्टिंग प्राइवेट लिमिटेड,"C/O Balasaheb Rajaram Kshirsagar, House No 515 Pedgaon, Tal-Shrigonda, Ahmednagar, Maharashtra","C/o Balasaheb Rajaram Kshirsagar, Ahmednagar, Shrigaonda, MH",india
S1-62662330,S3-686628291,name_prefix|name_token,name_prefix:7297|address_token:554778|name_token:9607|name_token:21182|address_token:258312|address_token:136558|address_token:20529,1,1,1,0.333,0.0,0,Laxmi Properties,Laxmi Propertsfiges,"891, Damodar Nagar Barra, Barra, Kanpur Nagar, Uttar Pradesh",,india
S1-414808260,S2-941767790,address_city|address_token|address_token|address_token|address_token,address_token:88699|name_prefix:15985|address_token:534840|address_token:228724|address_token:584256|address_house:80971|name_token:23331|address_token:202085|address_token:17847|address_token:73068|name_token:9573|address_token:139352|address_city:59596|address_token:93496|address_token:356701,0,0,0,0.0,0.4,0,Bharat Projects Private Limited,भारत प्रोजेक्ट्स प्राइवेट लिमिटेड,"North West, Delhi, Ground Floor, Block C-3 Ashok Vihar Phase-Ii, House No-1, Delhi","HOUSE NO-1, DELHI, NORTH WEST, Delhi",india
S1-414808260,S3-687410320,address_city|address_token|address_token|address_token|address_token,address_token:88699|name_prefix:15985|address_token:534840|address_token:228724|address_token:584256|address_house:80971|name_token:23331|address_token:202085|address_token:17847|address_token:73068|name_token:9573|address_token:139352|address_city:59596|address_token:93496|address_token:356701,0,0,0,0.0,0.375,0,Bharat Projects Private Limited,bpprivate.com,"North West, Delhi, Ground Floor, Block C-3 Ashok Vihar Phase-Ii, House No-1, Delhi","Delhi, North West, DL, House No-1",india
S1-414808260,S2-516661799,address_city|address_token|address_token|address_token|address_token,address_token:88699|name_prefix:15985|address_token:534840|address_token:228724|address_token:584256|address_house:80971|name_token:23331|address_token:202085|address_token:17847|address_token:73068|name_token:9573|address_token:139352|address_city:59596|address_token:93496|address_token:356701,0,0,0,0.0,0.4,0,Bharat Projects Private Limited,भारत प्रोजेक्ट्स प्राइवेट लिमिटेड,"North West, Delhi, Ground Floor, Block C-3 Ashok Vihar Phase-Ii, House No-1, Delhi","HOUSE NO-1, DELHI, NORTH WEST, Delhi",india
S1-471447033,S2-192217867,address_number|address_token|address_token|address_token,address_number:47886|address_token:360514|address_house:37179|name_token:11604|address_city:55154|address_token:84918|address_number:97569|address_token:9823|address_token:341972|address_token:234608|address_token:26457|address_token:14276|address_token:173038|address_token:343014|name_prefix:10314|name_token:163685|address_token:356701,0,0,0,0.0,0.278,0,Blue Services Private Limited,ब्लू सर्विसेज प्राइवेट लिमिटेड,"Shree Niketan, Plot No 12 Sector - 1, New Panvel West, Mumbai City, Shop No 21, Navi Mumbai, Maharashtra","H.NO B3/21, NAVI MUMBAI, Maharashtra",india
S1-471447033,S2-331615730,address_number|address_number|address_token|address_token|address_token|address_token|address_token|address_token|address_token|address_token|address_token|address_token|name_prefix,address_number:47886|address_token:360514|address_house:37179|name_token:11604|address_city:55154|address_token:84918|address_number:97569|address_token:9823|address_token:341972|address_token:234608|address_token:26457|address_token:14276|address_token:173038|address_token:343014|name_prefix:10314|name_token:163685|address_token:356701,1,0,0,0.0,0.882,0,Blue Services Private Limited,blueservices.com,"Shree Niketan, Plot No 12 Sector - 1, New Panvel West, Mumbai City, Shop No 21, Navi Mumbai, Maharashtra","SHOP NO B3/21 , SHREE NIKETAN, PLOT NO 12 SECTOR - 1, NEW PANVEL WEST, NAVI MUMBAI, Maharashtra",india
S1-471447033,S2-790990184,address_number|address_number|address_token|address_token|address_token|address_token|address_token|address_token|address_token|address_token|address_token|name_prefix|name_token|name_token,address_number:47886|address_token:360514|address_house:37179|name_token:11604|address_city:55154|address_token:84918|address_number:97569|address_token:9823|address_token:341972|address_token:234608|address_token:26457|address_token:14276|address_token:173038|address_token:343014|name_prefix:10314|name_token:163685|address_token:356701,1,1,1,0.667,0.778,0,Blue Services Private Limited,BLUE SERVICES PRÍVATE LTD,"Shree Niketan, Plot No 12 Sector - 1, New Panvel West, Mumbai City, Shop No 21, Navi Mumbai, Maharashtra","H.NO B3/21 , SHREE NIKETAN, PLOT NO 12 SECTOR - 1, NEW PANVEL WEST, NAVI MUMBAI, Maharashtra",india
S1-471447033,S3-335395012,address_token|address_token|address_token|address_token|name_core_exact|name_prefix|name_token|name_token,address_number:47886|address_token:360514|address_house:37179|name_token:11604|address_city:55154|address_token:84918|address_number:97569|address_token:9823|address_token:341972|address_token:234608|address_token:26457|address_token:14276|address_token:173038|address_token:343014|name_prefix:10314|name_token:163685|address_token:356701,1,1,1,1.0,0.278,0,Blue Services Private Limited,Blue Services,"Shree Niketan, Plot No 12 Sector - 1, New Panvel West, Mumbai City, Shop No 21, Navi Mumbai, Maharashtra","Shop No 021, Navi Mumbai, Mumbai City, MH",india
S1-373226284,S3-37823294,address_token|address_token,name_prefix:7396|address_token:83329|address_number:61990|address_house:62816|address_token:9580|address_token:258312|name_token:8697|name_token:26479,0,0,0,0.0,0.2,0,Classic Producer Private Limited,క్లాసిక్ ప్రొడ్యూసర్ ప్రైవేట్ లిమిటెడ్,"6-17/2 Kanteru, Guntur, Andhra Pradesh","No 6256 Kanteru, Guntur, AP",india
S1-373226284,S2-891376117,address_house|address_number|address_token|address_token|address_token|address_token,name_prefix:7396|address_token:83329|address_number:61990|address_house:62816|address_token:9580|address_token:258312|name_token:8697|name_token:26479,0,0,0,0.0,0.778,0,Classic Producer Private Limited,క్లాసిక్ ప్రొడ్యూసర్ ప్రైవేట్ లిమిటెడ్,"6-17/2 Kanteru, Guntur, Andhra Pradesh","DOOR NO 6-17/2 KANTERU, GUNTUR, Andhra Pradesh",india
S1-666548580,S3-17925903,address_token|address_token|address_token|address_token,address_token:6455|address_token:10440|name_token:8845|address_token:245093|name_prefix:6880|address_token:554778|address_token:360514|address_token:8458|address_token:234608|name_token:18090|address_token:343014,0,0,0,0.0,0.267,0,Bombay Impex,बॉम्बे इम्पेक्स,"Ahmed Chawl, Rajendra Nagar, Dattapada Road, Borivali (East), Mumbai, Mumbai City, Maharashtra","Mumbai City, MH, Mumbai, Door No 402 Ahmed Chawl",india
S1-127971473,S3-245635431,address_token|address_token|address_token,name_token:22080|address_token:103662|name_prefix:12937|address_token:89474|name_token:8867,0,0,0,0.0,0.455,0,Hari Business Private Limited,હરિ બિઝનેસ પ્રાઇવેટ લિમિટેડ,"Institute For Studies And, Near Navsarjan, Bavla, Ahmedabad, Gujarat","Institute For Studies And, Bavla, Sanand, GJ",india
S1-621597210,S3-369253880,address_house|address_number|address_number|address_token|address_token,address_token:360514|name_prefix:15165|address_token:174880|address_house:12071|address_token:228724|address_token:554778|address_token:234608|name_token:8599|address_number:20787|address_number:41143|name_token:64038|address_token:343014,0,0,0,0.0,0.294,0,Southern Exports Private Limited,सदर्न एक्सपोर्ट्स प्राइवेट लिमिटेड,"201/H-25, Pratiksha Nagar (Mhada Colony) Pratiksha Nagar Best Bus Depot Road, Sio, N, Mumbai, Mumbai City, Maharashtra","201/H-25, Mumbai City, MH",india
S1-802247394,S3-334172911,address_house|address_number|address_token|address_token|address_token|address_token|name_prefix|name_token|name_token,name_token:8741|address_token:7123|address_token:534840|address_house:11049|name_token:71714|name_prefix:7528|address_number:22555|address_token:48809|address_token:35544,1,1,1,0.667,0.7,0,Galaxy Solutions Private Limited,Galaxy Solutions Pvsie Limited,"45/1 Masjid Bazar Lane, Bhogal, New Delhi, Delhi","#45/1 Masjid Bazar Lane, New Delhi, Muradnagar, DL",india
S1-802247394,S2-331090041,address_house|address_number|address_token|address_token|address_token|address_token|address_token,name_token:8741|address_token:7123|address_token:534840|address_house:11049|name_token:71714|name_prefix:7528|address_number:22555|address_token:48809|address_token:35544,0,0,0,0.0,0.667,0,Galaxy Solutions Private Limited,गैलेक्सी सॉल्यूशंस प्राइवेट लिमिटेड,"45/1 Masjid Bazar Lane, Bhogal, New Delhi, Delhi","H.NO 45/1 MASJID BAZAR LANE, दिल्ली, BHOGAL, NEW DELHI",india
S1-802247394,S3-630659673,address_house|address_number|address_token|address_token|address_token|address_token|address_token,name_token:8741|address_token:7123|address_token:534840|address_house:11049|name_token:71714|name_prefix:7528|address_number:22555|address_token:48809|address_token:35544,0,0,0,0.0,0.778,0,Galaxy Solutions Private Limited,गैलेक्सी सॉल्यूशंस प्राइवेट लिमिटेड,"45/1 Masjid Bazar Lane, Bhogal, New Delhi, Delhi","45/ Masjid Bazar Lane, New Delhi, Bhogal, DL",india
S1-802247394,S2-123506050,address_token|address_token|address_token|address_token,name_token:8741|address_token:7123|address_token:534840|address_house:11049|name_token:71714|name_prefix:7528|address_number:22555|address_token:48809|address_token:35544,0,0,0,0.0,0.429,0,Galaxy Solutions Private Limited,गैलेक्सी सॉल्यूशंस प्राइवेट लिमिटेड,"45/1 Masjid Bazar Lane, Bhogal, New Delhi, Delhi","H.NO 045/1 MASJID BAZAR LANE, NEW DELHI, NULL, दिल्ली",india
S1-405609652,S3-252656255,address_house|address_number|address_token|address_token|address_token,address_token:8466|address_token:584256|address_token:62994|address_token:11353|address_token:66761|name_token:73444|address_token:55321|address_token:72724,0,0,0,0.0,0.333,0,Affix Brothers Private Limited,Dr affixbrothers.com,"704, 7 Floor, Palam Court, Mehrauli-Gurgaon Road, Industrial Estate, Gurgaon, Haryana","704, Industrial Estate, Gurgaon, HR",india
S1-105904222,S3-73553499,address_house|address_number|address_token|address_token|address_token,address_token:113422|name_token:10914|address_token:584256|address_token:113365|name_prefix:16820|address_token:124809|name_token:17215|address_token:554778|address_token:114722|address_token:93496|address_token:17943|address_house:132166,0,0,0,0.0,0.25,0,Golden Estate Limited,கோல்டன் எஸ்டேட் லிமிடெட்,"No.1/1490, Ground Floor, 5Th Main Road Subashree Nagar Extn 1, Mugalivakkam, Chennai, Tamil Nadu","Door No 1/1490, Mugalivakkam, Chennai, தமிழ்நாடு",india
S1-105904222,S2-424350686,address_house|address_number|address_token|address_token|address_token|address_token,address_token:113422|name_token:10914|address_token:584256|address_token:113365|name_prefix:16820|address_token:124809|name_token:17215|address_token:554778|address_token:114722|address_token:93496|address_token:17943|address_house:132166,0,0,0,0.0,0.375,0,Golden Estate Limited,கோல்டன் எஸ்டேட் லிமிடெட்,"No.1/1490, Ground Floor, 5Th Main Road Subashree Nagar Extn 1, Mugalivakkam, Chennai, Tamil Nadu","NO.G-1/1490, CHENNAI, Tamil Nadu",india
S1-105904222,S2-870042046,address_house|address_number|address_token|address_token,address_token:113422|name_token:10914|address_token:584256|address_token:113365|name_prefix:16820|address_token:124809|name_token:17215|address_token:554778|address_token:114722|address_token:93496|address_token:17943|address_house:132166,0,0,0,0.0,0.19,0,Golden Estate Limited,கோல்டன் எஸ்டேட் லிமிடெட்,"No.1/1490, Ground Floor, 5Th Main Road Subashree Nagar Extn 1, Mugalivakkam, Chennai, Tamil Nadu","CHENNAI, தமிழ்நாடு, DOOR NO G-1/1490",india
S1-411419078,S3-187501491,address_house|address_number|address_token|address_token|address_token|address_token|address_token|name_prefix,address_token:6607|address_token:534840|address_token:584256|address_number:24309|address_token:61302|address_token:554778|address_house:132166,1,1,0,0.0,0.818,0,Mallika Securitas LLP,@mallikasecuritas,"B-1/38, First Floor Malviya Nagar, Delhi, New Delhi, Delhi","दिल्ली, New Delhi, Delhi, B-1/38, First Floor Malviya Nagar",india
S1-202559422,S2-705800763,name_prefix|name_token,address_token:113422|name_token:30618|address_token:554778|address_token:113365|name_prefix:9044|address_token:6432,1,1,0,0.333,0.0,0,Vijai Marketing Pvt. Ltd.,VIJAI PVT. LTD. SERVICES,"No.355, Mig, Nakkeeran Street, Nh1, Maraimalai Nagar, Maraimalai Nagar, Kancheepuram, Tamil Nadu",,india
S1-972889946,S3-961495451,address_house|address_number|address_number|address_token|address_token,address_token:113422|address_token:124809|address_house:14408|address_number:37709|address_token:554778|name_token:11957|address_number:27110|name_token:28619|name_prefix:9724|address_token:113365,0,0,0,0.0,0.286,0,Maa Agro Limited,Sri Zetaavi,"No.40/27, Vivekanandar Street M.G.R Nagar, Chennai, Tamil Nadu","#40/27, Chennai, K K Nagar, TN",india
S1-972889946,S3-95802124,address_house|address_number|address_number|address_token|address_token|name_token|name_token,address_token:113422|address_token:124809|address_house:14408|address_number:37709|address_token:554778|name_token:11957|address_number:27110|name_token:28619|name_prefix:9724|address_token:113365,0,0,0,0.667,0.357,0,Maa Agro Limited,Sri Maa Agro,"No.40/27, Vivekanandar Street M.G.R Nagar, Chennai, Tamil Nadu","No 40/27, Chennai, K K Nagar, TN",india
S1-111561967,S2-581596323,address_token|address_token|address_token|address_token,name_token:12634|name_prefix:7943|address_token:5332|address_token:103662|name_token:163685|address_token:23504,0,0,0,0.0,1.0,0,Life Services Private Limited,લાઇફ સર્વિસીસ પ્રાઇવેટ લિમિટેડ,"Chhani Road, Baroda, Vadodara, Gujarat","CHHANI ROAD, VADODARA, BARODA, Gujarat",india
S1-373347054,S2-630974363,address_house|address_number|address_token|address_token|address_token|address_token,address_token:584256|address_token:84918|address_token:11043|address_token:97296|name_prefix:13481|address_house:15300|name_token:9482|address_number:19038|address_number:21686|name_token:21546|address_token:14276|address_number:26513|address_token:171715|address_token:343014,0,0,0,0.0,0.333,0,Aditya Constructions Private Limited,आदित्य कंस्ट्रक्शंस प्राइवेट लिमिटेड,"Shop No 101, 103, 01St Floor, Shree Gajanan Commercial Complex, Gat No 1311, Chakan Talegaon Road, Khed, Pune, Maharashtra","SHOP NO 101, KHED, PUNE, Maharashtra",india
S1-472533537,S2-218504098,address_house|address_token|address_token,address_token:167047|name_token:8769|name_token:22466|address_token:82090|address_token:55321|address_house:62816|address_token:72724|name_prefix:9044,0,0,0,0.0,0.364,0,Vijay Energy Limited,విజయ్ ఎనర్జీ లిమిటెడ్,"C-6, Industrial Estate, Sanathnagar, Hyderabad, Telangana","C-6, SANATHNAGAR, HYDERABAD, తెలంగాణ",india
S1-979702799,S2-256129764,address_city|address_house|address_token|address_token|address_token|address_token|address_token,name_token:9751|address_token:153726|address_token:584256|name_token:8607|address_token:80020|name_token:22080|address_token:102880|name_prefix:6919|address_house:15010|address_token:356701|address_city:36110,0,0,0,0.0,0.471,0,Big Dream Business Private Limited,বিগ ড্রিম বিজনেস প্রাইভেট লিমিটেড,"2Nd Floor, 5, Harish Mukherjee Road, Kolkata, Kolkata, Howrah, West Bengal","HOWRAH, পশ্চিমবঙ্গ, H.NO 2ND FLOOR, 5, HARISH MUKHERJEE ROAD, KOLKATA, CALCUTTA",india
S1-672717022,S3-713999949,name_prefix|name_token|name_token,address_token:58519|address_token:136558|address_token:174880|address_token:258312|name_token:11336,1,1,1,0.667,0.0,0,Empire Academy,Empire Academy Córporation,"C/O Prashant Pandey Kh No. 177 Pnool Shivpuri Colony, Lucknow, Uttar Pradesh",,india
S1-894854202,S2-517359090,address_token|address_token|address_token|address_token,address_token:41417|address_token:360514|address_token:37738|address_house:10423|address_city:11962|address_token:356701|name_token:22088|address_number:19038|name_token:8720|name_prefix:7948|address_token:234608|address_token:343014,0,0,0,0.0,0.286,0,Modern Construction Pvt Ltd,मॉडर्न कंस्ट्रक्शन प्रा. लि.,"103 Magnum Opns, B Wing, Bunglows 7, Versova Road, Andheri West, Mumbai, Mumbai City, Maharashtra","MAGNUM OPNS, MUMBAI, Maharashtra",india
S1-894854202,S2-922462319,address_token|address_token|address_token|address_token|address_token,address_token:41417|address_token:360514|address_token:37738|address_house:10423|address_city:11962|address_token:356701|name_token:22088|address_number:19038|name_token:8720|name_prefix:7948|address_token:234608|address_token:343014,0,0,0,0.0,0.357,0,Modern Construction Pvt Ltd,मॉडर्न कंस्ट्रक्शन प्रा. लि.,"103 Magnum Opns, B Wing, Bunglows 7, Versova Road, Andheri West, Mumbai, Mumbai City, Maharashtra","MAGNUM OPNS, MUMBAI, MUMBAI CITY, Maharashtra",india
S1-158597020,S3-831555775,address_house|address_token|address_token,name_prefix:15064|address_number:100244|address_token:153726|address_token:584256|address_token:80020|address_token:38607|address_token:102880|name_token:17534|name_token:11198|address_token:356701,0,0,0,0.0,0.214,0,Krishna Food Private Limited,কৃষ্ণ ফুড প্রাইভেট লিমিটেড,"2A, G.C. Avenue 7Th Floor, Room No-11, Kolkata, Howrah, West Bengal","2A, Howrah, Kolkata, WB",india
S1-970224835,S3-667844457,address_number|address_token,address_token:41184|address_token:6258|address_token:258312|address_token:136558|address_token:37137|address_number:18547|address_token:584256|name_prefix:7296|address_token:341972|address_house:9414|address_token:10271|address_token:42051|name_token:30224|address_token:93496|address_number:18083|name_token:8929,0,0,0,0.0,0.227,0,Dynamic Engineering Pvt Ltd,डायनामिक इंजीनियरिंग प्रा. लि.,"G-60 And G-63-A, Ground Floor Eros Market Place, Plot No.2, Shakti Khand-2 Indrapuram, Ghaziabad, Uttar Pradesh","null, UP, Ghaziabad, G-50 And G-63-a",india
S1-716845089,S2-60884350,address_token|address_token,name_prefix:55481|name_token:10057|address_number:77778|address_token:202085|address_token:6261|name_token:81699|address_token:126959|address_token:114722|address_token:171133,0,0,0,0.0,0.174,0,Indian Enterprises Private Limited,ಇಂಡಿಯನ್ ಎಂಟರ್‌ಪ್ರೈಸಸ್ ಪ್ರೈವೇಟ್ ಲಿಮಿಟೆಡ್,"A Block, Admirality Manor Off 13Th Cro Ss, Near 6Th Main, Appareddypalaya, Karnataka, B'Lore, Flat No.316","DOOR NO 16, BENGALURU HQ REGION, B'LORE, Karnataka",india
S1-716845089,S3-363356887,address_number|address_token|address_token,name_prefix:55481|name_token:10057|address_number:77778|address_token:202085|address_token:6261|name_token:81699|address_token:126959|address_token:114722|address_token:171133,0,0,0,0.0,0.25,0,Indian Enterprises Private Limited,Orbilyra,"A Block, Admirality Manor Off 13Th Cro Ss, Near 6Th Main, Appareddypalaya, Karnataka, B'Lore, Flat No.316","Door No 316, Appareddypalaya, B'lore, KA",india
S1-817420724,S3-750071751,address_number|address_token|address_token|address_token|address_token|address_token,name_token:9238|name_prefix:7533|address_number:7153|address_number:34906|address_token:167047|name_token:81699|address_number:23930|address_token:82090|address_token:6977|address_token:171133|address_house:16777,0,0,0,0.0,0.278,0,First Enterprises,Umbrazephveo,"Flat Nog08 Saptagiri Encl, Pt No-28 To 41 Gachibowli, Serilingampally, Hyderabad, Telangana","Flat Nogb3/08 Saptagiri Encl, <NULL>, Serilingampally, Hyderabad, Andhra Pradesh",india
S1-822950724,S2-943565667,name_prefix|name_token,name_token:44851|address_number:47600|address_token:584256|address_token:84918|address_token:71965|address_token:35544|name_prefix:11393|address_token:554778|address_token:12546|address_house:20625|address_token:58691|address_token:93496,1,1,1,0.333,0.0,0,Swapnadeep Traders Private Limited,Swapnadeep Private Limited Center,"Shop No. G-23, Ground Floor, Upasana Apna Bazar, Moti Nagar, Jhotwara Circle, Kalwad, Jaipur, Rajasthan",,india
S1-16361442,S3-960672291,address_house|address_number|address_token|address_token|name_prefix,address_token:6189|address_house:29751|address_token:341972|address_number:74141|name_token:34269|address_token:360514|address_token:554778|name_prefix:13224|name_token:53012|address_token:171133|address_token:343014,1,1,0,0.0,0.214,0,Global Udai Technologies Private Limited,@Globaludai,"Mumbai, Plot 15, Maharashtra, Flat No 4/1, Bhawani Nagar Cosmos Chsl","Plot G-15, Mumbai, MH",india
S1-983678702,S3-355547718,address_token|address_token,name_prefix:8598|address_token:258312|address_token:58519|name_token:17215|name_token:9114|address_token:5282|address_token:136558,0,0,0,0.0,0.182,0,Perfect Estate LLP,परफेक्ट एस्टेट एलएलपी,"Barawankalan, Maal Road, Dubagga Bypass, Lucknow, Uttar Pradesh","Plot 30 Barawankalan, Lucknow, UP",india
S1-983678702,S2-79844070,address_token|address_token,name_prefix:8598|address_token:258312|address_token:58519|name_token:17215|name_token:9114|address_token:5282|address_token:136558,0,0,0,0.0,0.143,0,Perfect Estate LLP,परफेक्ट एस्टेट एलएलपी,"Barawankalan, Maal Road, Dubagga Bypass, Lucknow, Uttar Pradesh","BARAWANKALAN, LUCKNOW, उत्तर प्रदेश, SITAPUR",india
S1-827009006,S2-243128800,address_token|address_token|address_token|address_token|address_token,address_token:167047|name_token:11957|address_token:82090|address_token:174880|address_token:17097|name_prefix:9724|name_token:70701,0,0,0,0.0,0.462,0,Maa Trading Private Limited,మా ట్రేడింగ్ ప్రైవేట్ లిమిటెడ్,"Pno 800 Defence Colony Sainikpuri, Secunderabad, Hyderabad, Telangana","PNO 80 DEFENCE COLONY SAINIKPURI, SECUNDERABAD, HYDERABAD, తెలంగాణ",india
S1-827009006,S2-538701538,address_token|address_token|address_token|address_token|address_token,address_token:167047|name_token:11957|address_token:82090|address_token:174880|address_token:17097|name_prefix:9724|name_token:70701,0,0,0,0.0,0.462,0,Maa Trading Private Limited,మా ట్రేడింగ్ ప్రైవేట్ లిమిటెడ్,"Pno 800 Defence Colony Sainikpuri, Secunderabad, Hyderabad, Telangana","PNO 80 DEFENCE COLONY SAINIKPURI, SECUNDERABAD, HYDERABAD, తెలంగాణ",india
S1-827009006,S3-269298885,address_token|address_token|address_token|address_token|address_token|name_prefix,address_token:167047|name_token:11957|address_token:82090|address_token:174880|address_token:17097|name_prefix:9724|name_token:70701,0,0,0,0.0,0.545,0,Maa Trading Private Limited,maatrading.com,"Pno 800 Defence Colony Sainikpuri, Secunderabad, Hyderabad, Telangana","Pno 80 Defence Colony Sainikpuri, Secunderabad, Hyderabad, Andhra Pradesh",india
S1-827009006,S3-635997598,address_token|address_token|address_token|address_token|address_token|name_prefix|name_token,address_token:167047|name_token:11957|address_token:82090|address_token:174880|address_token:17097|name_prefix:9724|name_token:70701,1,0,0,0.1,0.545,0,Maa Trading Private Limited,Maa ట్రేడింగ్ ప్రైవేట్ లిమిటెడ్,"Pno 800 Defence Colony Sainikpuri, Secunderabad, Hyderabad, Telangana","Pno 80 Defence Colony Sainikpuri, Secunderabad, Hyderabad, Andhra Pradesh",india
S1-826331129,S3-219570083,address_token|name_prefix,address_token:8699|address_token:8678|address_token:58519|address_token:554778|address_token:136558|address_token:173038|address_house:37179|address_number:97569|address_token:258312|address_token:20103,1,1,0,0.0,0.083,0,Minutes Trawlers Private Limited,minutestrawlers.com,"12, Vaishali Extension, Sector - 9, Indira Nagar, Lucknow, Uttar Pradesh","10, Lucknow, UP",india
S1-557564997,S3-378018978,address_house|address_number|address_token,name_token:71714|name_prefix:7169|address_token:174880|address_token:58691|name_token:9056|address_token:71965,0,0,0,0.0,0.25,0,Hitech Solutions Private Limited,हाईटेक सॉल्यूशंस प्राइवेट लिमिटेड,"279, Gome Defence Colony, Jhotwara, Jaipur, Rajasthan","Jaipur, RJ, 279",india
S1-557564997,S2-358310399,address_house|address_number|address_token|address_token,name_token:71714|name_prefix:7169|address_token:174880|address_token:58691|name_token:9056|address_token:71965,0,0,0,0.0,0.429,0,Hitech Solutions Private Limited,हाईटेक सॉल्यूशंस प्राइवेट लिमिटेड,"279, Gome Defence Colony, Jhotwara, Jaipur, Rajasthan","279, JAIPUR, Rajasthan",india
S1-769208869,S3-871458604,address_number|address_token|name_prefix,name_token:22412|name_prefix:15985|address_number:20115|address_number:6774|address_token:554778|name_token:9573|address_token:5743|address_token:171715|address_token:171133|address_token:343014|address_house:9854,1,1,0,0.0,0.188,0,Bharat Consulting Private Limited,bharatconsulting.com,"54/1/1, Shivam Appt, Flat 09 Vinayak Nagar, Pimple Gurav, Pune, Maharashtra","Hn 517 54/1/1, Mumbai, Pune, MH",india
S1-617036454,S2-805324818,address_token|address_token|address_token,name_token:12634|address_token:171133|name_token:9377|address_token:30603|address_house:71183|address_token:171715|address_token:234608|name_prefix:10444|address_token:343014|name_token:30618,0,0,0,0.0,0.25,0,Tirupati Life Marketing,तिरुपति लाइफ मार्केटिंग,"Bldg - D, Flat No. 4, Himali Coop Soc, Erandwana, Pune City, Pune, Maharashtra","BLDG - D, PUNE CITY, PUNE, महाराष्ट्र",india
S1-617036454,S3-289854384,address_token|name_prefix|name_token|name_token,name_token:12634|address_token:171133|name_token:9377|address_token:30603|address_house:71183|address_token:171715|address_token:234608|name_prefix:10444|address_token:343014|name_token:30618,1,1,1,0.5,0.143,0,Tirupati Life Marketing,Tirupati Life Service,"Bldg - D, Flat No. 4, Himali Coop Soc, Erandwana, Pune City, Pune, Maharashtra","Bllg - D, Pune, MH",india
S1-761439483,S3-328357608,address_house|address_token|name_token,address_token:41892|address_token:7351|name_token:71098|address_token:37849|address_house:71183|name_token:18671|address_token:103662,0,0,0,0.2,0.273,0,Matrix Public School,Smt Matrix Pub1ic,"Somnath Mahadev Society Umra Jakat Naka, Gujarat, Surat, D/4, Surat","Surat, D/4, Surat, GJ",india
S1-961456774,S3-43674517,address_city|address_house|address_number|address_number|address_token|address_token|address_token|address_token|name_token|name_token,address_token:15836|address_token:534840|address_token:245093|address_number:34906|name_token:229501|name_token:34269|address_token:554778|name_prefix:13224|address_house:10416|address_number:20833,0,0,0,0.667,0.7,0,Global India Private Limited,Shri Global India Private Limited,"47/28 East Patel Nagar, New Delhi, Delhi","47/28 East Patel Nagar, Central Delhi, New Delhi, दिल्ली",india
S1-154700149,S3-303055026,name_prefix|name_token|name_token,address_token:245093|address_token:360514|address_house:63089|address_token:79275|name_prefix:5280|name_token:24839|address_token:343014|address_token:48809,1,1,1,0.5,0.0,0,Finance Nirvana Tubes,Finance Nirvana Center,"8 Shankeshwar Darshana G Pawar Cross Lane Byculla (E), Mumbai, Maharashtra",,india
S1-604835084,S2-751261295,address_house|address_number|address_token|address_token,address_token:534840|name_token:12685|address_house:10052|address_token:9870|address_token:22612|address_token:372030|name_prefix:8177|name_token:82701|address_number:18550,0,0,0,0.0,0.417,0,Digital Industries Private Limited,डिजिटल इंडस्ट्रीज प्राइवेट लिमिटेड,"F-55, Radhey Mohan Drive Gadaipur, Band Road, Mehrauli, New Delhi, South Delhi, Delhi","Delhi, SOUTH DELHI, F-55, NEW DELHI",india
S1-7520212,S3-902247384,address_house|address_number|address_token|address_token|address_token|address_token,address_house:8696|address_number:18547|address_token:5888|address_token:103662|address_token:19490|address_token:89474,0,0,0,0.0,0.5,0,Pavamana Ai Pvt Ltd,Vantagegild,"Shed No 63, Anmol Arcade, Dascroi, Ahmedabad, Gujarat","Shed No G-63, Anmol Arcade, Ahmedabad Hq Region, Ahmedabad, GJ",india
S1-7520212,S3-840839849,address_house|address_number|address_token|address_token|address_token|address_token,address_house:8696|address_number:18547|address_token:5888|address_token:103662|address_token:19490|address_token:89474,0,0,0,0.0,0.5,0,Pavamana Ai Pvt Ltd,pai.com,"Shed No 63, Anmol Arcade, Dascroi, Ahmedabad, Gujarat","Shed No G-63, Anmol Arcade, Ahmedabad Hq Region, Ahmedabad, GJ",india
S1-260774823,S3-497189530,address_city|address_number|address_number|address_token|address_token|address_token|address_token|address_token|address_token|address_token,address_number:100244|address_token:534840|name_token:10000|name_token:39954|address_token:10913|address_city:59596|address_token:173038|address_token:372030|address_token:171133|address_token:356701|name_prefix:16634,0,0,0,0.0,0.895,0,Raj Foundation Private Limited,राज फाउंडेशन प्राइवेट लिमिटेड,"Lig Flat No. 222, G/F, Sector - 11, Pkt-4., Residential Scheme, Dwk, New Delhi, South West Delhi, Delhi","Lig Flat No. B3/222, G/f, Sector - 11, Pkt-4., Residential Scheme, Dwk, South West Delhi, New Delhi, DL",india
S1-260774823,S3-698765073,address_city|address_number|address_number|address_token|address_token|address_token|address_token|address_token|address_token|address_token,address_number:100244|address_token:534840|name_token:10000|name_token:39954|address_token:10913|address_city:59596|address_token:173038|address_token:372030|address_token:171133|address_token:356701|name_prefix:16634,0,0,0,0.0,0.895,0,Raj Foundation Private Limited,राज फाउंडेशन प्राइवेट लिमिटेड,"Lig Flat No. 222, G/F, Sector - 11, Pkt-4., Residential Scheme, Dwk, New Delhi, South West Delhi, Delhi","G/f, Sector - 11, Pkt-4., Residential Scheme, Dwk, South West Delhi, DL, New Delhi, Lig Flat No. B3/222",india
S1-260774823,S2-523120306,address_city|address_house|address_number|address_token|address_token|address_token|address_token,address_number:100244|address_token:534840|name_token:10000|name_token:39954|address_token:10913|address_city:59596|address_token:173038|address_token:372030|address_token:171133|address_token:356701|name_prefix:16634,0,0,0,0.0,0.421,0,Raj Foundation Private Limited,राज फाउंडेशन प्राइवेट लिमिटेड,"Lig Flat No. 222, G/F, Sector - 11, Pkt-4., Residential Scheme, Dwk, New Delhi, South West Delhi, Delhi","LIG FLAT NO. 222., NEW DELHI, SOUTH WEST DELHI, दिल्ली",india
S1-981351778,S2-770090353,address_token|address_token|address_token|address_token,address_token:14265|name_token:17149|name_token:9377|address_token:19617|address_token:43735|name_prefix:10444,0,0,0,0.0,0.538,0,Tirupati Investments Private Limited,तिरुपति इन्वेस्टमेंट्स प्राइवेट लिमिटेड,"Bihar, Aurangabad, Aurangabad(Bh), C/O Fulkumari Devi, Manjurahi, Khaira Bind, Near Cement Factory","AURANGABAD, C/O FULKUMARI DEVI, AURANGABAD(BH), Bihar",india
S1-357152257,S3-216530049,address_house|address_token|name_prefix|name_token,address_token:15464|address_token:534840|name_token:10593|address_token:584256|name_prefix:8740|address_token:5607|address_token:341972|address_token:13077|address_house:71183|address_token:93496|name_token:31661|address_token:81689,1,0,0,0.25,0.222,0,Sree Consultancy Private Limited,Sree Prívate Limited Center,"Ug 4, Upper Ground Floor, Plot No. 3, Jaina Tower 1, District Center, Janakpur, I, New Delhi, Delhi","Ug 4, New Delhi, DL",india
S1-113220990,S2-418057446,address_house|address_number|address_token,name_token:10064|address_house:15300|address_token:240821|address_token:126959|address_token:7695|name_token:17534|address_number:26513|address_token:79275|address_token:46841|name_prefix:25950,0,0,0,0.0,0.176,0,United Food Private Limited,ಯುನೈಟೆಡ್ ಫುಡ್ ಪ್ರೈವೇಟ್ ಲಿಮಿಟೆಡ್,"B-101, Athashri Homes, 6Th Cross, Prithvi Layout, Ecc Road, Whitefield, Bangalore, Karnataka","B-101, BANGALORE, BENGALURU, ಕರ್ನಾಟಕ",india
S1-113220990,S3-540279228,address_house|address_number|address_token|name_token|name_token,name_token:10064|address_house:15300|address_token:240821|address_token:126959|address_token:7695|name_token:17534|address_number:26513|address_token:79275|address_token:46841|name_prefix:25950,0,0,0,0.5,0.2,0,United Food Private Limited,M/s United Food Private,"B-101, Athashri Homes, 6Th Cross, Prithvi Layout, Ecc Road, Whitefield, Bangalore, Karnataka","B-101, Bengaluru, Bangalore, KA",india
S1-113220990,S3-99519696,address_house|address_number|address_token|name_token,name_token:10064|address_house:15300|address_token:240821|address_token:126959|address_token:7695|name_token:17534|address_number:26513|address_token:79275|address_token:46841|name_prefix:25950,0,0,0,0.091,0.2,0,United Food Private Limited,ಯುನೈಟೆಡ್ Food ಪ್ರೈವೇಟ್ ಲಿಮಿಟೆಡ್,"B-101, Athashri Homes, 6Th Cross, Prithvi Layout, Ecc Road, Whitefield, Bangalore, Karnataka","B-101, Bengaluru, Bangalore, KA",india
S1-340057025,S3-23618201,address_token|address_token|address_token|address_token|name_token,address_token:10440|address_token:360514|name_token:33039|name_token:9251|address_token:174880|address_token:356701|address_token:171133|name_prefix:9723|address_token:343014,0,0,0,0.25,0.3,0,Sky Consultants Limited,Smt Sky Conshnoltfgnts Limited,"Dwell Inn A, Flat No G4 Marian Colony Mount, Poinsur, Boriwali West, Borivali West, Mumbai, Maharashtra","Block D-487/1 Dwell Inn A, Mumbai, Borivali West, MH",india
S1-340057025,S3-381545660,address_token|address_token|address_token|address_token|name_prefix|name_token,address_token:10440|address_token:360514|name_token:33039|name_token:9251|address_token:174880|address_token:356701|address_token:171133|name_prefix:9723|address_token:343014,1,0,0,0.333,0.3,0,Sky Consultants Limited,Sky Limited Services,"Dwell Inn A, Flat No G4 Marian Colony Mount, Poinsur, Boriwali West, Borivali West, Mumbai, Maharashtra","MH, Mumbai, Block D-487/1 Dwell Inn A, Borivali West",india
S1-299905851,S2-765798715,address_token|address_token|address_token,address_token:5332|address_token:584256|name_token:23331|address_token:24949|name_prefix:28087|name_token:8889|address_token:15935|address_house:15010|name_token:9312|address_token:58691,0,0,0,0.0,0.15,0,Shiva Ss Projects Private Limited,शिवा एसएस प्रोजेक्ट्स प्राइवेट लिमिटेड,"Hanumangarh, Rajasthan, Haji Daude Katla, 2Nd Floor, Opposite State Bank, Near Bank Of Baroda, Bhadra","HAJI DAUDE KATLA, JAIPUR, <NULL>, राजस्थान",india
S1-799126282,S3-860873534,name_prefix|name_token|name_token,address_token:113422|name_prefix:22254|address_token:202085|address_token:584256|address_token:113365|address_token:124809|address_token:171133|name_token:163685,1,1,1,0.5,0.0,0,Services Rajini Info LLP,Services Rajini LLP Center,"599, Annasalai, Gemini Parsan Appartments A Block-3Ed Floor, Flat No -2, Nugambakka, M, Chennai, Tamil Nadu",,india
S1-152067698,S2-563047932,address_house|address_number|address_token,name_token:17149|address_city:59596|address_token:9521|name_prefix:6411|address_token:14987|address_token:554778|address_house:24859|name_token:9312|address_token:96183|address_number:58224|address_token:343014|address_token:10834|address_token:356701,0,0,0,0.0,0.13,0,Ss Investments Private Limited,एसएस इन्वेस्टमेंट्स प्राइवेट लिमिटेड,"A-18, Thane, Maharashtra, Nutan Niwas, Khodiyar Co Op Navyoug Na, Anand Nagar, Vasai Road (W), Thane","THANE, LUCKNOW, महाराष्ट्र, NULL, A-G-18",india
S1-75311311,S2-743776038,address_token|address_token|address_token|address_token|address_token,address_token:22225|name_token:8881|address_token:18046|name_prefix:6948|name_token:22563|address_token:171715|address_token:343014,0,0,0,0.0,1.0,0,Gujarat Infrastructure Private Limited,गुजरात इंफ्रास्ट्रक्चर प्राइवेट लिमिटेड,"Opp Hotel Siddharthnashik Pune Road, Nashik, Maharashtra","Maharashtra, NASHIK, OPP HOTEL SIDDHARTHNASHIK PUNE ROAD",india
S1-419960577,S3-561394902,address_token|address_token|name_token|name_token,name_token:10914|name_prefix:16820|address_token:18948|address_city:9507|address_token:17545|name_token:53012|address_token:343014|address_token:171715,0,0,0,0.667,0.231,0,Golden Technologies Limited,Shri Golden Technologies-Limited,"Maharashtra, The Spires, Aundh-Baner Link Road, Pune, B-1401, Haveli","B-401, Pune, Haveli, MH",india
S1-847394955,S2-796928755,address_number|address_number|address_token|address_token|address_token,address_number:100244|address_city:112315|address_token:584256|name_token:25057|name_prefix:7169|address_token:66761|address_token:79275|name_token:9056,0,0,0,0.0,0.267,0,Hitech Products Pvt Ltd,हाईटेक प्रोडक्ट्स प्रा. लि.,"5507/11, Sco 6, Ist Floor, Cross Road No. 5, Ambala, Haryana","BLOCK F-#731 5507/11, AMBALA, Haryana",india
S1-200683717,S3-773541483,address_house|address_token|address_token|address_token,address_token:360514|name_prefix:7962|address_token:584256|address_token:174880|name_token:9909|address_token:554778|address_token:9584|address_house:15010|address_token:22612|address_token:234608|name_token:39807|address_token:343014,0,0,0,0.0,0.235,0,Future International Private Limited,Vantagefayequ0,"2Nd Floor, 264-265, Dr. Annie Besant Rd, Municipal Colony, Worli Shivaji Nagar, Worli, Mumbai, Mumbai City, Maharashtra","2Nd Floor, Mumbai, Mumbai City, MH",india
S1-200683717,S2-99763158,address_token|address_token|address_token|address_token,address_token:360514|name_prefix:7962|address_token:584256|address_token:174880|name_token:9909|address_token:554778|address_token:9584|address_house:15010|address_token:22612|address_token:234608|name_token:39807|address_token:343014,0,0,0,0.0,0.235,0,Future International Private Limited,फ्यूचर इंटरनेशनल प्राइवेट लिमिटेड,"2Nd Floor, 264-265, Dr. Annie Besant Rd, Municipal Colony, Worli Shivaji Nagar, Worli, Mumbai, Mumbai City, Maharashtra","#2N FLOOR, MUMBAI, MUMBAI CITY, Maharashtra",india
S1-703449956,S3-4273393,address_number|address_number|address_token|address_token|address_token|name_prefix|name_token,address_house:13083|name_prefix:11555|address_number:24988|address_token:83329|address_token:32701|address_token:9502|name_token:73444|address_token:21989|address_token:258312|address_number:81035,1,0,0,0.333,0.353,0,Prem Brothers Limited,Prem-Limited Services,"39-14-7, Datti Shimhadri Street, M.G Road, Labbipet, Andhra Pradesh, Vijayawada (Urban), Krishna","1-39-14-7, Krishna, Vijayawada (Urban), AP",india
S1-703449956,S2-528923086,address_number|address_number|address_token|address_token|address_token|address_token|address_token,address_house:13083|name_prefix:11555|address_number:24988|address_token:83329|address_token:32701|address_token:9502|name_token:73444|address_token:21989|address_token:258312|address_number:81035,0,0,0,0.0,0.471,0,Prem Brothers Limited,Deltaect0cira,"39-14-7, Datti Shimhadri Street, M.G Road, Labbipet, Andhra Pradesh, Vijayawada (Urban), Krishna","HN 456 39-14-7, KRISHNA, VIJAYAWADA (URBAN), Andhra Pradesh",india
S1-51000955,S2-683653171,name_token|name_token,address_token:360514|name_token:73444|address_token:343014,0,0,0,0.75,0.0,0,Aaj & Brothers Pvt. Ltd.,Mr Aaj & Brothers Pvt.,"Mumbai, 215 Abhinandan Blg, Nr Cotton Exchange, Maharashtra, Mumbai, 4 Flr",,india
S1-98864770,S3-80753708,name_prefix|name_token,address_token:153726|address_token:584256|address_token:80020|address_token:102880|name_prefix:7169|address_token:93496|name_token:73444|name_token:9056|address_house:37179|address_number:97569|address_city:36110|address_token:356701,1,1,0,0.333,0.0,0,Hitech & Brothers Private Limited,@hitech,"12, Beadon Row, Ground Floor Beadon Street, Kolkata, Howrah, West Bengal",,india
S1-706357125,S2-561809930,address_token|address_token|address_token|address_token,name_token:8607|name_token:26556|address_house:6958|address_token:43863|name_prefix:6919|address_token:103662|address_number:11199|address_token:8402|address_token:356701|address_token:21954,0,0,0,0.0,0.444,0,Big Management,બિગ મેનેજમેન્ટ,"Decora Plaza, 501-506, Opp. Decora West Hill, Rajkot, Gujarat","DECORA PLAZA, RAJKOT, Gujarat",india
S1-706357125,S2-123722599,address_token|address_token|address_token,name_token:8607|name_token:26556|address_house:6958|address_token:43863|name_prefix:6919|address_token:103662|address_number:11199|address_token:8402|address_token:356701|address_token:21954,0,0,0,0.0,0.25,0,Big Management,બિગ મેનેજમેન્ટ,"Decora Plaza, 501-506, Opp. Decora West Hill, Rajkot, Gujarat","DECORA PLAZA, RAJKOT, ગુજરાત",india
S1-186200177,S3-733855164,address_house|address_token|address_token|address_token|address_token|address_token|address_token,address_token:37652|address_token:360514|name_prefix:25559|name_token:22173|address_house:48291|name_token:32515|address_token:69657|address_token:5618|address_token:343014|address_token:14276,0,0,0,0.0,0.615,0,Tech Media Limited,टेक मीडिया लिमिटेड,"Galano 9, Shree Diamond, Centre, Lbs Marg, Vikhroli, Mumbai, Maharashtra","H.no 9, Shree Diamond, Centre, Lbs Marg, Vikhroli, Mumbai, MH",india
S1-341157793,S2-129517396,address_city|address_number|address_number|address_token|address_token|address_token,address_city:112315|address_token:18948|name_token:9589|name_prefix:28087|address_number:27110|name_token:53012|address_token:171715|address_number:97569|address_token:42703|address_token:343014|address_token:37137,0,0,0,0.0,0.538,0,Shiv Technologies Private Limited,शिव टेक्नोलॉजीज प्राइवेट लिमिटेड,"Sr No 163. Pl No 12, Lotus Riddhi, Unit 40, Haveli, Pune, Maharashtra","#505 SR NO 163. PL NO 12, HAVELI, Maharashtra",india
S1-181221052,S3-705633473,address_city|address_token|address_token|address_token,address_city:40275|address_token:228724|name_prefix:7335|name_token:8346|address_house:10423|name_token:17215|address_number:19038|address_token:240821|address_token:126959|address_token:79275|address_token:114722|name_token:12593,0,0,0,0.0,0.25,0,Alpha East Estate Private Limited,ಆಲ್ಫಾ ಈಸ್ಟ್ ಎಸ್ಟೇಟ್ ಪ್ರೈವೇಟ್ ಲಿಮಿಟೆಡ್,"Bangalore North, Bangalore, Main Rd A Cross Vinayaka, 103 Neerajashree 1Flr 3Rd, Karnataka","226 Neeraashree 1Flr 3Rd, NULL, Bangalore North, Bangalore, KA",india
S1-263608219,S3-822865205,address_house|address_token|address_token|address_token,address_token:15464|address_token:202085|name_token:22466|address_token:341972|name_token:8698|address_token:14551|address_token:83756|address_number:8641|address_token:171715|address_token:21423|name_prefix:6864|address_token:343014|address_house:95139,0,0,0,0.0,0.278,0,Pioneer Energy Pvt Ltd,पायोनियर एनर्जी प्रा. लि.,"Office No. 2, Jaydeep Business Center Plot No. Jp-114/1 & 114/2, J Block, Midc, Bhosari, Pune, Maharashtra","Office No. 2, MH, Bhosari, Pune",india
S1-624796069,S3-151193975,address_house|address_token|address_token|name_token|name_token,address_token:584256|name_prefix:20198|address_token:240821|address_token:126959|address_token:39326|name_token:16358|name_token:31661|address_number:13643,0,0,0,0.667,0.385,0,Green Consultancy Private Limited,Mr Green Consultancy  Private,"No. 2B (2Nd Floor), Retreat No. 72/1, Cunningham Road, Bengaluru, Bangalore, Karnataka","No. 2B (2Nd Floor), Bangalore, KA",india
S1-624796069,S3-775806737,address_token|name_token|name_token,address_token:584256|name_prefix:20198|address_token:240821|address_token:126959|address_token:39326|name_token:16358|name_token:31661|address_number:13643,0,0,0,0.5,0.25,0,Green Consultancy Private Limited,M/s green consultancy private limited,"No. 2B (2Nd Floor), Retreat No. 72/1, Cunningham Road, Bengaluru, Bangalore, Karnataka","No. 002B (2Nd Floor), Saint Marks Road, KA",india
S1-204309376,S2-709074572,name_prefix|name_token|name_token,address_token:32390|name_token:81699|address_token:139352|name_prefix:5205|name_token:17044|address_token:554778|address_token:343014|address_token:6785|address_token:21989,1,1,1,0.5,0.0,0,Enterprises Bhumi City Ltd,Enterprises Bhumi Ltd Partners,"House No. 174, Shankar Nagar Nagpur (Urban), Nagpur, Maharashtra",,india
S1-840632354,S3-569472,address_number|name_prefix|name_token,name_token:9238|name_prefix:7533|address_token:14551|address_token:173038|name_token:32061|address_token:5052|address_token:343014,1,1,1,0.333,0.154,0,First Developers LLP,First Devofeopers LLP,"151/2, M Sector Midc, Jalgaon, Jalgaon, Maharashtra","H.no 22 151/2, Kusumbe Khurd, MH",india
S1-840632354,S3-752697133,address_number|address_token|name_prefix|name_token,name_token:9238|name_prefix:7533|address_token:14551|address_token:173038|name_token:32061|address_token:5052|address_token:343014,1,1,0,0.333,0.214,0,First Developers LLP,First LLP Partners,"151/2, M Sector Midc, Jalgaon, Jalgaon, Maharashtra","Door No 22 151/2, Jalgaon, महाराष्ट्र",india
S1-962102590,S3-82667834,name_token|name_token,address_house:7090|address_token:33554|address_number:12843|name_token:16957|address_token:24949|address_token:103662|name_token:9909|address_token:89474|name_prefix:7962,0,0,0,0.667,0.0,0,Future Investment Private Limited,Shri Future Investment (Private),"106, Amulyacomplex, Opp. Central Bank, Ambawadi, Ahmedabad, Gujarat",,india
S1-700632905,S2-279544292,address_house|address_token|address_token|address_token,name_token:9251|name_token:23924|address_token:6318|address_token:21344|name_prefix:9723|address_token:343014|address_house:67232,0,0,0,0.0,0.455,0,Sky Systems Pvt Ltd,स्काई सिस्टम्स प्रा. लि.,"A/P- Akluj, Tal-Malshiras, Dist-Solapur., Solapur, Yeshwantnagar B-5, Maharashtra, Solapur","YESHWANTNAGAR B-5, SOLAPUR, Maharashtra",india
S1-700632905,S3-526237618,address_house|address_token|address_token,name_token:9251|name_token:23924|address_token:6318|address_token:21344|name_prefix:9723|address_token:343014|address_house:67232,0,0,0,0.0,0.286,0,Sky Systems Pvt Ltd,स्काई सिस्टम्स प्रा. लि.,"A/P- Akluj, Tal-Malshiras, Dist-Solapur., Solapur, Yeshwantnagar B-5, Maharashtra, Solapur","Yeshwantnagar B-5, Ambedkar Nagar, Solapur, MH",india
S1-226864969,S2-695793782,address_token|address_token|address_token,name_token:9074|address_token:534840|address_number:31375|name_prefix:7258|name_token:23331|address_token:554778|address_token:11523|address_house:15603,0,0,0,0.0,0.556,0,Apex Projects Private Limited,एपेक्स प्रोजेक्ट्स प्राइवेट लिमिटेड,"G 31, Vijay Nagar, Near Kingsway Camp, Delhi","G 031, NEAR KINGSWAY CAMP, DELHI",india
S1-226864969,S3-422646635,address_house|address_number|address_token|address_token|address_token,name_token:9074|address_token:534840|address_number:31375|name_prefix:7258|name_token:23331|address_token:554778|address_token:11523|address_house:15603,0,0,0,0.0,0.667,0,Apex Projects Private Limited,एपेक्स प्रोजेक्ट्स प्राइवेट लिमिटेड,"G 31, Vijay Nagar, Near Kingsway Camp, Delhi","DL, G 31, Delhi, Near Kingsway Camp",india
S1-590613344,S2-44575031,address_number|address_token|address_token|address_token|address_token,address_number:16969|address_token:62994|address_token:16933|name_prefix:7247|address_token:73068|address_token:66761|name_token:30224|address_token:173038|name_token:9249|address_number:7555,0,0,0,0.0,0.5,0,Ace Engineering Private Limited,एस इंजीनियरिंग प्राइवेट लिमिटेड,"D2-503 The Legend, Sushant Lok, Phase-3 Sector-, 57, Gurugram, Gurgaon, Haryana","922. D2-503 THE LEGEND, GURUGRAM, GURGAON, Haryana",india
S1-736322621,S2-252021237,address_city|address_house|address_number|address_number|address_number|address_token|address_token|address_token|address_token|address_token|address_token,name_token:8962|name_token:8845|address_token:202085|address_house:9251|address_token:584256|address_number:18589|address_token:341972|address_number:13613|address_token:534840|address_number:47600|name_prefix:7163|name_token:30224|address_city:5736|address_token:356701|address_token:372030,0,0,0,0.0,0.882,0,Best Bombay Engineering Pvt Ltd,बेस्ट बॉम्बे इंजीनियरिंग प्रा. लि.,"Plot No. 56, Kh No.105/23, Top Floor, R/S Block G, New Delhi, West Delhi, Delhi","PLOT NO. 56, KH NO.105/23, TOP FLOOR, R/S BLOCK G, NEW DELHI, WEST DELHI, दिल्ली",india
S1-736322621,S3-640625185,address_city|address_house|address_number|address_number|address_number|address_token|address_token|address_token|address_token|address_token|address_token,name_token:8962|name_token:8845|address_token:202085|address_house:9251|address_token:584256|address_number:18589|address_token:341972|address_number:13613|address_token:534840|address_number:47600|name_prefix:7163|name_token:30224|address_city:5736|address_token:356701|address_token:372030,0,0,0,0.0,0.882,0,Best Bombay Engineering Pvt Ltd,बेस्ट बॉम्बे इंजीनियरिंग प्रा. लि.,"Plot No. 56, Kh No.105/23, Top Floor, R/S Block G, New Delhi, West Delhi, Delhi","Plot No. 56, Kh No.105/23, Top Floor, R/s Block G, New Delhi, West Delhi, दिल्ली",india
S1-785502440,S2-531069598,address_number|address_number|address_token,address_token:534840|name_token:27880|address_number:112011|address_token:39351|address_number:10798|address_token:48680|name_token:8709|name_prefix:11571|address_token:72724|address_house:132166,0,0,0,0.0,0.312,0,Bright Foods Pvt Ltd,ब्राइट फूड्स प्रा. लि.,"Delhi, Gali No-1 Mundka Industrial Area, Near Abhinandan Vatika, New Delhi, Kh No- 93/10, Delhi","KH NO- 93/10, DELHI, TIKRI KALAN, Delhi",india
S1-785502440,S3-22341988,address_number|address_number|address_token|name_token|name_token,address_token:534840|name_token:27880|address_number:112011|address_token:39351|address_number:10798|address_token:48680|name_token:8709|name_prefix:11571|address_token:72724|address_house:132166,0,0,0,0.667,0.333,0,Bright Foods Pvt Ltd,Mr Bright Foods,"Delhi, Gali No-1 Mundka Industrial Area, Near Abhinandan Vatika, New Delhi, Kh No- 93/10, Delhi","Plot G-683 Kh No- 93/10, DL, New Delhi",india
S1-436966471,S2-155723745,name_prefix|name_token,name_prefix:20198|name_token:8324|address_token:584256|address_token:102880|address_token:8965|address_number:12710|address_token:153726|address_house:9321|address_token:80020|address_city:36110|address_token:38607|address_number:15531|name_token:64038|address_token:356701,1,1,0,0.333,0.0,0,Great Exports,Great Pártners,"Room 401, 4Th Floor, Jnf Corporate Space 77 Elliot Road, Kolkata, Kolkata, Howrah, West Bengal",,india
S1-492163611,S3-413584240,name_core_exact|name_prefix|name_token|name_token,address_token:15931|address_token:584256|name_prefix:81819|address_token:37849|name_token:39954|address_token:84918|address_token:103662|address_house:15010|name_token:25836,1,1,1,1.0,0.0,0,Shree Foundation Private Limited,Shree Foundation Private Ltd,"2Nd Floor Exult Shoppers, Near Vesu Ss, Siddhivinayak Temple, Shop No. 239, Gujarat, Surat",,india
S1-553444555,S2-363655231,address_city|address_house|address_number|address_token|address_token|address_token,address_number:50465|address_token:534840|name_prefix:14687|address_token:584256|address_token:202085|address_token:228724|address_city:59596|name_token:5766|address_token:93496|address_token:173038|address_token:14182|address_token:356701|address_house:20958,0,0,0,0.0,0.286,0,Pranaksh Agencies Private Limited,agenciespranaksh.c0m,"22, Ground Floor, Block And Pocket-B-6, Sector-7, Delhi, North West Delhi, Delhi","#22, <NULL>, DELHI, NORTH WEST DELHI, Delhi",india
S1-448210803,S3-568873672,name_prefix|name_token|name_token,name_token:39807|name_token:9251|address_city:6164|address_token:19490|address_token:103662|name_prefix:9723|address_token:89474,1,1,1,0.667,0.0,0,Sky International Private Limited,Sky International Private Enterprises,"227, Iscon Arcade, Opp. Jade Blue, C. G. Road, Ahmedabad, Gujarat",,india
S1-448210803,S3-674117841,address_house|address_number|address_token,name_token:39807|name_token:9251|address_city:6164|address_token:19490|address_token:103662|name_prefix:9723|address_token:89474,0,0,0,0.0,0.143,0,Sky International Private Limited,સ્કાય ઇન્ટરનેશનલ પ્રાઇવેટ લિમિટેડ,"227, Iscon Arcade, Opp. Jade Blue, C. G. Road, Ahmedabad, Gujarat","227, Ahmedabad, ગુજરાત",india
S1-448210803,S2-887391499,address_house|address_number|address_token,name_token:39807|name_token:9251|address_city:6164|address_token:19490|address_token:103662|name_prefix:9723|address_token:89474,0,0,0,0.0,0.143,0,Sky International Private Limited,સ્કાય ઇન્ટરનેશનલ પ્રાઇવેટ લિમિટેડ,"227, Iscon Arcade, Opp. Jade Blue, C. G. Road, Ahmedabad, Gujarat","227, AHMEDABAD, ગુજરાત",india
S1-448210803,S2-306465262,address_house|address_number|address_token,name_token:39807|name_token:9251|address_city:6164|address_token:19490|address_token:103662|name_prefix:9723|address_token:89474,0,0,0,0.0,0.143,0,Sky International Private Limited,સ્કાય ઇન્ટરનેશનલ પ્રાઇવેટ લિમિટેડ,"227, Iscon Arcade, Opp. Jade Blue, C. G. Road, Ahmedabad, Gujarat","227, AHMEDABAD, ગુજરાત",india
S1-43344159,S3-157610466,name_prefix|name_token,address_number:10068|name_token:24310|address_house:9251|name_prefix:21725|address_number:18589|address_token:360514|address_city:9168|address_token:343014|address_token:14515|address_token:234608|address_token:356701|address_number:9836|address_token:372030,1,1,0,0.333,0.0,0,Mumbai Jabalpur Private Limited,Mumbai Private Limited Partners,"Goregaon Pagrav Chs Ltd, 56 S V Road, Goregaon (W), 109/111, Mumbai City, Mumbai, Maharashtra",,india
S1-801658763,S3-606667854,address_house|address_number|address_number|address_token|address_token|address_token|address_token|address_token|address_token|address_token|name_token,address_number:18547|address_token:554778|name_token:17534|address_token:173038|address_house:6274|address_token:53898|address_token:258312|address_number:15988|address_token:44513|address_token:136558|address_token:40324,0,0,0,0.5,1.0,0,Noida Food LLP,Food,"B-82, Sector-63 Noida Uttar Pradesh, Noida, Gautam Buddha Nagar, Uttar Pradesh","Gautam Buddha Nagar, Noida, B-82, Uttar Pradesh, Sector-63 Noida Uttar Pradesh",india
S1-801658763,S3-716497751,address_number|address_token|name_prefix|name_token,address_number:18547|address_token:554778|name_token:17534|address_token:173038|address_house:6274|address_token:53898|address_token:258312|address_number:15988|address_token:44513|address_token:136558|address_token:40324,1,1,0,0.333,0.2,0,Noida Food LLP,Noida Fd LLP,"B-82, Sector-63 Noida Uttar Pradesh, Noida, Gautam Buddha Nagar, Uttar Pradesh","Plot A-45 B-82, Noida, Bilaspur, UP",india
S1-801658763,S3-486137979,address_number|address_number|address_token|address_token|address_token|address_token|name_token|name_token,address_number:18547|address_token:554778|name_token:17534|address_token:173038|address_house:6274|address_token:53898|address_token:258312|address_number:15988|address_token:44513|address_token:136558|address_token:40324,0,0,0,0.5,0.467,0,Noida Food LLP,L.L.P. Noida Food,"B-82, Sector-63 Noida Uttar Pradesh, Noida, Gautam Buddha Nagar, Uttar Pradesh","Plot A-45 B-82, Sector-63 Noida Uttar Pradesh, Noida, Bilaspur, UP",india
S1-866247345,S3-394988577,address_token|address_token|address_token,name_token:39954|name_prefix:7877|address_token:136558|address_house:10717|address_token:102880|address_token:6407|address_number:21031|address_token:43654|name_token:9581|address_token:356701|address_token:372030,0,0,0,0.0,0.174,0,White Foundation Pvt Ltd,হোয়াইট ফাউন্ডেশন প্রাইভেট লিমিটেড,"Kadamtala Road, Uttar Mallaguri Naya Busty Ward No 46, P.O. Champasari, P.S Matigar, A, Siliguri, Darjeeling, West Bengal","Kadamtala Road, Siliguri, Darjeeling, পশ্চিমবঙ্গ",india
S1-866247345,S2-799805334,address_token|address_token|address_token|address_token|address_token,name_token:39954|name_prefix:7877|address_token:136558|address_house:10717|address_token:102880|address_token:6407|address_number:21031|address_token:43654|name_token:9581|address_token:356701|address_token:372030,0,0,0,0.0,0.333,0,White Foundation Pvt Ltd,হোয়াইট ফাউন্ডেশন প্রাইভেট লিমিটেড,"Kadamtala Road, Uttar Mallaguri Naya Busty Ward No 46, P.O. Champasari, P.S Matigar, A, Siliguri, Darjeeling, West Bengal","BLOCK A-404 KADAMTALA ROAD, DARJEELING, SILIGURI, West Bengal",india
S1-866247345,S3-373194731,address_token|address_token|address_token,name_token:39954|name_prefix:7877|address_token:136558|address_house:10717|address_token:102880|address_token:6407|address_number:21031|address_token:43654|name_token:9581|address_token:356701|address_token:372030,0,0,0,0.0,0.2,0,White Foundation Pvt Ltd,হোয়াইট ফাউন্ডেশন প্রাইভেট লিমিটেড,"Kadamtala Road, Uttar Mallaguri Naya Busty Ward No 46, P.O. Champasari, P.S Matigar, A, Siliguri, Darjeeling, West Bengal","Kadamtala Road, WB, Siliguri, Darjeeling",india
S1-629130296,S2-418845372,address_token|address_token|address_token,name_prefix:12090|name_token:26556|name_token:10426|address_token:39090|address_token:43735|address_token:15368,0,0,0,0.0,0.5,0,Ram Management Private Limited,राम मैनेजमेंट प्राइवेट लिमिटेड,"Patna Sadar, Patna, Nisarpur, Naubatpur, Aropur, Bihar","AROPUR, PATNA, Bihar",india
S1-860820886,S3-221492173,address_house|address_number|address_number|address_token|address_token|address_token|address_token,address_house:7653|address_token:10894|name_prefix:8911|name_token:10566|address_token:584256|address_token:18970|address_number:6278|address_token:167047|address_token:82090|address_token:42703|name_token:24839,0,0,0,0.0,0.615,0,Royal Finance Private Limited,రాయల్ ఫైనాన్స్ ప్రైవేట్ లిమిటెడ్,"4Th Floor Unit No 405 411, Bizzness Square Jubliee, Shaikpet, Hyderabad, Telangana","4Th Floor Unit No 405 411, Hyderabad, Shaikpet, TG",india
S1-40910655,S2-755824286,address_city|address_house|address_number|address_token|address_token|address_token,address_number:100244|address_token:534840|address_token:202085|address_number:77778|address_token:584256|address_token:228724|name_token:15498|name_token:22080|address_city:59596|address_token:93496|address_house:37464|name_prefix:13808|address_token:356701,0,0,0,0.0,0.357,0,Sai Business Private Limited,साई बिजनेस प्राइवेट लिमिटेड,"H No 11-A, Kh No 13/6/1, Block A, Ground Floor, Delhi, North West Delhi, Delhi","#11-A, DELHI, NORTH WEST DELHI, Delhi",india
S1-40910655,S3-716808992,address_city|address_house|address_number|address_number|address_token|address_token|address_token|address_token|address_token|address_token,address_number:100244|address_token:534840|address_token:202085|address_number:77778|address_token:584256|address_token:228724|name_token:15498|name_token:22080|address_city:59596|address_token:93496|address_house:37464|name_prefix:13808|address_token:356701,0,0,0,0.0,0.812,0,Sai Business Private Limited,साईं बिजनेस प्राइवेट लिमिटेड,"H No 11-A, Kh No 13/6/1, Block A, Ground Floor, Delhi, North West Delhi, Delhi","Door No 11-A, Kh No 13/6/1, Block A, Ground Floor, North West Delhi, Delhi, DL",india
S1-40910655,S2-501253379,address_city|address_house|address_number|address_number|address_token|address_token|address_token|address_token|address_token|address_token,address_number:100244|address_token:534840|address_token:202085|address_number:77778|address_token:584256|address_token:228724|name_token:15498|name_token:22080|address_city:59596|address_token:93496|address_house:37464|name_prefix:13808|address_token:356701,0,0,0,0.0,1.0,0,Sai Business Private Limited,Nexnoviarc,"H No 11-A, Kh No 13/6/1, Block A, Ground Floor, Delhi, North West Delhi, Delhi","H.NO 11-A, KH NO 13/6/1, BLOCK A, GROUND FLOOR, DELHI, NORTH WEST DELHI, Delhi",india
S1-481882407,S3-442697748,address_token|address_token|address_token|name_prefix,name_prefix:19161|address_token:534840|address_number:41143|name_token:71714|address_city:19617|address_token:8458|address_token:81689|address_token:37137,1,1,1,0.0,0.4,0,Solutions Saathi Biodiesel Private Limited,solutionssaathibiodiesel.com,"5F, Gopala Tower, 25, Rajendra Place, New Delhi, Delhi","Rajendra Place, 05F, DL, New Delhi",india
S1-777978719,S3-718867362,address_house|address_number|address_token|name_token,address_token:202085|address_house:14408|address_token:21317|address_token:240821|address_token:554778|address_token:126959|name_token:12685|address_number:27110|address_token:79275|name_token:32061|address_token:114722|address_token:46841|name_prefix:8177,0,0,0,0.2,0.125,0,Digital Developers Private Limited,M/s Digital Private Limited Center,"40, 4Th Main, 8Th Cross, 1St Stage, 2 Block Yaseen Nagar, Hbr Layout, Bangalore, Karnataka","40, Bangalore, KA",india
S1-267518901,S2-290285919,address_city|address_token|address_token|address_token|address_token|address_token,name_token:22412|name_token:8962|address_city:25598|address_token:5176|name_prefix:7163|address_token:58691|address_token:6806|address_token:372030,0,0,0,0.0,0.389,0,Best Consulting Pvt Ltd,बेस्ट कंसल्टिंग प्रा. लि.,"C/O Sanjay Khan S/O Masit, Kumhari Daravaja K Bahar, Nagaur, Rajasthan","HN 257 C/O SANJAY KHAN S/O MASIT, NAGAUR, राजस्थान",india
S1-25906210,S3-997818451,name_core_exact|name_prefix|name_token|name_token,address_token:113422|address_token:36446|name_token:229501|address_token:113365,1,1,1,1.0,0.0,0,Coimbatore India Private Limited,Coimbatore India,"Sri Ram Buildings, Perianaicken Palayam, Coimbatore, Tamil Nadu",,india
S1-770627869,S3-452882157,name_prefix|name_token|name_token,address_token:47702|name_token:8653|name_prefix:10712|address_token:6246|name_token:21182|address_token:343014|name_token:8686,1,1,1,0.5,0.0,0,Arihant Shyam Properties Private Limited,Arihant Shyam Private  Limited Center,"Gut No. 354 At Post- Bhojade, Tal- Kopargaon, Ahmednagar, Maharashtra",,india
S1-445388576,S2-351953546,address_city|address_token|address_token|address_token,address_number:50465|address_token:534840|address_token:341972|address_token:84918|address_token:17943|address_city:139489|name_token:24839|name_prefix:9183|address_house:20958|name_token:9757|address_token:372030,0,0,0,0.0,0.333,0,Creative Finance,क्रिएटिव फाइनेंस,"Plot No- 22/A Badarpur Extn Near Aggarwal Sweet New Delhi, South Delhi, Delhi, Shop No -2","SHOP NO -B3/2, SOUTH DELHI, DELHI",india
S1-445388576,S2-467321244,address_city|address_token|address_token|address_token,address_number:50465|address_token:534840|address_token:341972|address_token:84918|address_token:17943|address_city:139489|name_token:24839|name_prefix:9183|address_house:20958|name_token:9757|address_token:372030,0,0,0,0.0,0.333,0,Creative Finance,क्रिएटिव फाइनेंस,"Plot No- 22/A Badarpur Extn Near Aggarwal Sweet New Delhi, South Delhi, Delhi, Shop No -2","SHOP NO -B3/2, DELHI, SOUTH DELHI, Delhi",india
S1-445388576,S2-280643405,address_city|address_token|address_token|address_token,address_number:50465|address_token:534840|address_token:341972|address_token:84918|address_token:17943|address_city:139489|name_token:24839|name_prefix:9183|address_house:20958|name_token:9757|address_token:372030,0,0,0,0.0,0.294,0,Creative Finance,क्रिएटिव फाइनेंस,"Plot No- 22/A Badarpur Extn Near Aggarwal Sweet New Delhi, South Delhi, Delhi, Shop No -2","SHOP NO -B3/2, DELHI, SOUTH DELHI, दिल्ली",india
S1-82820182,S3-833141895,name_prefix|name_token|name_token,address_number:20787|address_token:20103|name_prefix:32847|address_token:534840|address_token:245093|address_token:43863|name_token:35547|name_token:32061|address_number:22555|name_token:35145|address_token:114722|address_house:12071,1,1,0,0.5,0.0,0,New Delhi Developers Pvt Ltd,New Dedtim Developers Pvt Ltd,"201 Amar Plaza 45-D, Main Hasanpur Road, I.P.Extension, New Delhi, East Delhi, Delhi",,india
S1-107721706,S2-385393064,address_city|address_token|address_token|address_token|address_token,name_token:10064|address_token:534840|address_token:108326|address_token:228724|name_token:17215|address_token:139352|name_prefix:25950|address_city:59596|address_token:6292|address_token:356701|address_house:67232,0,0,0,0.0,0.429,0,United Estate Private Limited,यूनाइटेड एस्टेट प्राइवेट लिमिटेड,"Delhi, North West Delhi, Delhi, G.T. Karnal Road, Mahendra Park, House No.5/5","PLOT 442 HOUSE NO.5/5, DELHI, NORTH WEST DELHI, Delhi",india
S1-615677033,S2-883919316,address_city|address_house|address_number|address_token|address_token|address_token,address_city:13432|address_token:28941|name_prefix:11804|address_token:240821|address_token:126959|name_token:9076|address_token:81296|name_token:70701|address_token:372030,0,0,0,0.0,0.556,0,Guru Trading Private Limited,ಗುರು ಟ್ರೇಡಿಂಗ್ ಪ್ರೈವೇಟ್ ಲಿಮಿಟೆಡ್,"Rainbow Residency, Junnasandra Village, No.147, Bangalore, Bangalore South, Karnataka","BANGALORE SOUTH, Karnataka, NO 147, BANGALORE",india
S1-497581598,S2-670715307,address_house|address_number|address_token,address_token:113422|name_token:10157|address_token:43654|address_house:62816|address_token:114722|name_token:22094|address_token:113365|name_prefix:8003,0,0,0,0.0,0.263,0,Smart Software Private Limited,ஸ்மார்ட் சாஃப்ட்வேர் பிரைவேட் லிமிடெட்,"No 6/148-1, Ward No 6, Pudhumanai Eral-Mukkani Main Road, Eral, Thoothukudi, Tamil Nadu","DOOR NO A-6/148-1, THOOTHUKUDI, தமிழ்நாடு",india
S1-83348680,S3-168367677,address_house|address_number|address_token|name_prefix|name_token,address_token:15464|address_token:17866|address_token:40417|address_house:15300|address_number:26513|name_token:64038|address_token:258312,1,1,1,0.333,0.133,0,Bhopal Exports Private Limited,Bhopal Efixlpots Private Limited,"101, Rapid Travels, Vishal Center Hamidia Road, Bhopal, Madhya Pradesh","101, Bhopal, मध्य प्रदेश",india
S1-751793448,S2-99531044,name_token|name_token,address_city:6963|address_token:43863|address_token:16098|address_token:37137|address_token:534840|address_token:228724|address_token:234608|address_token:173038|name_token:163685|address_token:356701,0,0,0,0.667,0.0,0,Our Services Limited,Dr OUR SERVICES  LTD,"363, Agarwal City Plaza, Mangalam Place, Sector-3, Rohini, Delhi, North West, Delhi",,india
S1-444723154,S2-674202390,name_prefix|name_token,address_token:40417|name_token:33039|address_token:234608|address_token:258312|address_token:36817,1,0,0,0.333,0.0,0,Saj Consultants Private Limited,Saj Private Limited Services,"Dream City Talawali Chanda A.B Road Near Mangliya, Indore, Madhya Pradesh",,india
S1-885588639,S2-774707303,address_city|address_house|address_number|address_number|address_number|address_token|address_token|address_token|address_token|address_token|address_token|address_token,address_number:10996|name_token:10914|name_prefix:16820|address_city:112315|address_token:584256|address_token:228724|address_house:11049|address_token:102880|address_token:24733|address_token:22408|address_token:93496|address_number:64306|address_number:22555|name_token:163685|address_token:356701,0,0,0,0.0,0.938,0,Golden Services Pvt Ltd,গোল্ডেন সার্ভিসেস প্রাইভেট লিমিটেড,"Ground Floor, Ab-45, Street, No.89, Aa1, New Town, North 24 Parganas, West Bengal","GROUND FLOOR, AB-45, STREET, NO.89, AA1, NEW TOWN, NORTH 24 PARGANAS, 24 PARAGANAS NORTH, West Bengal",india
S1-885588639,S2-79744282,address_number|address_number|address_number|address_token|address_token|address_token|address_token|address_token,address_number:10996|name_token:10914|name_prefix:16820|address_city:112315|address_token:584256|address_token:228724|address_house:11049|address_token:102880|address_token:24733|address_token:22408|address_token:93496|address_number:64306|address_number:22555|name_token:163685|address_token:356701,0,0,0,0.0,0.65,0,Golden Services Pvt Ltd,গোল্ডেন সার্ভিসেস প্রাইভেট লিমিটেড,"Ground Floor, Ab-45, Street, No.89, Aa1, New Town, North 24 Parganas, West Bengal","GROUND FLOOR, 24 PARAGANAS NORTH, পশ্চিমবঙ্গ, NORTH 24 PARGANAS, AB-45, STREET, NO.89, AA1, NEW TOWN",india
S1-885588639,S3-869607530,address_city|address_house|address_number|address_number|address_number|address_token|address_token|address_token|address_token|address_token,address_number:10996|name_token:10914|name_prefix:16820|address_city:112315|address_token:584256|address_token:228724|address_house:11049|address_token:102880|address_token:24733|address_token:22408|address_token:93496|address_number:64306|address_number:22555|name_token:163685|address_token:356701,0,0,0,0.0,0.684,0,Golden Services Pvt Ltd,গোল্ডেন সার্ভিসেস প্রাইভেট লিমিটেড,"Ground Floor, Ab-45, Street, No.89, Aa1, New Town, North 24 Parganas, West Bengal","Ground Floor, Ab-45, Street, No.89, Aa1, New Town, North 24 Parganas, পশ্চিমবঙ্গ",india
S1-663242065,S3-137793438,address_house|address_token|name_prefix,address_token:554778|address_token:103662|name_token:28619|address_house:54396,1,0,0,0.0,0.214,0,Kaal Agro Private Limited,Kaalagro.Com,"Gujarat, A 7, Bharuch, 8, Neelam Nagar Sociey, Nandelav Road, Bharuch","A C-7, Bharuch, ગુજરાત",india
S1-654937732,S2-778251469,address_number|address_number|address_token|address_token|address_token|address_token,address_token:10168|name_token:33039|address_token:258312|address_token:584256|address_token:13527|address_token:174880|address_number:18550|name_prefix:12090|address_token:5745|address_token:114722|address_number:77778|address_token:83329|name_token:10426|address_house:16746,0,0,0,0.0,0.438,0,Ram Consultants Private Limited,రామ్ కన్సల్టెంట్స్ ప్రైవేట్ లిమిటెడ్,"1St Floor, Above Muthoot Finance Hb Colony, Main Road, Andhra Pradesh, Vishakhapatnam, Visakhapatnam, 55-8-13","55-8-13, VISAKHAPATNAM, VISHAKHAPATNAM, Andhra Pradesh",india
S1-619113806,S2-219990134,address_number|address_token|address_token|address_token|address_token|address_token,address_token:245093|address_house:11099|address_token:360514|address_token:584256|name_token:15498|address_number:21543|address_number:81035|name_token:22088|address_token:15935|address_token:341972|address_token:171133|address_token:26457|address_token:96183|address_token:173038|name_prefix:13808|address_token:343014,0,0,0,0.0,0.36,0,Sai Construction Private Limited,साईं कंस्ट्रक्शन प्राइवेट लिमिटेड,"Sahyadri Chs Ltd.Plot No 50, Sector No 8, Flat No 14 3Rd Floor Opposite Vatsalya Trust, Sanpad, A - East, Navi Mumbai, Thane, Maharashtra","H.NO 75 SAHYADRI CHS LTD.PLOT NO 50, NEW MUMBAI, NAVI MUMBAI, Maharashtra",india
S1-805528067,S3-402367174,address_number|address_token|address_token|address_token,address_token:9521|address_house:7206|name_token:18301|address_token:554778|name_prefix:16219|address_number:12578|address_token:39090|address_token:8458|name_token:12593|address_token:43735,0,0,0,0.0,0.308,0,East Infotech Pvt Ltd,ईस्ट इंफोटेक प्रा. लि.,"Patna, Bihar, Rajendra Nagar, Triveni Niwas R.K. Avenus Road, 402","#105 402, Rajendra Nagar, Patna, BR",india
S1-805528067,S2-52045584,address_house|address_number|address_token|address_token|address_token|address_token,address_token:9521|address_house:7206|name_token:18301|address_token:554778|name_prefix:16219|address_number:12578|address_token:39090|address_token:8458|name_token:12593|address_token:43735,0,0,0,0.0,0.455,0,East Infotech Pvt Ltd,ईस्ट इंफोटेक प्रा. लि.,"Patna, Bihar, Rajendra Nagar, Triveni Niwas R.K. Avenus Road, 402","Bihar, 402, PATNA, RAJENDRA NAGAR",india
S1-960670426,S2-573506967,name_prefix|name_token,address_house:10855|name_token:39807|name_token:9312|address_token:341972|address_number:21686|address_token:173038|address_token:171715|address_token:5623|address_token:343014|address_number:16224|name_prefix:6411,1,1,0,0.333,0.0,0,Ss International,Ss Intemational,"Sector No. 01, Plot No. 59/7, Indrayaninagar, Near Madgiri Home, Pune, Maharashtra",,india
S1-679134349,S2-78530138,address_house|address_number|address_token|address_token|address_token|address_token,address_token:245093|name_prefix:20198|address_house:5884|address_number:64306|address_number:9876|address_number:81035|address_token:11257|address_token:341972|name_token:22563|name_token:16358|address_token:173038|address_token:343014,0,0,0,0.0,0.4,0,Green Infrastructure Private Limited,ग्रीन इंफ्रास्ट्रक्चर प्राइवेट लिमिटेड,"Fl-E-403, Matru Prerna Chs Sector -24, Plot 14, Kamothe, Navimumbai, Raigarh, Maharashtra","FL-E-403/1, NAVIMUMBAI, RAIGARH, Maharashtra",india
S1-663331812,S3-932430744,address_token|address_token,address_token:102880|address_token:356701|address_token:372030,0,0,0,0.0,0.167,0,Birbhum Development Private Limited,Veranyla,"Trisulapatty, P.O. P.S.- Bolpur, Birbhum, West Bengal","Birbhum, Trisulapatty, পশ্চিমবঙ্গ",india
S1-49132422,S3-251473404,address_house|address_number,name_token:10064|address_token:202085|address_token:10007|address_token:21317|address_token:240821|address_token:126959|address_number:112011|name_token:32061|address_token:114722|name_prefix:25950,0,0,0,0.0,0.2,0,United Developers Private Limited,ಯುನೈಟೆಡ್ ಡೆವಲಪರ್ಸ್ ಪ್ರೈವೇಟ್ ಲಿಮಿಟೆಡ್,"No. 347/A, 10Th Main Road, Bsk 1St Stage, 2Nd Block, Bangalore, Bangalore, Karnataka","No. 347/A, KA, Bengaluru",india
S1-49132422,S3-932834895,address_house|address_number|address_token,name_token:10064|address_token:202085|address_token:10007|address_token:21317|address_token:240821|address_token:126959|address_number:112011|name_token:32061|address_token:114722|name_prefix:25950,0,0,0,0.0,0.176,0,United Developers Private Limited,ಯುನೈಟೆಡ್ ಡೆವಲಪರ್ಸ್ ಪ್ರೈವೇಟ್ ಲಿಮಿಟೆಡ್,"No. 347/A, 10Th Main Road, Bsk 1St Stage, 2Nd Block, Bangalore, Bangalore, Karnataka","ಕರ್ನಾಟಕ, Bangalore, 347/A, Bengaluru",india
S1-20588131,S3-298769729,name_token,name_token:229501|address_token:96183|address_token:343014|address_token:15233,0,0,0,0.25,0.0,0,Radiant India Private Limited,Sri Radiant Iedla Private Limited,"Regalia D 705 & 706 Kalyan Shil Road Casa Bella, Kalyan, Thane, Maharashtra",,india
S1-589124020,S2-206494315,name_prefix|name_token,address_token:62994|address_token:15368|address_token:584256|address_token:35544|address_token:341972|address_number:21686|address_token:554778|address_house:67232|address_token:66761,1,0,0,0.333,0.0,0,Purulia Textile Private Limited,Puru1ia Textile,"Plot No-5 01St&2Nd Floor, Kirti Nagar, Jharsa Road, Sadar Bazar, Gurgaon, Haryana",,india
S1-841028952,S3-992522687,address_house|address_number|address_token,address_house:80971|address_token:167047|name_token:32737|name_token:17044|name_prefix:8499|address_token:82090,0,0,0,0.0,0.545,0,City Technology Private Limited,సిటీ టెక్నాలజీ ప్రైవేట్ లిమిటెడ్,"No 3-6-640 2, Himayathnagar, Hyderabad, Telangana","No 3-6-640 2, Hyderabad City Region, Hyderabad, TG",india
S1-921433141,S3-484785452,address_house|address_token,name_token:39954|address_token:84918|address_token:360514|name_token:8929|name_prefix:7296|address_token:343014|address_house:95139,0,0,0,0.0,0.167,0,Dynamic Foundation Private Limited,डायनामिक फाउंडेशन प्राइवेट लिमिटेड,"Shop No. 2, Mehta Hardwar, Solution, Monal Ch Chambu, Mumbai, Maharashtra","2, Mumbai, MH",india
S1-921433141,S3-119954601,address_house|address_token|address_token,name_token:39954|address_token:84918|address_token:360514|name_token:8929|name_prefix:7296|address_token:343014|address_house:95139,0,0,0,0.0,0.333,0,Dynamic Foundation Private Limited,डायनामिक फाउंडेशन प्राइवेट लिमिटेड,"Shop No. 2, Mehta Hardwar, Solution, Monal Ch Chambu, Mumbai, Maharashtra","MH, Shop No. 2, Mumbai",india
S1-116756121,S3-779772619,address_house|address_number|address_token|address_token|address_token|name_prefix,name_token:229501|address_token:82090|address_token:5821|address_token:32711|name_token:15498|address_token:81296|address_token:341972|address_house:42028|address_token:10232|address_token:167047|address_number:112011|address_token:173038|name_prefix:13808,0,0,0,0.0,0.312,0,Sai India Private Limited,saiindiaprivate.com,"Plot No.10, Sector-Iv, Alkaapoor Township, Neknampur Village, Gandipet Mandal, Hyderabad, Rangareddy, Telangana","Plot No.10, Rangareddy, Hyderabad, Andhra Pradesh",india
S1-116756121,S2-425500483,address_house|address_number|address_token|address_token|name_token,name_token:229501|address_token:82090|address_token:5821|address_token:32711|name_token:15498|address_token:81296|address_token:341972|address_house:42028|address_token:10232|address_token:167047|address_number:112011|address_token:173038|name_prefix:13808,0,0,0,0.333,0.214,0,Sai India Private Limited,5ai  India Private Limited,"Plot No.10, Sector-Iv, Alkaapoor Township, Neknampur Village, Gandipet Mandal, Hyderabad, Rangareddy, Telangana","##10, HYDERABAD, Telangana",india
S1-422707694,S2-187131754,address_number|address_token|address_token|address_token|address_token|name_prefix,address_token:62994|address_token:66761|address_token:19490|address_token:33554|address_number:6613,1,0,0,0.0,0.625,0,Span Visas Private Limited,spanvisas.com,"209, Central Arcade, Gurgaon, Haryana","PLOT 7-75 209, CENTRAL ARCADE, GURGAON, Haryana",india
S1-235978536,S2-343819110,address_city|address_number|address_token|address_token|address_token|address_token|address_token|address_token,address_house:7653|address_number:100244|address_city:112315|address_token:245093|address_token:37738|name_token:9251|address_token:584256|address_token:341972|address_token:360514|name_token:31661|name_prefix:9723|address_token:343014,0,0,0,0.0,0.824,0,Sky Consultancy Private Limited,स्काई कंसल्टेंसी प्राइवेट लिमिटेड,"4Th Floor, Plot No C-3, Street No 11, M I D C Andheri (East), Mumbai, Maharashtra","04TH FLOOR, PLOT NO C-3, STREET NO 11, M I D C ANDHERI (EAST), MUMBAI REGION, MUMBAI, Maharashtra",india
S1-235978536,S2-990960973,address_token|address_token,address_house:7653|address_number:100244|address_city:112315|address_token:245093|address_token:37738|name_token:9251|address_token:584256|address_token:341972|address_token:360514|name_token:31661|name_prefix:9723|address_token:343014,0,0,0,0.0,0.095,0,Sky Consultancy Private Limited,स्काई कंसल्टेंसी प्राइवेट लिमिटेड,"4Th Floor, Plot No C-3, Street No 11, M I D C Andheri (East), Mumbai, Maharashtra","04TH FLOOR, MUMBAI REGION, MUMBAI, महाराष्ट्र",india
S1-235978536,S3-38183541,address_city|address_house|address_number|address_token|address_token|address_token|address_token|address_token,address_house:7653|address_number:100244|address_city:112315|address_token:245093|address_token:37738|name_token:9251|address_token:584256|address_token:341972|address_token:360514|name_token:31661|name_prefix:9723|address_token:343014,0,0,0,0.0,0.7,0,Sky Consultancy Private Limited,स्काई कंसल्टेंसी प्राइवेट लिमिटेड,"4Th Floor, Plot No C-3, Street No 11, M I D C Andheri (East), Mumbai, Maharashtra","Door No 4Th Floor, Plot No C-3, Street No 11, M I D C Andheri (East), Mumbai, महाराष्ट्र",india
S1-733672323,S3-335003414,address_city|address_number|address_token|address_token|name_prefix|name_token|name_token,address_token:9390|name_token:10566|address_token:202085|name_token:17534|address_token:34219|address_house:95139|address_token:534840|address_token:554778|address_number:23930|address_city:139489|name_token:8607|name_prefix:8911|address_token:9870|address_token:38376|address_token:356701|address_token:39568,1,1,1,0.5,0.316,0,Royal Lotus Food Private Limited,Royal Lotu Food Private Limited,"L-2/41, F/F, L-2 Block, Mohan Garden, Uttam Nagar, Near Raghubir Singh School, New Delhi, West Delhi, Delhi","Hn 435 L-2/41, New Delhi, West Delhi, DL",india
S1-419359752,S3-71446523,address_token|address_token|name_prefix,address_city:7114|address_token:113422|name_prefix:15985|address_token:584256|address_token:124809|name_token:9573|name_token:32515|address_token:113365,1,1,0,0.0,0.3,0,Bharat Tech Private Limited,bharattechprivate.com,"145 Sydnam Road, 1St Floor, Periamet, Chennai, Tamil Nadu","Sydnam Road, Chennai, TN",india
S1-240084026,S2-369085305,address_number|address_token|address_token|address_token|address_token|address_token|name_prefix|name_token,address_token:534840|name_token:35145|address_token:22347|address_token:8328|address_city:59596|name_token:30224|address_token:173038|address_house:37179|name_prefix:17298|address_number:97569|address_token:356701|address_token:14375|address_token:372030,1,1,0,0.2,0.471,0,Delhi Engineering Limited,Delhi Límited Partners - 2356285169,"Gf, Metro Station Box, Sector 12, Dwarka, Delhi, South West Delhi, Delhi","दिल्ली, BLOCK F-215 GF, METRO STATION BOX, SECTOR 12, DWARKA, DELHI, N/A",india
S1-240084026,S2-307675958,address_number|address_token|address_token|address_token|address_token|address_token|name_prefix|name_token,address_token:534840|name_token:35145|address_token:22347|address_token:8328|address_city:59596|name_token:30224|address_token:173038|address_house:37179|name_prefix:17298|address_number:97569|address_token:356701|address_token:14375|address_token:372030,1,1,0,0.333,0.533,0,Delhi Engineering Limited,Delhi Limited Center,"Gf, Metro Station Box, Sector 12, Dwarka, Delhi, South West Delhi, Delhi","BLOCK F-215 GF, METRO STATION BOX, SECTOR 12, DWARKA, DELHI, N/A, Delhi",india
S1-427590143,S2-497352946,address_number|address_token,name_token:9074|address_number:34906|name_prefix:7258|address_number:32973|address_token:46841|address_token:240821|address_token:126959|name_token:31661|address_house:16777,0,0,0,0.0,0.182,0,Apex Consultancy Pvt Ltd,ಅಪೆಕ್ಸ್ ಕನ್ಸಲ್ಟೆನ್ಸಿ ಪ್ರೈವೇಟ್ ಲಿಮಿಟೆಡ್,"28 29, Muniswamy Naidu Layout, Uttarhalli, Bangalore, Karnataka","29, BANGALORE, ಕರ್ನಾಟಕ",india
S1-112615499,S3-252583584,address_city|address_token|address_token|address_token|address_token|address_token|address_token|address_token|address_token|address_token|address_token|name_prefix|name_token|name_token,address_token:37652|name_prefix:16258|address_token:42703|address_token:584256|address_token:11043|name_token:10170|address_token:534840|name_token:22088|address_token:82977|address_city:139489|address_token:171133|address_token:356701,1,1,1,0.5,0.737,0,Super Construction Private Limited,Super Construction  Private Ltd (ID: 43231),"Unit No. F/409, Fourth Floor, Commercial Flat Dda Building, Distt Centre, Janakpuri, New Delhi, West Delhi, Delhi","Unt No. F/09, Fourth Floor, Commercial Flat Dda Building, Distt Centre, Janakpuri, DL, West Delhi, New Delhi",india
S1-522328855,S2-682242674,name_prefix|name_token,name_token:17685|name_prefix:20203|address_token:240821|address_token:126959|address_token:174880,1,1,1,0.333,0.0,0,Bangalore Aqua Pvt Ltd,Bangalore Aor Pvt Ltd,"# 1693/A, Gundappa Nilaya Mts Colony, T. Dasarahalli, Bangalore, Karnataka",,india
S1-899420069,S2-396080067,address_token|address_token|address_token|address_token|address_token,address_city:112315|address_number:12858|address_house:22454|address_token:6032|address_token:174880|name_token:9603|name_token:22088|address_token:7161|address_number:49533|address_token:18046|name_prefix:25950|address_token:343014|address_token:372030,0,0,0,0.0,0.368,0,Unique Construction Private Limited,यूनिक कंस्ट्रक्शन प्राइवेट लिमिटेड,"Sangli, Maharashtra, S. No. 20/338/3B Hotel Star, Pragati Colony, 100 Feet Road, C/O George Simon Pinto","Maharashtra, SANGLI, C/O GEORGE SIMON PINTO",india
S1-224507393,S3-103794075,address_token|name_token,name_token:229501|address_token:66761|address_token:6292,0,0,0,0.2,0.429,0,Milagro (India) Contractors,Mi1agro (India) [[Contaactoes]],"Rly Road, Karnal, Haryana","Rly Road, हरियाणा, Karnal",india
S1-818126922,S2-259922489,name_prefix|name_token|name_token,address_city:55154|address_token:14342|name_token:24310|address_number:11259|address_token:37652|name_prefix:21725|address_token:11516|name_token:81699|address_token:360514|address_house:132166|address_token:356701|address_token:343014,1,1,1,0.667,0.0,0,Mumbai Enterprises Private Limited,MUMBAI ENTERPRISES PRRVATE LIMITED,"Maharashtra, Mumbai, B-1/304 Sai Mangalmalad Shopping Centre Malad (W), Mumbai",,india
S1-533211163,S3-522465310,address_house|address_number|address_token|address_token,address_token:28479|address_token:534840|address_token:25587|address_token:584256|name_token:27880|address_token:18323|address_token:15683|address_token:372030|address_house:10052|address_number:18550,0,0,0,0.0,0.273,0,Ardent Foods Private Limited,Dr Ardentfoods.Com,"S-55, Second Floor Greater Kailash Part-1, Delhi, South Delhi, Delhi","S-55, Delhi, South Delhi, दिल्ली",india
S1-901358251,S2-711453421,address_number|address_token|address_token|address_token|address_token,address_token:139352|address_token:108326|address_house:31951|address_token:202085|address_token:584256|name_prefix:9941|address_token:15683|address_number:81035|address_token:7474|address_token:534840|name_token:8960|address_city:139489|name_token:22466|address_token:93496|address_token:356701,0,0,0,0.0,0.333,0,All Energy,ऑल एनर्जी,"Ground Floor Block - Wz Landmark, Near Red Light, Kailash Park, Delhi, House No-14, New Delhi, West Delhi","BLOCK E-228 HOUSE NO-14, WEST DELHI, Delhi",india
S1-839748921,S3-758838134,address_house|address_token|address_token|name_token|name_token,address_city:9507|address_token:343014|name_token:32515|address_token:8757|address_token:171715|address_house:67232|address_token:234608,0,0,0,0.667,0.385,0,Sikhar Tech Private Limited,Smt Sikhar Tech  Private Limited,"Bl No. 5, 1202/6, Anushree Apts., Ghole Rd., Pune City, Pune, Maharashtra","Bl No. 5, Pune City, Pune, MH",india
S1-359303139,S2-428222373,address_house|address_token|address_token,address_token:20529|address_token:258312|address_token:136558|address_house:132166,0,0,0,0.0,0.5,0,Oswal Innovations Pvt. Ltd.,M/s 0SWAL  LNNOVATIONS PVT. LTD.,"L .I .G -1 Barra - 7, Kanpur, Uttar Pradesh","L .I .G -1 BARRA - 7, KANPUR, उत्तर प्रदेश",india
S1-964461291,S2-280392911,address_house|address_number|address_token|address_token,address_number:100244|address_token:341972|name_token:8698|name_token:71714|address_token:96183|address_token:7695|address_token:173038|address_number:5836|name_prefix:6864|address_token:343014,0,0,0,0.0,0.25,0,Pioneer Solutions Private Limited,पायोनियर सॉल्यूशंस प्राइवेट लिमिटेड,"702, Plot No. 6, Sector 11, Bhakti Homes Private Limited, Maharashtra, Thane","Maharashtra, 702, THANE",india
S1-910219703,S2-583081285,address_house|address_number|address_token|address_token|address_token|address_token,address_house:5439|address_token:9198|address_token:584256|address_token:83329|name_prefix:20198|address_number:9431|name_token:16358|address_token:50340|address_token:9580|name_token:163685|address_token:258312|address_token:171133|name_token:9757|address_token:7089,0,0,0,0.0,0.5,0,Green Creative Services LLP,గ్రీన్ క్రియేటివ్ సర్వీసెస్ ఎల్‌ఎల్‌పీ,"Flat No 502, 5Th Floor, Royal Enclave, 2Nd Line, Guntur, Andhra Pradesh","Andhra Pradesh, GUNTUR, FLAT NO 502",india
S1-910219703,S3-380477230,address_token|address_token|address_token|address_token|address_token,address_house:5439|address_token:9198|address_token:584256|address_token:83329|name_prefix:20198|address_number:9431|name_token:16358|address_token:50340|address_token:9580|name_token:163685|address_token:258312|address_token:171133|name_token:9757|address_token:7089,0,0,0,0.0,0.533,0,Green Creative Services LLP,Avizetakelo,"Flat No 502, 5Th Floor, Royal Enclave, 2Nd Line, Guntur, Andhra Pradesh","Door No 50, 5Th Floor, Royal Enclave, 2Nd Line, Guntur, AP",india
S1-881553454,S2-786348834,address_house|address_number|address_token|address_token|address_token|address_token|name_token,address_token:47702|address_token:113422|address_number:29572|address_token:36446|address_token:55321|address_token:72724|address_token:113365|address_house:132166,0,0,0,0.333,0.692,0,Coimbatore Trade Limited,C0IMBATORE TRADE LIMITED,"Industrial Estate Post, Kurichi, Tamil Nadu, Coimbatore, No.1/33 A1 Madukkarai Road","NO.1/33 A1 MADUKKARAI ROAD, COIMBATORE, Tamil Nadu",india
S1-881553454,S3-100819147,name_prefix|name_token,address_token:47702|address_token:113422|address_number:29572|address_token:36446|address_token:55321|address_token:72724|address_token:113365|address_house:132166,1,1,1,0.333,0.0,0,Coimbatore Trade Limited,Coimbatore Limited Services,"Industrial Estate Post, Kurichi, Tamil Nadu, Coimbatore, No.1/33 A1 Madukkarai Road",,india
S1-646277438,S3-378516028,address_house|address_number|address_token|name_token|name_token,name_token:131559|address_number:11901|address_token:80020|name_token:81699|address_token:102880|address_house:6413|address_token:48809|address_token:356701,0,0,0,0.5,0.182,0,Bajaj Enterprises Center,8ajaj Enterprises Center,"79, Sanatan Mistry Lane, Howrah, West Bengal","79, Howrah, পশ্চিমবঙ্গ",india
S1-172062349,S2-823189437,address_number|address_token|address_token,address_token:6853|address_token:167047|name_token:8769|address_token:341972|name_token:32737|address_token:24934|address_token:82090|address_number:112011|address_number:26513|address_number:13643|name_prefix:9044|address_house:132166,0,0,0,0.0,0.235,0,Vijay Technology Private Limited,విజయ్ టెక్నాలజీ ప్రైవేట్ లిమిటెడ్,"Telangana, 1-10-72/5/C Sapphire Apartments Chikoti Gardens, Begumpet, Hyderabad, Plot No. 101, Hyderabad","DOOR NO 10, HYDERABAD URBAN, HYDERABAD, Telangana",india
S1-162603180,S3-769435885,address_house|address_token|address_token|address_token,name_prefix:15064|name_token:11198|address_token:584256|address_token:102880|address_city:42559|address_token:6595|address_token:153726|address_token:80020|name_token:53012|address_house:15010|address_token:171133|address_token:356701,0,0,0,0.0,0.235,0,Krishna Technologies Private Limited,কৃষ্ণ টেকনোলজিস প্রাইভেট লিমিটেড,"2Nd Floor, Howrah, Flat 2, 415, Sahid Kshudiram Bose Sara, Kolkata, West Bengal, Kolkata","2Nd Floor, Howrah, Kolkata, পশ্চিমবঙ্গ",india
S1-162603180,S2-436486285,name_token|name_token,name_prefix:15064|name_token:11198|address_token:584256|address_token:102880|address_city:42559|address_token:6595|address_token:153726|address_token:80020|name_token:53012|address_house:15010|address_token:171133|address_token:356701,0,0,0,0.5,0.0,0,Krishna Technologies Private Limited,M/s Krishna Technologies Private  Limited,"2Nd Floor, Howrah, Flat 2, 415, Sahid Kshudiram Bose Sara, Kolkata, West Bengal, Kolkata",,india
S1-109147663,S2-512898123,address_number|address_token|address_token|address_token,name_token:9074|address_token:113422|address_token:584256|name_prefix:7258|name_token:32737|address_token:8860|address_house:15010|name_token:12098|address_number:8269|address_token:113365,0,0,0,0.0,0.353,0,Apex One Technology Limited,அபெக்ஸ் ஒன் டெக்னாலஜி லிமிடெட்,"2Nd Floor, Brindhavan Avenue Chinna Kanmai Street, Cmr Road, Madurai, Tamil Nadu, Madurai, No. 207/6","NO. 207/6, SOUTHERN REGION MADURAI, MADURAI, Tamil Nadu",india
S1-493378754,S3-534981414,address_token|address_token|address_token|address_token|address_token|name_token,address_token:360514|address_token:139352|name_token:22173|name_token:9167|address_token:5034|address_token:26457|name_prefix:7763|address_token:7351|address_token:96183|address_token:343014,0,0,0,0.111,0.278,0,Red Media Private Limited,रेड Media प्राइवेट लिमिटेड,"Patil House, Opp. Nocil Company, Talavali Naka, Thane Belapur Road, Ghansoli, Navi Mumbai, Thane, Maharashtra","Patil House, Navi Mumbai, Thane, महाराष्ट्र",india
S1-445104703,S3-21318980,address_number|address_token|address_token|address_token|address_token|address_token|address_token|name_prefix|name_token|name_token,address_city:55154|address_token:11754|address_number:47886|address_token:234608|address_token:5892|name_token:10218|address_token:554778|address_token:360514|name_token:17834|address_token:343014|address_house:22041|address_token:356701|name_token:11604|name_prefix:20012,1,1,0,0.5,0.571,0,Sun Blue Hospitality Private Limited,Sun Bleh Hospitality Private Limited,"I - 21/21, Mahavir Nagar Kandivali (W), Mumbai, Mumbai City, Maharashtra","महाराष्ट्र, Mumbai City, Mahavir Nagar Kandivali (W), I - 7-21/21, Mumbai",india
S1-445104703,S3-873245222,name_prefix|name_token|name_token,address_city:55154|address_token:11754|address_number:47886|address_token:234608|address_token:5892|name_token:10218|address_token:554778|address_token:360514|name_token:17834|address_token:343014|address_house:22041|address_token:356701|name_token:11604|name_prefix:20012,1,0,0,0.5,0.0,0,Sun Blue Hospitality Private Limited,Sun Btge Hospitality Private Limited,"I - 21/21, Mahavir Nagar Kandivali (W), Mumbai, Mumbai City, Maharashtra",,india
S1-445104703,S2-201637253,address_house|address_number|address_token|address_token|address_token|address_token|address_token|address_token|address_token,address_city:55154|address_token:11754|address_number:47886|address_token:234608|address_token:5892|name_token:10218|address_token:554778|address_token:360514|name_token:17834|address_token:343014|address_house:22041|address_token:356701|name_token:11604|name_prefix:20012,0,0,0,0.0,0.9,0,Sun Blue Hospitality Private Limited,सन ब्लू हॉस्पिटैलिटी प्राइवेट लिमिटेड,"I - 21/21, Mahavir Nagar Kandivali (W), Mumbai, Mumbai City, Maharashtra","I - 21/21, MAHAVIR NAGAR KANDIVALI (W), BOMBAY, MUMBAI CITY, Maharashtra",india
S1-445104703,S2-207490654,address_house|address_number|address_token|address_token|address_token|address_token|address_token|address_token|address_token,address_city:55154|address_token:11754|address_number:47886|address_token:234608|address_token:5892|name_token:10218|address_token:554778|address_token:360514|name_token:17834|address_token:343014|address_house:22041|address_token:356701|name_token:11604|name_prefix:20012,0,0,0,0.0,0.9,0,Sun Blue Hospitality Private Limited,सन ब्लू हॉस्पिटैलिटी प्राइवेट लिमिटेड,"I - 21/21, Mahavir Nagar Kandivali (W), Mumbai, Mumbai City, Maharashtra","I - 21/21, MAHAVIR NAGAR KANDIVALI (W), BOMBAY, MUMBAI CITY, Maharashtra",india
S1-337587615,S2-216343256,address_token|address_token|address_token|address_token|address_token|address_token|address_token,address_number:12646|address_city:112315|address_token:113422|address_token:202085|address_token:124809|address_token:245093|address_token:554778|address_house:6756|address_token:8749|address_token:113365,0,0,0,0.0,0.529,0,MOW Door Private Limited,NYLAFAYEECTO - 6332504649,"Perambur Purasawalkam, Tamil Nadu, Chennai, G Block, Anna Nagar East, No 83","NO 0083, G BLOCK, ANNA NAGAR EAST, PERAMBUR PURASAWALKAM, CHENNAI, தமிழ்நாடு",india
S1-289490781,S3-593382348,address_house|address_number|address_token,address_city:7286|address_token:167047|name_token:9589|name_token:32737|name_prefix:28087|address_house:63089|address_token:174880|address_token:82090|address_token:372030,0,0,0,0.0,0.385,0,Shiv Technology Private Limited,శివ్ టెక్నాలజీ ప్రైవేట్ లిమిటెడ్,"8-3-988/7, S.B.H Colony Srinagar Colony, Hyderabad, Telangana","Hyderabad, 8-3-988/7, Andhra Pradesh",india
S1-289490781,S3-253858071,name_prefix|name_token|name_token,address_city:7286|address_token:167047|name_token:9589|name_token:32737|name_prefix:28087|address_house:63089|address_token:174880|address_token:82090|address_token:372030,1,1,1,0.667,0.0,0,Shiv Technology Private Limited,Shiv Technology Pdriivaete Limited,"8-3-988/7, S.B.H Colony Srinagar Colony, Hyderabad, Telangana",,india
S1-921165755,S3-562739976,address_city|address_number|address_token|address_token|address_token|address_token|address_token|address_token|address_token|name_token|name_token|name_token,name_token:12634|address_token:534840|address_token:13966|name_prefix:7943|address_number:55826|address_token:341972|name_token:27880|address_city:59596|name_token:10426|address_token:173038|address_token:356701|address_token:14375|address_token:372030,0,0,0,0.75,0.75,0,Life Ram Foods Private Limited,Prigavet Life Ram Foods Limited,"Plot No. 514, Basement, Sector- 19, Dwarka, Delhi, South West Delhi, Delhi","Plot No. 14, Basement, Sector- 19, Dwarka, Delhi, South West Delhi, DL",india
S1-921165755,S3-129463896,address_city|address_token|address_token|address_token,name_token:12634|address_token:534840|address_token:13966|name_prefix:7943|address_number:55826|address_token:341972|name_token:27880|address_city:59596|name_token:10426|address_token:173038|address_token:356701|address_token:14375|address_token:372030,0,0,0,0.0,0.25,0,Life Ram Foods Private Limited,लाइफ राम फूड्स प्राइवेट लिमिटेड,"Plot No. 514, Basement, Sector- 19, Dwarka, Delhi, South West Delhi, Delhi","#14, Delhi, South West Delhi, DL",india
S1-267853126,S3-374646558,address_city|address_token|address_token|address_token|address_token|address_token|name_prefix,address_token:534840|address_token:228724|address_city:139489|address_token:16098,1,1,0,0.0,0.7,0,Nilesh Farmers Private Limited,nileshfarmers.com,"156 Bhagirathi Appts.Sec-9 Rohini, Delhi, North Delhi, Delhi","56 Bhagirathi Appts.sec-9 Rohini, Delhi, North Delhi, DL",india
S1-267853126,S3-953306801,address_city|address_token|address_token|address_token|address_token|address_token,address_token:534840|address_token:228724|address_city:139489|address_token:16098,0,0,0,0.0,0.7,0,Nilesh Farmers Private Limited,nfprivate.com,"156 Bhagirathi Appts.Sec-9 Rohini, Delhi, North Delhi, Delhi","#56 Bhagirathi Appts.sec-9 Rohini, North Delhi, Delhi, DL",india
S1-349458361,S3-503324007,address_house|address_number|address_number|address_token|address_token,address_token:32701|address_token:43863|address_token:258312|address_house:31951|address_token:9502|address_token:97296|name_token:8856|name_token:22094|address_number:81035|name_prefix:11333|address_token:83329|name_token:11290,0,0,0,0.0,0.357,0,Star Premier Software Private Limited,స్టార్ ప్రీమియర్ సాఫ్ట్‌వేర్ ప్రైవేట్ లిమిటెడ్,"14-142/5, Manner Venkataram Plaza Sbi Complex, Poranki, Vijayawada, Krishna, Andhra Pradesh","14-142/5, Vijayawada, Krishna, AP",india
S1-193075435,S2-169884904,address_house|address_number|address_number|address_token|address_token|address_token,address_house:13989|name_prefix:55481|name_token:10057|address_token:584256|address_token:61302|address_token:12455|address_number:27726|address_token:554778|name_token:22173|address_token:26214,0,0,0,0.0,0.455,0,Indian Media Limited,ਇੰਡੀਅਨ ਮੀਡੀਆ ਲਿਮਟਿਡ,"B-34-6039, First Floor, Luxmi Nagar Haibowal Kalan, Ludhiana, Punjab","B-34-6039, LUDHIANA, Punjab",india
S1-967226224,S3-202902102,address_number|address_token,address_number:12843|address_token:240821|name_token:12685|address_token:126959|address_house:15010|address_token:79275|name_token:22563|address_token:46841|name_prefix:8177,0,0,0,0.0,0.25,0,Digital Infrastructure Private Limited,ಡಿಜಿಟಲ್ ಇನ್‌ಫ್ರಾಸ್ಟ್ರಕ್ಚರ್ ಪ್ರೈವೇಟ್ ಲಿಮಿಟೆಡ್,"2Nd Cross, Basaveshwara Layout Vijayanagara, Bangalore, Karnataka, Bangalore, No. 106","No. C-106, Bengaluru, Bangalore, KA",india
S1-967231295,S2-864827810,name_prefix|name_token,address_token:10182|address_token:245093|name_token:26556|name_token:8991|address_token:554778|address_token:58691|address_token:6686|name_prefix:7308|address_token:97296|address_token:173038,1,1,1,0.333,0.0,0,Baba Management Pvt Ltd,Baba Managdemnt Pvt Ltd,"Mangha Ram Khetani Complex Sector-E, Shastri Nagar, Jodhpur, Rajasthan",,india
S1-424899345,S2-281331986,address_token|address_token|address_token,name_token:8421|name_token:27880|address_token:84918|address_token:41184|address_token:66761|name_prefix:8605,0,0,0,0.0,0.5,0,Fortune Foods Private Limited,फॉर्च्यून फूड्स प्राइवेट लिमिटेड,"C/O Sham Lal, Shop Situated At Goyal Market, Barara, Ambala, Haryana","C/O SHAM LAL, AMBALA, Haryana",india
S1-424899345,S3-282723945,address_token,name_token:8421|name_token:27880|address_token:84918|address_token:41184|address_token:66761|name_prefix:8605,0,0,0,0.0,0.25,0,Fortune Foods Private Limited,फॉर्च्यून फूड्स प्राइवेट लिमिटेड,"C/O Sham Lal, Shop Situated At Goyal Market, Barara, Ambala, Haryana","C/o Soam Lal, Ambala, हरियाणा",india
S1-297734991,S2-287195292,address_token|address_token|address_token|address_token|address_token|address_token|address_token|name_prefix,address_token:584256|address_token:96183|address_token:84918|address_token:41417|address_token:343014|address_token:97296|name_prefix:5280|address_token:5274,1,1,0,0.0,0.846,0,Finpro Creations,finprocreations.com,"1480/4, Shop No 4 Gr Floor, A Wing, Manav Complex, Bhiwandi, Thane, Maharashtra","4, SHOP NO 4 GR FLOOR, A WING, MANAV COMPLEX, BHIWANDI, Maharashtra",india
S1-986822207,S2-678248474,address_city|address_number|address_number|address_token|address_token|address_token|address_token|address_token|address_token,name_prefix:15165|address_token:42703|address_token:584256|address_token:102880|address_number:64306|name_token:26067|address_token:228724|address_token:24733|address_token:82977|name_token:8599|address_city:10209|address_token:173038|address_token:356701|address_token:10241,0,0,0,0.0,0.4,0,Southern Infra Private Limited,সাউদার্ন ইনফ্রা প্রাইভেট লিমিটেড,"Unit 521 5Th Floor Rdb Building, Regus Offices Salt Lake Sector V Bidhannagar, Saltlake, North 24 Parganas, West Bengal","PLOT 90 UNIT 521 5TH FLOOR RDB BUILDING, SALTLAKE, NORTH 24 PARGANAS, পশ্চিমবঙ্গ",india
S1-415423587,S3-614882064,address_house|address_number|address_token|address_token,address_token:153726|address_token:584256|address_token:80020|address_token:102880|address_token:93496|address_token:356701,0,0,0,0.0,0.167,0,Dinodia Procon Private Limited,pdprivate.com,"171A, Ramesh Dutta Street Ground Floor, Kolkata, Kolkata, Howrah, West Bengal","171A, Howrah, <NULL>, WB",india
S1-98515388,S3-929696370,address_house|address_number|address_token|address_token|address_token,name_prefix:10604|name_token:9079|address_house:22041|address_number:47886|address_token:534840|address_token:356701|address_token:114722|address_token:14061|name_token:18090|name_token:8996|address_token:11569|address_token:372030,0,0,0,0.0,0.429,0,Anand Jain Impex Private Limited,आनंद जैन इम्पेक्स प्राइवेट लिमिटेड,"Delhi, Main Road, Masood Pur Vasant Kunj, New Delhi, South West Delhi, C-21","South West Delhi, New Delhi, दिल्ली, C-21",india
S1-152215648,S2-187826857,address_house|address_number|address_token|address_token,address_number:50465|name_token:8653|name_prefix:10712|address_token:73068|address_token:554778|address_token:240821|address_token:24949|address_token:126959|address_token:174880|name_token:53012|address_house:20958,0,0,0,0.0,0.25,0,Arihant Technologies Private Limited,ಅರಿಹಂತ್ ಟೆಕ್ನಾಲಜೀಸ್ ಪ್ರೈವೇಟ್ ಲಿಮಿಟೆಡ್,"#22, Arya Nagar, Vysya Bank Colony, J P Nagar I Phase, Bangalore, Karnataka","22, BANGALORE, Karnataka",india
S1-152215648,S3-236540179,address_token|name_prefix,address_number:50465|name_token:8653|name_prefix:10712|address_token:73068|address_token:554778|address_token:240821|address_token:24949|address_token:126959|address_token:174880|name_token:53012|address_house:20958,1,1,0,0.0,0.056,0,Arihant Technologies Private Limited,arihanttechnologies.com,"#22, Arya Nagar, Vysya Bank Colony, J P Nagar I Phase, Bangalore, Karnataka","Door No 21, Bangalore, ಕರ್ನಾಟಕ",india
S1-749797512,S2-714294982,address_house|address_number|address_token|address_token,address_token:10182|address_number:31375|address_token:341972|address_token:554778|address_token:58691|address_house:15603,0,0,0,0.0,0.308,0,Mga Carpets Private Limited,Smt CARPETSPRIVATE.COM,"Plot No. 31, Karni Nagar, Opp. Kishan Gas Godwn, Basni, Jodhpur, Rajasthan","DOOR NO 31, JODHPUR, Rajasthan",india
S1-27026743,S3-325996080,address_number|address_token|address_token|name_core_exact|name_prefix|name_token|name_token,address_token:37652|name_prefix:7335|name_token:8346|address_token:42703|address_token:11399|address_token:102880|address_city:42559|address_token:153726|address_token:80020|name_token:17215|address_number:6025|address_token:356701,1,1,1,1.0,0.222,0,Alpha Estate Private Limited,Alpha Estate Private Ltd,"Unit No. 308, West Bengal, Howrah, Kamalalaya Centre 156A, Lenin Sarani, Kolkata, Kolkata","Plot 497. Unit No. 308, Howrah, পশ্চিমবঙ্গ",india
S1-27026743,S2-728752876,address_city|address_house|address_number|address_token|address_token|address_token|address_token|address_token,address_token:37652|name_prefix:7335|name_token:8346|address_token:42703|address_token:11399|address_token:102880|address_city:42559|address_token:153726|address_token:80020|name_token:17215|address_number:6025|address_token:356701,0,0,0,0.0,0.583,0,Alpha Estate Private Limited,আলফা এস্টেট প্রাইভেট লিমিটেড,"Unit No. 308, West Bengal, Howrah, Kamalalaya Centre 156A, Lenin Sarani, Kolkata, Kolkata","HOWRAH, West Bengal, KOLKATA, UNIT NO. 308",india
S1-285344281,S3-329480974,name_token,address_token:554778|name_token:10784|address_token:343014|address_token:81689,0,0,0,0.25,0.0,0,Sidhidhan Hospital,Dr Sidhidhan  Hsoliatl,"Bhavani Nagar, Jaikisan Tower, Kandhar Tal.-Kandhar, Maharashtra, Nanded",,india
S1-690640481,S2-428635471,address_house|address_number|address_token|address_token,name_token:13009|name_prefix:7297|address_token:28189|name_token:17215|address_house:5417|name_token:9607|address_number:11274|address_token:171715|address_token:343014,0,0,0,0.0,0.308,0,Laxmi Hotel Estate Pvt Ltd,लक्ष्मी होटल एस्टेट प्रा. लि.,"Pune, Milkat No. 98, Pune, Maharashtra, Near Vetal Mandir, Vetal Wasti","MILKAT NO. 98, PUNE, महाराष्ट्र",india
S1-690640481,S3-70031787,address_house|address_number|address_token|address_token|name_prefix|name_token|name_token,name_token:13009|name_prefix:7297|address_token:28189|name_token:17215|address_house:5417|name_token:9607|address_number:11274|address_token:171715|address_token:343014,1,1,0,0.5,0.4,0,Laxmi Hotel Estate Pvt Ltd,Laxmi Hrlte Estate Pvt Ltd,"Pune, Milkat No. 98, Pune, Maharashtra, Near Vetal Mandir, Vetal Wasti","Milkat No. #98, Pune, MH",india
S1-690640481,S3-151125636,address_house|address_number|address_token|address_token,name_token:13009|name_prefix:7297|address_token:28189|name_token:17215|address_house:5417|name_token:9607|address_number:11274|address_token:171715|address_token:343014,0,0,0,0.0,0.308,0,Laxmi Hotel Estate Pvt Ltd,लक्ष्मी होटल एस्टेट प्रा. लि.,"Pune, Milkat No. 98, Pune, Maharashtra, Near Vetal Mandir, Vetal Wasti","Milkat No. #98, Pune, महाराष्ट्र",india
S1-690640481,S3-128417744,address_house|address_number|address_token|address_token,name_token:13009|name_prefix:7297|address_token:28189|name_token:17215|address_house:5417|name_token:9607|address_number:11274|address_token:171715|address_token:343014,0,0,0,0.0,0.4,0,Laxmi Hotel Estate Pvt Ltd,लक्ष्मी होटल एस्टेट प्रा. लि.,"Pune, Milkat No. 98, Pune, Maharashtra, Near Vetal Mandir, Vetal Wasti","Milkat No. #98, Pune, MH",india
S1-761214903,S3-947227432,name_prefix|name_token,address_house:13467|name_token:9312|address_token:58519|name_token:25057|address_token:554778|address_number:27164|address_token:5895|address_token:258312|address_token:136558|address_token:20103|name_prefix:6411,0,0,0,0.091,0.0,0,Ss Products Private Limited,Ss प्रोडक्ट्स प्राइवेट लिमिटेड,"36, Khargapur Gomti Nagar Extension, Lucknow, Uttar Pradesh",,india
S1-761214903,S2-189249729,address_number|address_token|address_token|address_token|address_token|address_token,address_house:13467|name_token:9312|address_token:58519|name_token:25057|address_token:554778|address_number:27164|address_token:5895|address_token:258312|address_token:136558|address_token:20103|name_prefix:6411,0,0,0,0.0,0.4,0,Ss Products Private Limited,एसएस प्रोडक्ट्स प्राइवेट लिमिटेड,"36, Khargapur Gomti Nagar Extension, Lucknow, Uttar Pradesh","HN 645 36, LUCKNOW, KHARGAPUR GOMTI NAGAR EXTENSION, उत्तर प्रदेश",india
S1-761214903,S2-879247913,name_token|name_token,address_house:13467|name_token:9312|address_token:58519|name_token:25057|address_token:554778|address_number:27164|address_token:5895|address_token:258312|address_token:136558|address_token:20103|name_prefix:6411,0,0,0,0.667,0.0,0,Ss Products Private Limited,Sri Ss Products Private Ltd,"36, Khargapur Gomti Nagar Extension, Lucknow, Uttar Pradesh",,india
S1-855309355,S2-277651427,address_house|address_number|address_token|address_token|address_token,address_token:40417|address_house:9321|name_token:17215|name_token:11957|address_number:15531|address_token:55321|address_token:258312|name_prefix:9724|address_token:7104,0,0,0,0.0,0.5,0,Maa Estate Private Limited,माँ एस्टेट प्राइवेट लिमिटेड,"Gwalior, Madhya Pradesh, Jhavar Estate, Thatipur, 401","C-401, GWALIOR, Madhya Pradesh",india
S1-855309355,S2-382250416,name_prefix|name_token|name_token,address_token:40417|address_house:9321|name_token:17215|name_token:11957|address_number:15531|address_token:55321|address_token:258312|name_prefix:9724|address_token:7104,1,1,1,0.667,0.0,0,Maa Estate Private Limited,Maa Estate Prihcaet Limited,"Gwalior, Madhya Pradesh, Jhavar Estate, Thatipur, 401",,india
S1-855309355,S2-681660231,address_house|address_number|address_token,address_token:40417|address_house:9321|name_token:17215|name_token:11957|address_number:15531|address_token:55321|address_token:258312|name_prefix:9724|address_token:7104,0,0,0,0.0,0.154,0,Maa Estate Private Limited,माँ एस्टेट प्राइवेट लिमिटेड,"Gwalior, Madhya Pradesh, Jhavar Estate, Thatipur, 401","C-401, GWALIOR, मध्य प्रदेश",india
S1-261971935,S2-146402418,address_house|address_token,name_token:8741|address_token:28479|address_token:113422|address_token:584256|address_token:124809|name_prefix:7528|name_token:53012|name_token:9056|address_token:5122|address_token:113365|address_house:54396,0,0,0,0.0,0.333,0,Galaxy Hitech Technologies Private Limited,கேலக்ஸி ஹைடெக் டெக்னாலஜீஸ் பிரைவேட் லிமிடெட்,"No.7 & 8/2, Second Floor, Dharmaraja Koil Street Saidapet, Chennai, Tamil Nadu","NO 7 & 8/2, CHENNAI, தமிழ்நாடு",india
S1-510522132,S2-649841433,address_house|address_number|address_token,address_token:15931|name_token:10218|address_token:240821|address_token:126959|name_token:30224|name_prefix:20012,0,0,0,0.0,0.188,0,Sun Engineering Private Limited,ಸನ್ ಇಂಜಿನಿಯರಿಂಗ್ ಪ್ರೈವೇಟ್ ಲಿಮಿಟೆಡ್,"Bangalore, Karnataka, Bangalore, No.313, Temple Tree, Towns End, Avalahalli, Yelahanka","NO.313/5, BANGALORE, BENGALURU URBAN, ಕರ್ನಾಟಕ",india
S1-302845120,S2-635759658,address_city|address_token|address_token|address_token|address_token,address_token:534840|name_token:39807|address_token:228724|address_token:84918|address_city:59596|address_token:81296|address_token:356701|address_house:95139,0,0,0,0.0,0.412,0,TE International Corporation,Vioorbisyn,"Shop No. Pvt 2, 3, 4, Kh No.861, Village Burari, Delhi, North West Delhi, Delhi","DOOR NO 208 SHOP NO. PVT 2, DELHI, NORTH WEST DELHI, दिल्ली",india
S1-759741435,S2-86564648,address_token|address_token|address_token|address_token,name_token:8324|address_token:52464|name_prefix:20198|address_token:19490|address_token:16231|name_token:22094,0,0,0,0.0,0.583,0,Great Software Private Limited,ഗ്രേറ്റ് സോഫ്റ്റ്‌വെയർ പ്രൈവറ്റ് ലിമിറ്റഡ്,"335 C, M H Arcade, Thanneerpanthal, Vadakara, Kozhikode, Kerala","00335 C, M H ARCADE, THANNEERPANTHAL, CALICUT REGION, KOZHIKODE, Kerala",india
S1-602892492,S3-263518705,address_city|address_house|address_token|address_token|address_token|address_token|name_prefix|name_token|name_token,address_token:88699|address_token:534840|address_city:139489|name_token:163685|name_prefix:22254|name_token:31661|address_token:372030|address_token:11569|address_house:132166,1,1,1,0.5,0.889,0,Services Godbless Consultancy Private Limited,Private Services Giddbins Consultancy Limited,"A-1/7 Vasant Vihar, New Delhi, South Delhi, Delhi","A-1/7 Vasant Vihar, New Delhi, South Delhi, DL",india
S1-219719194,S3-44885017,address_city|address_number|address_token|address_token|name_token|name_token,name_token:9751|address_city:112315|address_token:24762|address_token:84918|name_prefix:10394|address_number:6025|address_token:343014|name_token:163685|address_token:372030,0,0,0,0.667,0.267,0,Dream Services Private Limited,Sri Dream Services Private [Limited],"S. No. 308, Shop No. 2, Khasapuri Chowk, Kalyansagar Shala Road, Paranda, Paranda, Osmanabad, Maharashtra","MH, No. 702 S. No. 308, Paranda",india
S1-219719194,S3-347511847,address_city|address_number|address_token|address_token|name_token|name_token,name_token:9751|address_city:112315|address_token:24762|address_token:84918|name_prefix:10394|address_number:6025|address_token:343014|name_token:163685|address_token:372030,0,0,0,0.667,0.267,0,Dream Services Private Limited,Pfrvnate Dream Services Limited,"S. No. 308, Shop No. 2, Khasapuri Chowk, Kalyansagar Shala Road, Paranda, Paranda, Osmanabad, Maharashtra","702 S. No. 308, Osmanabad, MH",india
S1-296677093,S3-175366653,address_city|address_number|address_token|address_token|name_prefix|name_token|name_token,address_number:10996|address_token:534840|name_token:35145|address_token:13694|name_token:34269|address_token:8406|address_city:139489|name_prefix:17298|address_token:37137|address_token:372030,1,1,1,0.667,0.364,0,Delhi (global) Private Limited,Delhi (Global) Limited Partners,"919-A-89, Hemkunt Chamber Nehru Place, Delhi, South Delhi, Delhi","19-A-89, South Delhi, DL",india
S1-597983880,S3-207454346,address_house|address_token|address_token|address_token,address_token:360514|address_house:54396|address_token:6230|name_token:25057|address_token:84918|address_number:9876|address_token:234608|name_token:8607|name_prefix:6794|address_token:43654|address_token:343014,0,0,0,0.0,0.278,0,Lotus Products Pvt Ltd,लोटस प्रोडक्ट्स प्रा. लि.,"Mumbai City, Shop No. 7, Mumbai, Druvas Communication 403 Abdulla C, Halav Pool, Hall Ward, Ku, Rla, Maharashtra","Shop No. 7, Mumbai, Mumbai City, MH",india
S1-407760885,S2-879747468,address_house|address_number|address_token|address_token,name_token:8446|address_token:584256|address_token:26214|name_token:33039|name_prefix:28087|address_number:6650|address_token:82977|address_token:13143,0,0,0,0.0,0.444,0,Shivam Consultants Private Limited,ਸ਼ਿਵਮ ਕੰਸਲਟੈਂਟਸ ਪ੍ਰਾਈਵੇਟ ਲਿਮਟਿਡ,"Sco 124, Third Floor, New Pizzare Building, Amritsar, Punjab","SCO 124, AMRITSAR, Punjab",india
S1-407760885,S3-267462473,address_house|address_number|address_token,name_token:8446|address_token:584256|address_token:26214|name_token:33039|name_prefix:28087|address_number:6650|address_token:82977|address_token:13143,0,0,0,0.0,0.273,0,Shivam Consultants Private Limited,Quokorflux,"Sco 124, Third Floor, New Pizzare Building, Amritsar, Punjab","Sco 124, null, Amritsar, PB",india
S1-407760885,S3-614001622,address_house|address_number|address_token,name_token:8446|address_token:584256|address_token:26214|name_token:33039|name_prefix:28087|address_number:6650|address_token:82977|address_token:13143,0,0,0,0.0,0.273,0,Shivam Consultants Private Limited,ਸ਼ਿਵਮ ਕੰਸਲਟੈਂਟਸ ਪ੍ਰਾਈਵੇਟ ਲਿਮਟਿਡ,"Sco 124, Third Floor, New Pizzare Building, Amritsar, Punjab","Sco 124, null, Amritsar, PB",india
S1-407760885,S3-580599699,address_house|address_number|address_token,name_token:8446|address_token:584256|address_token:26214|name_token:33039|name_prefix:28087|address_number:6650|address_token:82977|address_token:13143,0,0,0,0.0,0.231,0,Shivam Consultants Private Limited,ਸ਼ਿਵਮ ਕੰਸਲਟੈਂਟਸ ਪ੍ਰਾਈਵੇਟ ਲਿਮਟਿਡ,"Sco 124, Third Floor, New Pizzare Building, Amritsar, Punjab","Sco 124, null, Amritsar, ਪੰਜਾਬ",india
S1-841701180,S3-903480493,address_house|address_number|address_token|address_token,address_token:113422|address_house:80971|address_token:124809|address_token:6432|name_token:28619|name_prefix:11198|address_token:113365|name_token:9575,0,0,0,0.0,0.333,0,Chennai Agro Private Limited,Wexkelo,"No.3/162, Thamarai Street, Sathyanarayanapuram Moulivakkam, Chennai, Kancheepuram, Tamil Nadu","#3/162, Chennai, Kancheepuram, TN",india
S1-972258071,S3-143742784,name_prefix|name_token|name_token,address_token:6450|name_token:9831|address_token:17027|address_token:554778|address_token:136558|name_token:53012|address_number:7054|address_token:258312|name_prefix:18652|address_token:20529,1,1,1,0.667,0.0,0,Prime Technologies Limited,PRIME TECHNOLOGIES LIMITED Enterprises,"150/7, Dwarika Puri, Adarsh Ngr, Tiwaripur, Jajmau, Kanpur Nagar, Uttar Pradesh",,india
S1-863970098,S2-135811809,address_house|address_token|address_token|address_token,name_prefix:12090|address_token:22225|address_token:139352|address_token:29217|name_token:10426|address_house:62816|name_token:18090|address_token:343014,0,0,0,0.0,0.5,0,Ram Impex Private Limited,राम इम्पेक्स प्राइवेट लिमिटेड,"Row House No 6, Shivnandan Row House, Behind Krushnakunj, Deolali Gaon, Nashik, Maharashtra","ROW HOUSE NO 6, NASHIK, NASIK, Maharashtra",india
S1-771063144,S2-946955027,address_house|address_token|address_token|address_token,name_prefix:11555|name_token:22088|address_token:88699|address_token:341972|address_token:84918|address_house:71183|address_number:47600|name_token:8856|address_token:343014,0,0,0,0.0,0.417,0,Premier Construction Private Limited,प्रीमियर कंस्ट्रक्शन प्राइवेट लिमिटेड,"Shop No 4, Plot 23, At Po Suman Vihar, Akot, Akola, Maharashtra","AKOLA, AKOT, NO 4, Maharashtra",india
S1-953983633,S3-832086306,address_token|address_token,address_token:10168|address_token:258312|name_token:10566|address_token:13527|address_token:7026|name_token:17534|address_token:372030|name_prefix:8911|address_token:83329|address_token:50340|address_house:132166,0,0,0,0.0,0.1,0,Royal Food Private Limited,రాయల్ ఫుడ్ ప్రైవేట్ లిమిటెడ్,"S-1, Samrat Enclave, Century Club Road, Maharani Peta, Visakhapatnam, Vishakhapatnam, Andhra Pradesh","S-01, Krishna, Vishakhapatnam, ఆంధ్రప్రదేశ్",india
S1-953983633,S3-579686774,address_token|address_token,address_token:10168|address_token:258312|name_token:10566|address_token:13527|address_token:7026|name_token:17534|address_token:372030|name_prefix:8911|address_token:83329|address_token:50340|address_house:132166,0,0,0,0.0,0.125,0,Royal Food Private Limited,రాయల్ ఫుడ్ ప్రైవేట్ లిమిటెడ్,"S-1, Samrat Enclave, Century Club Road, Maharani Peta, Visakhapatnam, Vishakhapatnam, Andhra Pradesh","S-01, Krishna, Vishakhapatnam, AP",india
S1-770708326,S3-635228680,address_token|name_token|name_token,address_number:22860|address_token:28941|address_token:202085|name_token:39954|address_token:126959|address_token:240821|address_token:79275,0,0,0,0.667,0.083,0,Virtual Foundation Private Limited,Sri Virtual Foundation Limited Private,"Karnataka, Bangalore, A102, Koramangala, Raheja Residency, 3Rd Block, 7Th Cross","A0102, Bangalore, KA",india
S1-363147436,S3-205275209,address_house|address_number|address_number|address_token,address_token:82090|address_house:13145|address_token:174880|address_token:341972|address_number:25743|name_token:18090|name_token:8845|address_token:167047|name_prefix:6880|address_number:11479,0,0,0,0.0,0.263,0,Bombay Impex Pvt Ltd,బాంబే ఇంపెక్స్ ప్రైవేట్ లిమిటెడ్,"Telangana, Hyderabad, 37 91/6/1, Hyderabad, 1Stfloor, Plot No.8, Babujagajivanram Road Sbi Defence Colony, Saptagiri Colony, Sain, Ikpuri","37 91/6/1, Hyderabad, TG",india
S1-587046700,S3-540782439,address_token|name_prefix|name_token,address_token:6032|address_token:9584|name_prefix:11333|name_token:22563|address_token:343014|name_token:11290,1,0,0,0.333,0.1,0,Star Infrastructure Limited,Star Limited  Partners,"Shriniwas, Shivaji Housingsociety Opp. Sugar Factory, Sangli, Maharashtra","Shiniwas, Sangli, MH",india
S1-468190362,S2-810973056,address_number|address_token|address_token|address_token|address_token|address_token|address_token,name_prefix:7956|address_token:5536|name_token:9189|name_token:17215|address_token:73068|name_token:9083|address_token:58691|address_token:48680|address_token:72724,0,0,0,0.0,0.9,0,High Seven Estate Pvt Ltd,हाई सेवन एस्टेट प्रा. लि.,"G-145, Industrial Area Phase-Ii, Neemrana, Alwar, Rajasthan","#971 G-145, INDUSTRIAL AREA PHASE-II, NEEMRANA, ALWAR, Rajasthan",india
S1-147170161,S2-921456188,name_prefix|name_token|name_token,address_token:240821|address_token:43863|address_token:126959|address_token:24949|address_token:554778|address_token:79275|address_token:234608|name_token:26479,1,1,1,0.667,0.0,0,EHG Producer Private Limited,EHG PRODUCER PTRIRBTAE LIMITED,"229, Akshaya Plaza, 2Nd Cross, Nxt To Vijaya Bank, Neeladri Nagar, Electronic City, Bangalore, Karnataka",,india
S1-568707825,S3-154860950,address_house|address_number|address_token|name_prefix|name_token|name_token,name_token:22412|address_token:171133|address_city:112315|name_token:13009|address_number:11259|address_token:52464|address_token:37552|name_prefix:7731|address_house:6727,1,1,1,1.0,0.231,0,Hotel Consulting Private Limited,Hotel Consulting Consulting Private (Limited),"Sreebhadra, Sui Summit, Erg Road, Flat No 304, Ernakulam, Kerala","Flta No C-304, Ernakulam, KL",india
S1-87505047,S2-736468170,address_number|address_number|address_token|address_token|address_token|address_token|name_prefix|name_token|name_token,address_number:16131|address_token:554778|address_number:8767|name_prefix:11125|address_token:44513|address_token:173038|address_token:53898|name_token:22563|address_token:258312|address_token:136558|address_token:40324,1,1,1,0.5,0.583,0,Infrastructure Farms Laboratories Ltd,INFRASTRUCTURE FASM LABORATORIES LTD,"B-113 Sector-02, Noida, Gautam Buddha Nagar, Uttar Pradesh","NO. 56 B-113 SECTOR-02, NOIDA, Uttar Pradesh",india
S1-482402023,S2-454840643,address_house|address_number|address_token|address_token|address_token,address_city:55154|address_token:171133|address_token:14342|address_token:245093|name_token:34269|name_token:27880|address_token:360514|name_prefix:13224|address_token:24934|address_token:69657|address_house:10067|address_token:343014|address_number:17919,0,0,0,0.0,0.211,0,Global Foods Private Limited,ग्लोबल फूड्स प्राइवेट लिमिटेड,"Flat No. 202, B, Mansarovar Apartments Gen. A.K. Vaidya Marg, Malad East, Mumbai, Maharashtra","MUMBAI, 202, MALAD EAST, महाराष्ट्र",india
S1-224970570,S3-316117125,name_token|name_token,address_number:27726|name_token:33039|address_token:24185|address_token:50340|address_number:6949|address_token:18323|address_token:66761|name_prefix:9183|name_token:9757,0,0,0,0.667,0.0,0,Creative Consultants Pvt Ltd,Smt Creative Ltd Pvt Consultants,"H.No-121Gf, Backside Sec34, Ashoka Enclave, Part-1, Faridabad, Haryana",,india
S1-847628546,S2-781614309,address_token|address_token|address_token|address_token,address_token:52464|name_token:39954|address_token:221790|name_token:9307|name_prefix:17597,0,0,0,0.0,0.25,0,Surya Foundation Private Limited,സൂര്യ ഫൗണ്ടേഷൻ പ്രൈവറ്റ് ലിമിറ്റഡ്,"Door No.Cgp-Xiii/360B, Aliz Bellare, Podippallam, Kasaragod, Kasargod, Kerala","DOOR N.OCGP-XIII/0360B, CALICUT REGION, KASARGOD, Kerala",india
S1-304192277,S3-420456140,address_city|address_house|address_number|address_token|address_token|address_token|address_token|address_token,address_token:534840|name_token:20956|address_token:228724|name_prefix:7358|name_token:8628|name_token:8772|address_token:139352|address_city:59596|address_token:10040|address_token:356701,0,0,0,0.0,0.818,0,Black Eastern Healthcare Private Limited,ब्लैक ईस्टर्न हेल्थकेयर प्राइवेट लिमिटेड,"House No 144 Blk-Hp Pitampura, Delhi, North West, Delhi","House No 144 Blk-hp Pitampura, Delhi, North West, दिल्ली",india
S1-521056653,S3-444577545,name_prefix|name_token|name_token,name_token:22412|address_token:22225|name_prefix:16989|address_token:343014,1,1,1,0.5,0.0,0,Consulting Atharva Inter LLP,Consulting Asstra Inter LLP,"Gat No.152, Purangaon, Yeola, Nashik, Maharashtra",,india
S1-950800724,S3-286212938,name_prefix|name_token,address_token:113422|name_token:9186|address_token:8860|name_prefix:19101|address_token:5582|name_token:53012|address_token:113365,1,1,1,0.333,0.0,0,Shakti Technologies LLP,Shakti Tchnologies [LLP],"142Mettur Road Erode, Erode, Madurai, Tamil Nadu",,india
S1-837107484,S3-377521717,name_prefix|name_token,address_token:40417|name_prefix:8871|address_token:554778|name_token:13840|address_token:258312|address_token:36817|address_house:95139,1,0,0,0.25,0.0,0,Real & Co,real.com Trading,"Ah-2, Pandit Din Dayal Upadhaya Nagar, Sukhliya, Indore, Madhya Pradesh",,india
S1-285235026,S3-310673978,address_token|name_token,address_token:6607|address_house:10176|address_number:21300|address_token:58691|address_token:48680|name_token:8709|name_prefix:11571|address_token:71965|address_token:72724,0,0,0,0.25,0.2,0,Bright Furniture Private Limited,Dr Bright Fosrncifture  Private Limited,"F-49, Malviya Industrial Area, Jaipur, Rajasthan","F-4-9, Jaipur, RJ",india
S1-242417896,S2-76480614,address_house|address_token|address_token,address_token:245093|name_token:9573|address_city:59596|address_token:356701|name_prefix:15985|name_token:23924|address_token:5034|address_house:67232|address_token:96183|address_token:10888|address_token:5965|address_token:343014,0,0,0,0.0,0.19,0,Bharat Systems Private Limited,भारत सिस्टम्स प्राइवेट लिमिटेड,"Maharashtra, G-5, Thane, Ratnamani Soc., Dada Patil Wadi Opp. Railway Platform No.-1, Naupada Than, E (W)","G-5, NULL, GREATER MUMBAI, THANE, Maharashtra",india
S1-242417896,S2-287981303,address_house|address_token|address_token,address_token:245093|name_token:9573|address_city:59596|address_token:356701|name_prefix:15985|name_token:23924|address_token:5034|address_house:67232|address_token:96183|address_token:10888|address_token:5965|address_token:343014,0,0,0,0.0,0.19,0,Bharat Systems Private Limited,भारत सिस्टम्स प्राइवेट लिमिटेड,"Maharashtra, G-5, Thane, Ratnamani Soc., Dada Patil Wadi Opp. Railway Platform No.-1, Naupada Than, E (W)","G-5, NULL, GREATER MUMBAI, THANE, Maharashtra",india
S1-672855751,S2-645220331,address_token|address_token|address_token|address_token|address_token|address_token,address_token:32701|name_prefix:10604|address_token:28941|address_token:17847|address_token:584256|address_token:83329|address_token:258312|name_token:81699|address_token:554778|address_token:9502|address_token:93496|name_token:8996,0,0,0,0.0,0.5,0,Anand Enterprises Private Limited,ఆనంద్ ఎంటర్‌ప్రైజెస్ ప్రైవేట్ లిమిటెడ్,"Ground Floor, Latha Residency Ashok Nagar Bus Stop, Vijayawada, Krishna, Andhra Pradesh","GROUND FLOOR, VIJAYAWADA, KRISHNA, Andhra Pradesh",india
S1-672855751,S3-450049460,address_token|address_token|address_token|address_token|address_token|address_token|address_token|address_token,address_token:32701|name_prefix:10604|address_token:28941|address_token:17847|address_token:584256|address_token:83329|address_token:258312|name_token:81699|address_token:554778|address_token:9502|address_token:93496|name_token:8996,0,0,0,0.0,0.643,0,Anand Enterprises Private Limited,ఆనంద్ ఎంటర్‌ప్రైజెస్ ప్రైవేట్ లిమిటెడ్,"Ground Floor, Latha Residency Ashok Nagar Bus Stop, Vijayawada, Krishna, Andhra Pradesh","Gruond Floor, Latha Residency Ashok Nagar Bus Stop, Vijayawada, Krishna, AP",india
S1-672855751,S2-907072156,address_token|address_token|address_token|address_token|address_token|address_token|name_prefix|name_token,address_token:32701|name_prefix:10604|address_token:28941|address_token:17847|address_token:584256|address_token:83329|address_token:258312|name_token:81699|address_token:554778|address_token:9502|address_token:93496|name_token:8996,1,1,1,0.333,0.5,0,Anand Enterprises Private Limited,PRIVATE ANAND ENTERDDPRISMES LIMITED,"Ground Floor, Latha Residency Ashok Nagar Bus Stop, Vijayawada, Krishna, Andhra Pradesh","GROUND FLOOR, VIJAYAWADA, KRISHNA, Andhra Pradesh",india
S1-617188325,S3-903329750,address_house|address_number|address_token|address_token,address_number:36522|address_token:13148|address_token:26214|address_token:18970|name_prefix:16219|address_token:234608|name_token:12593|name_token:19415|address_house:17296,0,0,0,0.0,0.455,0,East It Private Limited,ਈਸਟ ਆਈਟੀ ਪ੍ਰਾਈਵੇਟ ਲਿਮਟਿਡ,"Sco No.26., Mohali City Square, Rajpura, Mohali, Punjab","Rajpura, Sco No.26., Mohali, ਪੰਜਾਬ",india
S1-617188325,S2-393578905,address_house|address_number|address_token|address_token|address_token,address_number:36522|address_token:13148|address_token:26214|address_token:18970|name_prefix:16219|address_token:234608|name_token:12593|name_token:19415|address_house:17296,0,0,0,0.0,0.75,0,East It Private Limited,ਈਸਟ ਆਈਟੀ ਪ੍ਰਾਈਵੇਟ ਲਿਮਟਿਡ,"Sco No.26., Mohali City Square, Rajpura, Mohali, Punjab","SCO NO.26., RAJPURA, MOHALI, Punjab",india
S1-161374362,S2-880568966,address_house|address_number|address_token|address_token|address_token|address_token,address_token:113422|address_number:18175|name_token:39807|address_token:11774|name_token:9215|address_token:554778|address_token:114722|name_prefix:6801|address_token:113365,0,0,0,0.0,0.5,0,My International Private Limited,மை இன்டர்நேஷனல் பிரைவேட் லிமிடெட்,"Kanchipuram, Saidapet, Royala Nagar Main Road, Ramapuram, No 53B, Tamil Nadu","DOOR NO 53B, SAIDAPET, KANCHIPURAM, Tamil Nadu",india
S1-870444217,S3-844361950,name_token|name_token,address_house:15617|address_number:30746|address_token:153726|address_token:584256|address_token:80020|name_token:21546|address_token:38607|address_token:102880|name_token:8929|name_prefix:7296|address_token:356701,0,0,0,0.5,0.0,0,Dynamic Constructions Private Limited,M/s Dynamic Constructions Private,"32, Ezra Street, Room No. 912-B, 9Th Floor, Kolkata, Howrah, West Bengal",,india
S1-158422513,S2-475085348,address_token|address_token|address_token,name_prefix:9941|address_house:6100|address_number:11485|address_token:136558|name_token:8960|address_token:258312|address_token:42051|address_token:372030|name_token:26479,0,0,0,0.0,0.444,0,All Producer,ऑल प्रोड्यूसर,"B-88, S-2 Kaushambi, Ghaziabad, Uttar Pradesh","B-89, GHAZIABAD, Uttar Pradesh",india
S1-432251222,S2-836482107,address_number|address_number|address_token|address_token|address_token|name_prefix|name_token,address_number:50465|address_city:112315|address_number:20115|address_token:82090|address_token:584256|name_prefix:9941|address_token:6977|address_house:14874|name_token:8960|address_number:29572|address_token:167047|address_token:18970|address_number:27164|address_number:61990|address_token:372030,1,0,0,0.333,0.471,0,All Housecon Private Limited,>> All Herusebcon Private Limited,"Serilingampally, Hyderabad, 33 To 36, S No. 54, 4Th Floor, Sahiti Sudha Square, P.No 17 To 22, Telangana","P.NO #17 TO 22, HYDERABAD, SERILINGAMPALLY, Telangana",india
S1-80788357,S3-214422570,address_number|address_token,address_city:40275|address_token:584256|address_token:240821|address_token:126959|address_token:22326|address_house:11044,0,0,0,0.0,0.167,0,UU Solar Pvt Ltd,usolar.com,"3Rd Floor, Brigade Towers Brigade Road, Bangalore, Karnataka, Ashoknagar, 312","312, Bangalore, ಕರ್ನಾಟಕ",india
S1-627228881,S2-146425310,name_prefix|name_token|name_token,address_token:126959|address_house:13989|name_token:11883|name_token:28619|name_prefix:8665|address_token:20103|address_city:25598|address_number:27726|address_token:43654|address_token:356701,1,1,0,0.667,0.0,0,Om Agro Private Limited,Om Agro Pndtve Limited,"Latha B T, W/O Girish Belaku, Ward No 34, Dyavamma Extension, Channapattana, Hassan, Karnataka",,india
S1-759269980,S3-200043468,address_number|address_token,address_number:100244|address_token:28479|address_token:534840|address_token:584256|name_prefix:9642|address_token:50340|name_token:9659|name_token:31661|address_house:95139,0,0,0,0.0,0.385,0,Jay Consultancy Private Limited,जय कंसल्टेंसी प्राइवेट लिमिटेड,"A-2/11, Second Floor, Safdarjung Enclave, New Delhi, New Delhi, Delhi","H.no 123 A-2/11, New Delhi, DL",india
S1-759269980,S3-963307643,address_number|address_token,address_number:100244|address_token:28479|address_token:534840|address_token:584256|name_prefix:9642|address_token:50340|name_token:9659|name_token:31661|address_house:95139,0,0,0,0.0,0.455,0,Jay Consultancy Private Limited,जय कंसल्टेंसी प्राइवेट लिमिटेड,"A-2/11, Second Floor, Safdarjung Enclave, New Delhi, New Delhi, Delhi","123 A-2/11, New Delhi, DL",india
S1-759269980,S2-871412989,address_house|address_token,address_number:100244|address_token:28479|address_token:534840|address_token:584256|name_prefix:9642|address_token:50340|name_token:9659|name_token:31661|address_house:95139,0,0,0,0.0,0.4,0,Jay Consultancy Private Limited,जय कंसल्टेंसी प्राइवेट लिमिटेड,"A-2/11, Second Floor, Safdarjung Enclave, New Delhi, New Delhi, Delhi","A-2/1, NEW DELHI, DELHI",india
S1-398928953,S3-890198349,address_house|address_number|address_token|name_prefix|name_token|name_token,address_house:13083|name_token:10914|address_number:24988|address_token:245093|address_token:584256|address_token:534840|name_token:9482|address_token:15683|address_token:39351|address_token:13143|name_prefix:13481|name_token:22094,1,1,1,0.5,0.25,0,Aditya Golden Software Private Limited,Aditya G0lden Software Private Limited,"H-39, Third Floor, Gali No.5 Amritpuri B Garhi, East Of Kailash, New Delhi, Delhi","H-39., New Delhi, DL",india
S1-398928953,S2-157310054,address_house|address_number|address_token|address_token|address_token|address_token|address_token|address_token,address_house:13083|name_token:10914|address_number:24988|address_token:245093|address_token:584256|address_token:534840|name_token:9482|address_token:15683|address_token:39351|address_token:13143|name_prefix:13481|name_token:22094,0,0,0,0.0,0.8,0,Aditya Golden Software Private Limited,आदित्य गोल्डन सॉफ्टवेयर प्राइवेट लिमिटेड,"H-39, Third Floor, Gali No.5 Amritpuri B Garhi, East Of Kailash, New Delhi, Delhi","H-39, THIRD FLOOR, GALI NO.5 AMRITPURI B GARHI, DELHI, NEW DELHI, Delhi",india
S1-398928953,S2-97583415,address_house|address_number|address_token|address_token|address_token|address_token|address_token|address_token,address_house:13083|name_token:10914|address_number:24988|address_token:245093|address_token:584256|address_token:534840|name_token:9482|address_token:15683|address_token:39351|address_token:13143|name_prefix:13481|name_token:22094,0,0,0,0.0,0.8,0,Aditya Golden Software Private Limited,आदित्य गोल्डन सॉफ्टवेयर प्राइवेट लिमिटेड,"H-39, Third Floor, Gali No.5 Amritpuri B Garhi, East Of Kailash, New Delhi, Delhi","H-39, THIRD FLOOR, GALI NO.5 AMRITPURI B GARHI, DELHI, NEW DELHI, Delhi",india
S1-742886636,S2-580469520,address_house|address_number|address_token|address_token,name_prefix:10604|name_token:23331|address_token:554778|address_house:10416|address_token:103662|address_number:20833|name_token:8996,0,0,0,0.0,0.308,0,Anand Projects Private Limited,આણંદ પ્રોજેક્ટ્સ પ્રાઇવેટ લિમિટેડ,"47/1, Sohamnagar, Near Gokul Nagar, Kalavad, Jamnagar, Gujarat","A-47/1, KALAVAD, JAMNAGAR, ગુજરાત",india
S1-88883561,S3-445323580,address_token|address_token,address_token:62994|name_token:71098|address_house:24466|address_token:66761|name_token:18671|address_number:64306|name_token:8686|address_token:173038|name_prefix:7000|address_token:81689|address_token:37137,0,0,0,0.0,0.2,0,Shyam Public School,Sri @shyampublic,"Pl Tower, Sikander Pur, Sector 24, Gurgaon, Gurgaon, Haryana","Pl Twer, Gurgaon, HR",india
S1-622158475,S3-747458158,address_house|address_number|address_token|address_token,address_token:17866|address_token:28941|address_token:7074|address_token:40417|name_token:10157|address_house:13145|address_number:25743|address_token:258312|name_token:24839|name_prefix:8003,0,0,0,0.0,0.25,0,Smart Finance Private Limited,स्मार्ट फाइनेंस प्राइवेट लिमिटेड,"B-37, New Minal Residency, Jk Road, Huzur, Bhopal, Madhya Pradesh","B-37, Huzur, Bhopal, मध्य प्रदेश",india
S1-39133713,S2-149563872,address_number|address_token,address_token:245093|name_prefix:8871|address_city:16702|address_token:102880|address_number:8767|name_token:28619|address_token:356701|name_token:13840,0,0,0,0.0,0.118,0,Real Agro Private Limited,রিয়েল অ্যাগ্রো প্রাইভেট লিমিটেড,"113, G. T. Road (East) Rambandhu Talab, Asansol, West Bengal","BARDDHAMAN, পশ্চিমবঙ্গ, PLOT 36  113, ASANSOL",india
S1-988222834,S3-476836604,address_token|name_prefix,address_token:113422|address_token:7571|address_number:6631|address_number:15160|address_token:113365,1,0,0,0.0,0.176,0,Rudra Beverages Pvt Ltd,rudrabeverages.com,"D.No.126, Sf.No.70/2A, P.H.Road, Velappanchavadi, Poonamallee, Tiruvallur, Tamil Nadu","D.no.0126, Chennai, Poonamallee, TN",india
S1-670242143,S2-758399558,name_prefix|name_token,address_house:12494|address_token:534840|address_number:22860|name_token:29427|name_prefix:5156|address_token:554778|address_city:139489|address_token:356701,1,1,0,0.333,0.0,0,Satya Care Pvt Ltd,SATYA PVT LTD  SERVICES,"F-102, Bali Nagar, New Delhi, West Delhi, Delhi",,india
S1-496349095,S2-674750659,address_house|address_token|address_token|address_token|address_token,address_number:6632|address_token:584256|name_prefix:8871|address_token:58519|address_token:12627|name_token:13840|address_token:258312|address_token:171133|address_token:136558|name_token:82701|address_city:5598|address_house:132166,0,0,0,0.0,0.429,0,Real Industries,रियल इंडस्ट्रीज,"Flat No.1, 2Nd Floor, 128, Maruti Puram, Faizabad Road, Lucknow, Uttar Pradesh","FLAT NO.G-1, LUCKNOW, Uttar Pradesh",india
S1-496349095,S2-472202353,address_house|address_token|address_token|address_token,address_number:6632|address_token:584256|name_prefix:8871|address_token:58519|address_token:12627|name_token:13840|address_token:258312|address_token:171133|address_token:136558|name_token:82701|address_city:5598|address_house:132166,0,0,0,0.0,0.286,0,Real Industries,रियल इंडस्ट्रीज,"Flat No.1, 2Nd Floor, 128, Maruti Puram, Faizabad Road, Lucknow, Uttar Pradesh","G-1, LUCKNOW, Uttar Pradesh",india
S1-754576367,S2-830049094,address_house|address_number|address_token,address_token:584256|name_token:22466|address_house:6134|address_token:240821|address_token:126959|address_number:11189|name_token:17044|name_prefix:8499|address_token:34219,0,0,0,0.0,0.286,0,City Energy Private Limited,ಸಿಟಿ ಎನರ್ಜಿ ಪ್ರೈವೇಟ್ ಲಿಮಿಟೆಡ್,"No.108/7, 1St Floor, Near Jakkur Govt School, Jakkur, Bangalore, Karnataka","NO 108/7, BANGALORE, ಕರ್ನಾಟಕ",india
S1-55255404,S2-930343705,address_number|address_token|address_token|name_token,address_number:20787|address_token:584256|address_token:83756|name_token:53012|address_token:171715|address_token:343014|address_house:12071,0,0,0,0.25,0.267,0,Blissful Technologies Private Limited,B1issful Technologies Prvifaet Limited Limited,"Office No.201, 2Nd Floor, Yerwada, Pune, Maharashtra","H.NO 771 OFFICE NO.201, PUNE, POONA, महाराष्ट्र",india
S1-43563933,S3-654415089,address_house|address_number|address_token|address_token,address_house:12494|address_token:10440|name_prefix:20198|address_token:360514|address_number:22860|address_number:16131|address_token:43480|address_token:24949|address_token:48809|address_token:341972|address_token:5745|address_token:234608|name_token:18301|name_token:16358|address_token:343014|address_token:356701,0,0,0,0.0,0.176,0,Green Infotech,ग्रीन इंफोटेक,"102, Abhilasha Apartment, Plot No.02, Above Icici Bank, Punjabi Lane, Borivali, West, Mumbai, Mumbai City, Maharashtra","##102, Mumbai City, MH",india
S1-43563933,S3-761709044,address_house|address_number|address_token|address_token|name_token,address_house:12494|address_token:10440|name_prefix:20198|address_token:360514|address_number:22860|address_number:16131|address_token:43480|address_token:24949|address_token:48809|address_token:341972|address_token:5745|address_token:234608|name_token:18301|name_token:16358|address_token:343014|address_token:356701,0,0,0,0.2,0.143,0,Green Infotech,ग्रीन Infotech,"102, Abhilasha Apartment, Plot No.02, Above Icici Bank, Punjabi Lane, Borivali, West, Mumbai, Mumbai City, Maharashtra","##102, Mumbai City, Bombay, महाराष्ट्र",india
S1-43563933,S3-38880979,address_house|address_number|address_token|address_token|name_prefix|name_token,address_house:12494|address_token:10440|name_prefix:20198|address_token:360514|address_number:22860|address_number:16131|address_token:43480|address_token:24949|address_token:48809|address_token:341972|address_token:5745|address_token:234608|name_token:18301|name_token:16358|address_token:343014|address_token:356701,1,1,0,0.333,0.167,0,Green Infotech,Green Center,"102, Abhilasha Apartment, Plot No.02, Above Icici Bank, Punjabi Lane, Borivali, West, Mumbai, Mumbai City, Maharashtra","##102, MH, Mumbai City, Bombay",india
S1-236384340,S2-45888845,address_house|address_number|address_token|address_token,address_token:360514|address_token:41417|address_token:343014|name_prefix:12937|name_token:31661|address_number:11199|address_token:42703|name_token:8867,0,0,0,0.0,0.333,0,Hari Consultancy,हरि कंसल्टेंसी,"531, Unit 501, B Wing, Supremebusinesspark Powai, Mumbai, Maharashtra","531, MUMBAI, Maharashtra",india
S1-447961554,S2-501342614,name_prefix|name_token,address_token:113422|name_token:18834|name_token:9312|address_token:113365|name_prefix:6411,1,0,0,0.333,0.0,0,Ss Power Pvt Ltd,Ss Pwoaer Pvt-Ltd,"No 393/2, Krishnagiri, Tamil Nadu, Dodda Belur, Denkanikotta, Dharmapuri",,india
S1-594680355,S3-655726205,address_house|address_number|address_token|address_token|address_token,name_token:9074|name_token:20956|address_number:47886|address_number:20115|address_number:18589|address_token:360514|name_token:9307|address_token:584256|name_prefix:17597|address_token:48809|address_token:341972|address_token:82977|address_house:22041|address_token:38607|address_token:343014,0,0,0,0.0,0.273,0,Surya Apex Healthcare Private Limited,सूर्या एपेक्स हेल्थकेयर प्राइवेट लिमिटेड,"Room No. 21 Floor-1, Plot-54/56 Shamji Vrindavan Building, P H Purohit Lane Cavel 1St X Lane Ramwadi, Mumbai, Maharashtra","Room No. 21 Floor-1, Mumbai, MH",india
S1-585449432,S2-629784363,address_city|address_house|address_number|address_token|address_token|address_token|name_token,address_city:40275|name_prefix:81819|address_token:240821|address_token:126959|address_house:24859|address_number:81035|address_number:58224|address_token:8820|address_token:79275|name_token:25836|address_token:114722|name_token:70701,0,0,0,0.25,0.455,0,Shree Trading Limited,ಶ್ರೀ Trading Limited,"No 18, 14Th Cross, I Main Gangondahalli, Mysore Road, Bangalore, Karnataka","18, MYSORE ROAD, BANGALORE, Karnataka",india
S1-975657755,S2-138117459,address_house|address_number|address_token|address_token|address_token|address_token|address_token|address_token|name_token,address_token:258312|address_token:554778|address_token:24934|name_token:8612|address_token:44513|address_house:7303|address_number:10798|address_number:13643|address_token:173038|address_token:53898|address_token:136558|address_token:40324,0,0,0,0.333,0.667,0,Aglow College,Ag1ow College,"72-C, Expressway Apartments, Sector-93, Noida, Gautam Buddha Nagar, Uttar Pradesh","72-C, GAUTAM BUDDHA NAGAR, NOIDA, Uttar Pradesh",india
S1-498794398,S3-157333872,address_city|address_number|address_number|address_token|address_token|address_token,address_city:112315|address_number:47886|address_token:62994|name_token:9312|address_token:17027|address_token:139352|address_token:66761|name_token:163685|name_prefix:6411,0,0,0,0.0,0.5,0,Ss Services Pvt Ltd,एसएस सर्विसेज प्रा. लि.,"House No. 595/21, Street No.9, Madan Puri, Gurgaon, Haryana","Plot B3/542 Hose No. 595/21, Street No.9, Madan Puri, Gurgaon, Gurugram, HR",india
S1-979980592,S2-729715458,name_prefix|name_token,name_prefix:15064|address_token:83329|address_token:258312|name_token:11198|name_token:82701|address_house:95139,1,1,1,0.167,0.0,0,Krishna Industries Private Limited,Krishna Private Limited Partners | (www.krishnapr.com),"2/291, Chundurivari Street, Ramachandrapuram, Nellore, Andhra Pradesh",,india
S1-261430794,S2-982686217,address_house|address_number|address_token|address_token,address_token:5377|address_token:245093|name_prefix:8126|address_house:10103|address_number:18802|address_token:360514|name_token:22221|address_token:343014|address_token:8757|address_token:5618|name_token:13316|address_token:39568,0,0,0,0.0,0.214,0,North Builders Private Limited,नॉर्थ बिल्डर्स प्राइवेट लिमिटेड,"52, Venus Apts, A Soares Road, Near Diamond Garden, Chembur East, Mumbai, Maharashtra","52, MUMBAI SUBURBAN, MUMBAI, Maharashtra",india
S1-261430794,S3-588784571,address_house|address_number|address_token|name_prefix|name_token|name_token,address_token:5377|address_token:245093|name_prefix:8126|address_house:10103|address_number:18802|address_token:360514|name_token:22221|address_token:343014|address_token:8757|address_token:5618|name_token:13316|address_token:39568,1,1,1,0.667,0.143,0,North Builders Private Limited,North Builders Limited Service,"52, Venus Apts, A Soares Road, Near Diamond Garden, Chembur East, Mumbai, Maharashtra","#52, Mumbai, MH",india
S1-261430794,S3-363037755,name_prefix|name_token|name_token,address_token:5377|address_token:245093|name_prefix:8126|address_house:10103|address_number:18802|address_token:360514|name_token:22221|address_token:343014|address_token:8757|address_token:5618|name_token:13316|address_token:39568,1,1,0,1.0,0.0,0,North Builders Private Limited,North North Builders Private,"52, Venus Apts, A Soares Road, Near Diamond Garden, Chembur East, Mumbai, Maharashtra",,india
S1-728539691,S3-900481964,address_token|address_token,name_token:39807|address_token:153726|address_token:80020|name_token:15498|address_token:102880|name_prefix:13808|address_token:356701|address_house:132166,0,0,0,0.0,0.222,0,Sai International Limited,সাই ইন্টারন্যাশনাল লিমিটেড,"1 No Pannajhil, Barrackpore Road Barasat, Kolkata, Howrah, West Bengal","North 24 Parganas, পশ্চিমবঙ্গ, Howrah, A-1 No Pannajhil",india
S1-93805465,S3-297914502,address_number|address_token|address_token|address_token,name_token:9659|address_number:6554|address_token:584256|name_token:71714|address_token:102880|address_token:8007|address_token:153726|address_token:228724|address_token:22571|address_token:554778|address_token:24733|address_number:9778|name_prefix:9642|address_token:38607|address_token:173038|address_token:356701,0,0,0,0.0,0.273,0,Jay Solutions Private Limited,জয় সলিউশনস প্রাইভেট লিমিটেড,"Parganas North, Amp Baisakhi Mall, Room No 602 6Th Floor, Sector-Ii, Bidhan Nagar, Premises No Ag-112, West Bengal, Kolkata","Pgemises No Ag-##112, Kolkata, Parganas North, WB",india
S1-68981569,S2-733815501,address_number|address_token|address_token,name_token:9186|address_token:52464|address_token:37552|name_token:27880|name_prefix:19101|address_token:8326|address_number:6025,0,0,0,0.0,0.214,0,Shakti Foods Private Limited,ശക്തി ഫുഡ്സ് പ്രൈവറ്റ് ലിമിറ്റഡ്,"Ii/308A, Ernakulam, Ayyanpallikavu River Road, Eroor P.O, Tripunithura, Kerala, Kochi","II/308, KOCHI, ERNAKULAM, Keralam",india
S1-740099903,S2-102505649,address_token|address_token|address_token|address_token|address_token,name_token:9238|name_prefix:7533|address_token:81296|address_token:584256|address_token:62994|address_number:20115|address_token:66761|name_token:21182|address_token:173038|address_house:15010|address_token:21423|address_token:81689,0,0,0,0.0,0.5,0,First Properties Private Limited,फर्स्ट प्रॉपर्टीज प्राइवेट लिमिटेड,"Suncity Business Tower, 2Nd Floor, Sector 54, Village Haiderpur, Viran, Dlf Qe, Gurgaon, Haryana","SUNCITY BUSINESS TOWER, DLF QE, GURGAON, Haryana",india
S1-740099903,S2-17565702,address_token|address_token|address_token|address_token|address_token,name_token:9238|name_prefix:7533|address_token:81296|address_token:584256|address_token:62994|address_number:20115|address_token:66761|name_token:21182|address_token:173038|address_house:15010|address_token:21423|address_token:81689,0,0,0,0.0,0.5,0,First Properties Private Limited,फर्स्ट प्रॉपर्टीज प्राइवेट लिमिटेड,"Suncity Business Tower, 2Nd Floor, Sector 54, Village Haiderpur, Viran, Dlf Qe, Gurgaon, Haryana","SUNCITY BUSINESS TOWER, DLF QE, GURGAON, Haryana",india
S1-740099903,S3-525323980,address_token|address_token|address_token|address_token|name_prefix|name_token,name_token:9238|name_prefix:7533|address_token:81296|address_token:584256|address_token:62994|address_number:20115|address_token:66761|name_token:21182|address_token:173038|address_house:15010|address_token:21423|address_token:81689,1,1,0,0.333,0.2,0,First Properties Private Limited,First Private Limited Partners,"Suncity Business Tower, 2Nd Floor, Sector 54, Village Haiderpur, Viran, Dlf Qe, Gurgaon, Haryana","H.no 00764 Suncity Business Tower, Gurgaon, हरियाणा",india
S1-653812404,S2-79595060,address_number|address_token|address_token|address_token|address_token,address_number:47886|address_token:258312|address_token:136558|address_token:7089|name_prefix:32847|name_token:23924|address_token:9156|address_house:22041|address_number:11239|name_token:35547|address_token:13582|address_token:372030,0,0,0,0.0,0.385,0,New Systems Pvt Ltd,न्यू सिस्टम्स प्रा. लि.,"S-21/85, Near Phool Mandi, Englishiya Line, Cantt., Varanasi, Uttar Pradesh","S-0021/85, VARANASI, Uttar Pradesh",india
S1-653812404,S3-211464671,address_house|address_number|address_number|address_token|address_token,address_number:47886|address_token:258312|address_token:136558|address_token:7089|name_prefix:32847|name_token:23924|address_token:9156|address_house:22041|address_number:11239|name_token:35547|address_token:13582|address_token:372030,0,0,0,0.0,0.308,0,New Systems Pvt Ltd,न्यू सिस्टम्स प्रा. लि.,"S-21/85, Near Phool Mandi, Englishiya Line, Cantt., Varanasi, Uttar Pradesh","S-21/85, Varanasi, UP",india
S1-256735616,S3-850320404,address_city|address_house|address_number|address_token|address_token|address_token|address_token|address_token|address_token,address_token:245093|name_prefix:7763|address_city:7544|address_token:360514|name_token:9167|address_token:173038|name_token:26067|address_token:234608|address_number:34545|address_token:343014|address_token:26457|address_house:132166,0,0,0,0.0,0.846,0,Red Infra Private Limited,रेड इंफ्रा प्राइवेट लिमिटेड,"E-1 / 30/C-3, Sector-8, Nerul, Navi Mumbai, Mumbai City, Maharashtra","E-1 / 30/C-3, Mumbai City, Sector-8, Nerul, Navi Mumbai, MH",india
S1-256735616,S2-503418856,address_city|address_number|address_token|address_token|address_token|address_token|address_token,address_token:245093|name_prefix:7763|address_city:7544|address_token:360514|name_token:9167|address_token:173038|name_token:26067|address_token:234608|address_number:34545|address_token:343014|address_token:26457|address_house:132166,0,0,0,0.0,0.643,0,Red Infra Private Limited,रेड इंफ्रा प्राइवेट लिमिटेड,"E-1 / 30/C-3, Sector-8, Nerul, Navi Mumbai, Mumbai City, Maharashtra","NERUL, Maharashtra, MUMBAI CITY, NO. 233 E-1 / 30/C-3",india
S1-421528884,S3-983462958,address_number|address_token|address_token|address_token,name_token:10593|address_house:30552|address_number:77778|name_prefix:8740|address_token:240821|address_number:5866|address_token:126959|address_number:97569|name_token:18090,0,0,0,0.0,0.25,0,Sree Impex Private Limited,ಶ್ರೀ ಇಂಪೆಕ್ಸ್ ಪ್ರೈವೇಟ್ ಲಿಮಿಟೆಡ್,"Bangalore, 13, Kno 133/12, 133, Bommanahalli, Bharathkumar No12, Karnataka","Bharathkumar No12, Bangalore, ಕರ್ನಾಟಕ",india
S1-421528884,S2-789926225,address_number|address_token|address_token|address_token,name_token:10593|address_house:30552|address_number:77778|name_prefix:8740|address_token:240821|address_number:5866|address_token:126959|address_number:97569|name_token:18090,0,0,0,0.0,0.231,0,Sree Impex Private Limited,ಶ್ರೀ ಇಂಪೆಕ್ಸ್ ಪ್ರೈವೇಟ್ ಲಿಮಿಟೆಡ್,"Bangalore, 13, Kno 133/12, 133, Bommanahalli, Bharathkumar No12, Karnataka","DOOR NO 93 BHARATKHUMAR NO12, BANGALORE, Karnataka, BANGALORE",india
S1-558529457,S3-955270204,address_number|address_token,name_token:8741|name_token:9284|address_token:584256|address_token:22347|address_token:10888|name_prefix:7528|address_token:22326|address_token:23504|address_token:103662|name_token:19415,0,0,0,0.0,0.125,0,Galaxy Innovative It,ગેલેક્સી ઇનોવેટિવ આઈટી,"718, 7Th Floor, Lalita Towers, Near Railway Station, Alk, Apuri, Vadodara, Gujarat","#482/5 718, Vadodara, Ahmedabad, GJ",india
S1-350697174,S3-447044253,address_token|address_token,name_token:8446|address_token:139352|address_token:58691|address_house:48291|name_prefix:12937|address_token:71965|address_token:372030|name_token:82701|name_token:8867,0,0,0,0.0,0.375,0,Hari Shivam Industries LLP,हरि शिवम इंडस्ट्रीज एलएलपी,"S 9, Geejgarh House, Jaipur, Rajasthan","#500 S 9, Jaipur, RJ",india
S1-626891199,S2-990729179,address_house|address_number|address_token|address_token|address_token,name_prefix:23701|address_token:47702|name_token:9079|address_token:83329|name_token:22466|address_house:42028|address_number:112011|address_token:83756|address_token:258312,0,0,0,0.0,0.357,0,Jain Energy Private Limited,జైన్ ఎనర్జీ ప్రైవేట్ లిమిటెడ్,"10-4, Post Office Street Vinjamur (Vi) & (Po), Vinjamur, Nellore, Andhra Pradesh","10-4, VIJAYAWADA REGION, NELLORE, Andhra Pradesh",india
S1-890540348,S3-46356994,address_house|address_number|address_token|name_prefix|name_token,address_number:100244|address_house:15969|address_number:32973|name_token:8769|address_token:240821|address_token:554778|address_token:126959|address_token:79275|name_prefix:9044|address_token:7649,1,1,0,0.333,0.3,0,Vijay Realty Private Limited,Vijay Private Limited [Center],"No.29, 11Th Cross Sr Nagar, Bangalore, Karnataka","No.29, Bengaluru, Bangalore, KA",india
S1-890540348,S2-255502774,address_house|address_number|address_number|address_token|address_token|address_token|address_token|address_token|name_prefix|name_token,address_number:100244|address_house:15969|address_number:32973|name_token:8769|address_token:240821|address_token:554778|address_token:126959|address_token:79275|name_prefix:9044|address_token:7649,1,1,0,0.333,1.0,0,Vijay Realty Private Limited,Vijay Rsgdtly Private Limited,"No.29, 11Th Cross Sr Nagar, Bangalore, Karnataka","NO.29, 11TH CROSS SR NAGAR, BANGALORE, Karnataka",india
S1-161036796,S3-175316425,name_prefix|name_token,name_prefix:15064|address_token:534840|address_token:245093|address_house:80971|address_token:14182|name_token:30224|address_city:139489|address_token:171133,1,1,0,0.333,0.0,0,Krios Engineering Ltd,Krios Ltd-Center,"Dda Mig Flat No. 3-C, Pocket-1, Kondli Gharoli, Delhi Near Kondli Mky, Delhi, East Delhi, Delhi",,india
S1-541301804,S3-299545470,name_prefix|name_token|name_token,address_token:245093|name_token:9079|address_number:7153|name_token:8555|name_token:31661|name_prefix:23701|address_token:9480|address_token:534840|address_token:341972|address_token:14186|address_city:12629|address_token:88699|address_token:173038|address_token:372030,1,1,1,0.667,0.0,0,Jain Supreme Consultancy,Jain  Supreme,"250 Plot No 08 Lsc-1 S/F Mixed Housing Sector, Kondli Gharoli, Mayur Vihar Ph Iii, East Delhi, Delhi",,india
S1-872605720,S2-175581059,address_token|address_token|address_token|address_token,name_token:10064|address_city:112315|address_number:16224|address_number:24309|address_token:37137|name_token:25057|address_token:5743|address_token:171715|name_prefix:25950|address_token:343014,0,0,0,0.0,0.308,0,United Products Private Limited,UPPRODUCTS.COM,"Radhanagari Appt, A1, Pl No 38 59 Talegaon Stn, Pune, Maharashtra","PUNE, Maharashtra, HN 0073 RADHANAGARI APPT",india
S1-872605720,S3-478599526,address_token|address_token|address_token|name_prefix|name_token|name_token,name_token:10064|address_city:112315|address_number:16224|address_number:24309|address_token:37137|name_token:25057|address_token:5743|address_token:171715|name_prefix:25950|address_token:343014,1,1,1,0.667,0.25,0,United Products Private Limited,United Products Limited Services,"Radhanagari Appt, A1, Pl No 38 59 Talegaon Stn, Pune, Maharashtra","Pune, MH, Pune, Radhanagari Appt",india
S1-319943570,S2-840160356,address_number|address_token|address_token|address_token|address_token|address_token|address_token|address_token,name_token:17643|name_token:8653|name_prefix:10712|address_token:96183|address_token:360514|address_token:139352|address_token:8086|address_token:343014|address_token:5274,0,0,0,0.0,0.75,0,Arihant Logistics,अरिहंत लॉजिस्टिक्स,"House No. 145, Soudagar Mohalla Bhiwandi, Mumbai, Thane, Maharashtra","H.NO D/232 HOUSE NO. 145, SOUDAGAR MOHALLA BHIWANDI, MUMBAI, THANE, Maharashtra",india
S1-907769280,S3-637536707,address_token|address_token|address_token,address_token:126959|name_token:8720|name_token:64038|name_prefix:7948,0,0,0,0.0,0.231,0,Modern Exports Private Limited,Sri Gildquo,"485/I Sapthagiri, Yerlapady, Bailoor, Karkala, Karkala, Udupi, Karnataka","<NULL>, Udupi, 592 Sapthagiri, Karkala, ಕರ್ನಾಟಕ",india
S1-967788332,S3-846434188,address_city|address_token|address_token|address_token|address_token,address_token:534840|name_token:39807|address_city:139489|address_token:17027|name_token:9167|name_token:8720|name_prefix:7948|address_token:372030,0,0,0,0.0,0.7,0,Modern Red International Private Limited,मॉडर्न रेड इंटरनेशनल प्राइवेट लिमिटेड,"H-237-D, Dakshin Puri, New Delhi, South Delhi, Delhi","H-00237-d, Dakshin Puri, South Delhi, New Delhi, DL",india
S1-967788332,S3-677103865,name_prefix|name_token|name_token,address_token:534840|name_token:39807|address_city:139489|address_token:17027|name_token:9167|name_token:8720|name_prefix:7948|address_token:372030,1,1,1,0.5,0.0,0,Modern Red International Private Limited,Modern Red Private Limited Partners,"H-237-D, Dakshin Puri, New Delhi, South Delhi, Delhi",,india
S1-54309934,S2-965808322,address_city|address_house|address_number|address_token|address_token,address_token:9390|address_token:6974|address_house:7291|address_token:18323|address_token:174880|address_number:13652|address_number:12505|address_token:534840|name_token:8991|address_token:554778|address_number:49533|address_city:139489|name_token:21182|name_prefix:7308|address_token:17943|address_token:356701,0,0,0,0.0,0.235,0,Baba Properties Private Limited,बाबा प्रॉपर्टीज प्राइवेट लिमिटेड,"74, 75A, Kh 20/9, T-Extn, Jain Colony, Part-1, Uttam Nagar, New Delhi, West Delhi, Delhi","G-74, WEST DELHI, NEW DELHI, Delhi",india
S1-54309934,S2-302512833,address_house|address_number|address_number|address_number|address_token|address_token|address_token|address_token|address_token|address_token|address_token|name_token|name_token,address_token:9390|address_token:6974|address_house:7291|address_token:18323|address_token:174880|address_number:13652|address_number:12505|address_token:534840|name_token:8991|address_token:554778|address_number:49533|address_city:139489|name_token:21182|name_prefix:7308|address_token:17943|address_token:356701,0,0,0,0.667,0.882,0,Baba Properties Private Limited,Smt BABA PROPERTIES PRIVATE,"74, 75A, Kh 20/9, T-Extn, Jain Colony, Part-1, Uttam Nagar, New Delhi, West Delhi, Delhi","G-74, 75A, KH 20/9, T-EXTN, JAIN COLONY, PART-1, UTTAM NAGAR, NEW DELHI, Delhi",india
S1-971656432,S3-237903465,address_house|address_token|name_token|name_token,address_token:534840|name_prefix:7763|address_token:341972|name_token:39954|name_token:9167|address_city:59596|address_number:61990|address_token:356701|address_token:372030|address_token:14375|address_house:132166,0,0,0,0.5,0.176,0,Red Foundation Private Limited,M/s Red Foundation Private Ltd,"New Delhi, Plot No. 1, South West Delhi, U G/F, Sec-17, Pkt C-8, Dwarka, Delhi","#1, New Delhi, DL",india
S1-971656432,S2-13370162,address_city|address_house|address_token|address_token|address_token,address_token:534840|name_prefix:7763|address_token:341972|name_token:39954|name_token:9167|address_city:59596|address_number:61990|address_token:356701|address_token:372030|address_token:14375|address_house:132166,0,0,0,0.0,0.353,0,Red Foundation Private Limited,रेड फाउंडेशन प्राइवेट लिमिटेड,"New Delhi, Plot No. 1, South West Delhi, U G/F, Sec-17, Pkt C-8, Dwarka, Delhi","Delhi, NEW DELHI, SOUTH WEST DELHI, DOOR NO 1",india
S1-715193784,S3-965646535,name_core_exact|name_prefix|name_token|name_token,name_token:229501|address_city:17610|name_prefix:17298|address_token:584256|address_token:69657|address_token:534840|address_house:80971|name_token:35145|address_token:93496|address_token:38376|address_token:356701|address_token:372030,1,1,1,1.0,0.0,0,Delhi (india) Pvt. Ltd.,Delhi (India) Pvt.,"A 3 /228 Rear Ground Floor S S Mota Singh Marg Janakpuri, Delhi, West Delhi, Delhi",,india
S1-937523950,S3-859493293,name_prefix|name_token|name_token,name_prefix:15064|address_city:112315|address_house:30552|name_token:26556|address_number:77778|address_token:171715|name_token:13840|name_token:11198|address_token:343014|address_token:372030,1,1,1,0.5,0.0,0,Krishna Real Management Private Limited,Krishna Real Private Limited Services,"S No. 13/4-A Satavawadi, Hadapsar, Pune, Maharashtra",,india
S1-9471389,S3-971902670,address_house|address_number|address_number|address_token|address_token|address_token|name_prefix|name_token|name_token,address_token:88699|name_prefix:11555|address_number:15988|address_house:30552|address_token:13966|address_token:228724|address_number:77778|address_token:534840|address_token:6095|name_token:17834|name_token:8856|name_token:9862|address_token:372030,1,1,1,0.5,0.429,0,Premier Gold Hospitality Private Limited,Premier Gdtd Hospitality Private Limited,"13/82 Basement, Vikram Vihar, Lajpat N-Iv, New Delhi, South Delhi, Delhi","#G-13/82 Basement, New Delhi, South Delhi, दिल्ली",india
S1-9471389,S2-81135682,address_token|address_token|address_token,address_token:88699|name_prefix:11555|address_number:15988|address_house:30552|address_token:13966|address_token:228724|address_number:77778|address_token:534840|address_token:6095|name_token:17834|name_token:8856|name_token:9862|address_token:372030,0,0,0,0.0,0.273,0,Premier Gold Hospitality Private Limited,प्रीमियर गोल्ड हॉस्पिटैलिटी प्राइवेट लिमिटेड,"13/82 Basement, Vikram Vihar, Lajpat N-Iv, New Delhi, South Delhi, Delhi","BASEMENT, SOUTH DELHI, Delhi",india
S1-672783957,S2-215894634,address_city|address_number|address_token|address_token|address_token|address_token,address_token:88699|address_token:534840|address_token:228724|address_number:13266|address_house:71183|name_token:23924|name_prefix:15165|address_city:139489|name_token:8599,0,0,0,0.0,0.636,0,Southern Systems Private Limited,सदर्न सिस्टम्स प्राइवेट लिमिटेड,"C-4/303Yamuna Vihar, New Delhi, North Delhi, Delhi","NO. C-385 C-4/303YAMUNA VIHAR, NEW DELHI, NORTH DELHI, दिल्ली",india
S1-815965324,S3-750235792,address_house|address_number|address_number|address_token|address_token,name_prefix:7102|address_token:6425|address_token:82090|address_number:12843|address_token:32711|address_token:174880|name_token:12098|name_token:22088|address_house:80971|address_token:341972|address_token:554778|address_token:167047|address_number:70557,0,0,0,0.0,0.412,0,One Construction Pvt Ltd,వన్ కన్‌స్ట్రక్షన్ ప్రైవేట్ లిమిటెడ్,"3 5 106/16/G, Plot No 16, Prema Nilayam Vivekananda Nagar Colony, Kukatpally, Hyderabad, Rangareddy, Telangana","3 5 106/16/G, Hyderabad, Rangareddy, TG",india
S1-815965324,S2-525657885,address_house|address_number|address_number|address_token|address_token|address_token|name_token,name_prefix:7102|address_token:6425|address_token:82090|address_number:12843|address_token:32711|address_token:174880|name_token:12098|name_token:22088|address_house:80971|address_token:341972|address_token:554778|address_token:167047|address_number:70557,0,0,0,0.333,0.5,0,One Construction Pvt Ltd,0ne Construction Pvt Ltd,"3 5 106/16/G, Plot No 16, Prema Nilayam Vivekananda Nagar Colony, Kukatpally, Hyderabad, Rangareddy, Telangana","3 5 106/16/G, HYDERABAD, RANGAREDDY, Telangana",india
S1-815965324,S3-850294267,address_house|address_number|address_number|address_token|address_token,name_prefix:7102|address_token:6425|address_token:82090|address_number:12843|address_token:32711|address_token:174880|name_token:12098|name_token:22088|address_house:80971|address_token:341972|address_token:554778|address_token:167047|address_number:70557,0,0,0,0.0,0.444,0,One Construction Pvt Ltd,వన్ కన్‌స్ట్రక్షన్ ప్రైవేట్ లిమిటెడ్,"3 5 106/16/G, Plot No 16, Prema Nilayam Vivekananda Nagar Colony, Kukatpally, Hyderabad, Rangareddy, Telangana","H.no 3 5 106/16/G, Hyderabad, Rangareddy, TG",india
S1-815965324,S3-400815379,address_house|address_number|address_number|address_token|address_token|name_token,name_prefix:7102|address_token:6425|address_token:82090|address_number:12843|address_token:32711|address_token:174880|name_token:12098|name_token:22088|address_house:80971|address_token:341972|address_token:554778|address_token:167047|address_number:70557,0,0,0,0.333,0.35,0,One Construction Pvt Ltd,Pvt 0ne Construction Ltd.,"3 5 106/16/G, Plot No 16, Prema Nilayam Vivekananda Nagar Colony, Kukatpally, Hyderabad, Rangareddy, Telangana","3 5 106/16/G, Hyderabad, Rangareddy, తెలంగాణ",india
S1-757963316,S3-121848434,address_number|address_token,address_token:113422|address_token:28941|address_house:15969|address_number:32973|address_token:341972|address_token:73068|name_token:17215|address_token:7571|name_prefix:16219|address_token:113365|name_token:8772,0,0,0,0.0,0.133,0,Eastern Estate Private Limited,ஈஸ்டர்ன் எஸ்டேட் பிரைவேட் லிமிடெட்,"Plot No 29, Velammal Residency, Phase 1, Thachur, Ponneri, Ponneri, Tiruvallur, Tamil Nadu","#B3/29, Thiruvallur, Ponneri, TN",india
S1-757963316,S2-605614287,address_token|address_token|address_token|address_token|address_token,address_token:113422|address_token:28941|address_house:15969|address_number:32973|address_token:341972|address_token:73068|name_token:17215|address_token:7571|name_prefix:16219|address_token:113365|name_token:8772,0,0,0,0.0,0.462,0,Eastern Estate Private Limited,ஈஸ்டர்ன் எஸ்டேட் பிரைவேட் லிமிடெட்,"Plot No 29, Velammal Residency, Phase 1, Thachur, Ponneri, Ponneri, Tiruvallur, Tamil Nadu","PLOT NO 029, PONNERI, TIRUVALLUR, Tamil Nadu",india
S1-123821820,S3-915705754,address_house|address_number|address_token|address_token|address_token|name_prefix|name_token,name_prefix:13915|address_token:153726|address_token:584256|address_token:80020|address_token:102880|address_token:8406|name_token:5473|address_house:31951|address_token:42703|name_token:13458|address_token:356701|address_number:81035,1,1,1,0.333,0.333,0,Kolkata Textiles Pvt Ltd,Kolkata Tetdls Pvt Ltd,"Unit No -14, Keshowjee Chamber, 3A, Pollock Street, Ist Floor, Kolkata, Howrah, West Bengal","Unit No -14, Howrah, Kolkata, WB",india
S1-8858618,S2-547014232,address_house|address_number|address_token|address_token|address_token,name_prefix:8871|address_token:43654|address_house:25954|address_number:61990|address_token:43735|name_token:13840|name_token:82701,0,0,0,0.0,0.455,0,Real Industries Private Limited,रियल इंडस्ट्रीज प्राइवेट लिमिटेड,"Ward No 17 Pattapur, Ratanpur Bishanpur, Begusarai, Bihar","BEGUSARAI, बिहार, WARD NO 17 PATTAPUR",india
S1-474092655,S3-723156609,address_token|address_token|address_token,name_prefix:15064|address_token:113422|address_number:47600|name_token:11198|address_token:584256|address_token:84918|address_number:10798|address_token:97296|address_token:113365|address_token:124809|address_token:17260|address_city:8568|name_token:22466|address_house:20625|address_token:93496,0,0,0,0.0,0.143,0,Krishna Energy Private Limited,கிருஷ்ணா எனர்ஜி பிரைவேட் லிமிடெட்,"Ground Floor, Shop No.23, New, No.159, Old No.93 New College Complex Peter Road, Chennai, Tamil Nadu","Ground Floor, Chennai, Chengapattu, தமிழ்நாடு",india
S1-474092655,S2-468236745,address_token|address_token|address_token|address_token|address_token,name_prefix:15064|address_token:113422|address_number:47600|name_token:11198|address_token:584256|address_token:84918|address_number:10798|address_token:97296|address_token:113365|address_token:124809|address_token:17260|address_city:8568|name_token:22466|address_house:20625|address_token:93496,0,0,0,0.0,0.333,0,Krishna Energy Private Limited,கிருஷ்ணா எனர்ஜி பிரைவேட் லிமிடெட்,"Ground Floor, Shop No.23, New, No.159, Old No.93 New College Complex Peter Road, Chennai, Tamil Nadu","DOR NO 564 GROUND FLOOR, CHENNAI, Tamil Nadu",india
S1-128171792,S2-666536586,name_prefix|name_token,address_city:42559|address_token:35701|name_token:9042|address_token:102880|name_token:9307|name_prefix:17597|address_token:356701,1,1,0,0.333,0.0,0,Surya Vidyalaya,Surya Services,"C/O Dilip Kumar Tewari Jalanpur, Maliara, Barjora, Bankura, West Bengal",,india
S1-377030207,S3-90170023,address_token|address_token|address_token|name_prefix,address_number:13602|address_token:16694|address_token:52464|address_number:27164|address_token:12587|address_house:7339,1,1,1,0.0,0.231,0,Thiruvananthapuram Sigma Limited,thiruvananthapuramsigma.com,"Pournami, Era-69, Tc 36/564 Vallakkadavu Po, Palkulangara, Thiruvananthapuram, Trivandrum, Kerala","Pournami, Thiruvananthapuram, Trivandrum, KL",india
S1-652633566,S3-447131041,address_city|address_house|address_number|address_token|address_token|address_token|address_token,name_token:9238|address_token:113422|name_prefix:7533|address_city:112315|address_token:228724|name_token:16957|address_token:114722|address_token:7571|address_house:9246|address_number:17680|address_token:113365,0,0,0,0.0,0.714,0,First Investment Private Limited,ஃபர்ஸ்ட் இன்வெஸ்ட்மெண்ட் பிரைவேட் லிமிடெட்,"O No.104, N No.9A, 1St Main Road, Gopalapuram, Poonamallee, Tiruvallur, Tamil Nadu","O No.104, N No.9a, 1St Main Road, Gopalapuram, Tiruvallur, TN",india
S1-529450510,S2-584982789,address_token|address_token|address_token|address_token|address_token,address_token:15931|address_city:59596|address_token:84918|address_token:102880|address_token:153726|address_token:228724|name_token:18834|name_prefix:12090|address_token:24733|name_token:10426|address_number:18083|address_token:356701|address_token:10241|address_house:132166,0,0,0,0.0,0.227,0,Ram Power Limited,রাম পাওয়ার লিমিটেড,"Temple Apart, Shop No 1 Np 219/1, P/No 60, Sec V, Salt Lake, Kolkata, Parganas North, West Bengal","TEMPLE APART, KOLKATA, PARGANAS NORTH, পশ্চিমবঙ্গ",india
S1-529450510,S3-944881832,address_token|address_token|address_token|address_token|name_prefix|name_token,address_token:15931|address_city:59596|address_token:84918|address_token:102880|address_token:153726|address_token:228724|name_token:18834|name_prefix:12090|address_token:24733|name_token:10426|address_number:18083|address_token:356701|address_token:10241|address_house:132166,1,0,0,0.333,0.211,0,Ram Power Limited,Ram Pelmr Limited,"Temple Apart, Shop No 1 Np 219/1, P/No 60, Sec V, Salt Lake, Kolkata, Parganas North, West Bengal","Temple Apart, Parganas North, WB",india
S1-104557035,S2-749240358,address_number|address_number|address_token|address_token,name_token:8653|address_number:13613|address_token:30603|address_number:100244|name_token:8991|address_number:49533|address_token:171133|address_token:5274|name_token:39807|name_prefix:10712|address_token:96183|address_token:343014,0,0,0,0.0,0.294,0,Arihant Baba International Private Limited,अरिहंत बाबा इंटरनेशनल प्राइवेट लिमिटेड,"H.No 2536 /11 Flat 105 1S, Flr Bldg 20 Bhav Residenc, Bhiwandi, Thane, Maharashtra","11 FLAT 105 1S, MUMBAI ,NORTH, Maharashtra",india
S1-384053922,S2-330473787,address_number|address_number|address_token|address_token|address_token|address_token|address_token|address_token|address_token|address_token|address_token|address_token|name_token,address_number:55826|name_token:44851|address_token:360514|address_token:42703|address_token:584256|address_token:8007|address_token:7649|address_number:100244|address_token:341972|address_token:26457|address_token:173038|address_token:343014,0,0,0,0.333,0.826,0,Gopal Traders,G0PAL TRADERS,"Unit No. 1105, 11Th Floor, Natural Gum Premises Co Op. Soc. Ltd., Plot No. 2 Sector 19D, Va, Shi, Navi Mumbai, Maharashtra","UNIT NO. 1104, 11TH FLOOR, NATURAL GUM PREMISES CO OP. SOC. LTD., PLOT NO. 2 SECTOR 19D, VA, NAVI MUMBAI REGION, NAVI MUMBAI, Maharashtra",india
S1-780427419,S2-482569234,address_city|address_house|address_number|address_number|address_token|address_token|address_token|address_token|address_token|address_token|address_token,name_token:12634|address_house:18912|address_token:228724|name_prefix:7943|address_token:83329|address_number:41143|address_token:6875|address_number:47600|address_city:6678|address_token:356701|address_token:258312|address_token:372030|name_token:26479,0,0,0,0.0,0.765,0,Life Producer Private Limited,లైఫ్ ప్రొడ్యూసర్ ప్రైవేట్ లిమిటెడ్,"25-4-23, K.S.R.Street N R Peta, Eluru, West Godavari, Andhra Pradesh","G-25-4-23, K.S.R.STREET N R PETA, VIJAYAWADA REGION, WEST GODAVARI, Andhra Pradesh",india
S1-780427419,S2-605993586,address_house|address_number|address_number|address_token|address_token|address_token,name_token:12634|address_house:18912|address_token:228724|name_prefix:7943|address_token:83329|address_number:41143|address_token:6875|address_number:47600|address_city:6678|address_token:356701|address_token:258312|address_token:372030|name_token:26479,0,0,0,0.0,0.353,0,Life Producer Private Limited,Korwexsyn,"25-4-23, K.S.R.Street N R Peta, Eluru, West Godavari, Andhra Pradesh","G-25-4-23, VIJAYAWADA REGION, ELURU, Andhra Pradesh",india
S1-914196852,S2-919054237,address_house|address_number|address_token|address_token|address_token|name_token|name_token,address_number:5714|address_token:534840|address_token:554778|address_token:11710|name_token:73444|address_house:95139|address_city:139489|address_token:356701,0,0,0,0.667,0.857,0,Moh Brothers Private Limited,Sri Moh Brothers Private (Limited),"West Delhi, Delhi, New Delhi, 2/406 Subhash Nagar","Delhi, 2-2/406 SUBHASH NAGAR, NEW DELHI",india
S1-914196852,S2-273017905,address_city|address_house|address_number|address_token|address_token|address_token|address_token,address_number:5714|address_token:534840|address_token:554778|address_token:11710|name_token:73444|address_house:95139|address_city:139489|address_token:356701,0,0,0,0.0,0.6,0,Moh Brothers Private Limited,Dr privatebrothersmoh.com,"West Delhi, Delhi, New Delhi, 2/406 Subhash Nagar","2-2/406 SUBHASH NAGAR, DIVREPORTINGCIRCLE, WEST DELHI, दिल्ली",india
S1-514377079,S2-756308918,address_house|address_number|address_token|address_token|address_token|address_token|address_token|address_token|address_token|address_token,address_number:50465|address_token:25587|name_token:34269|address_token:84918|name_prefix:13224|address_token:554778|address_token:44513|address_token:53898|address_token:258312|address_token:136558|address_token:40324|address_house:95139,0,0,0,0.0,0.875,0,Global Samridhi Hr Private Limited,gl0balsamridhihr.com,"Shop No. As-2/C-22 Alpha-1, Greater Noida, Gautam Buddha Nagar, Uttar Pradesh","SHP NO. AS-2/C-22 ALPHA-1, GAUTAM BUDDHA NAGAR, GREATER NOIDA, Uttar Pradesh",india
S1-485109958,S3-549864138,address_house|address_number|address_number|address_token|address_token|address_token|address_token|address_token|address_token|address_token|address_token|name_prefix,address_token:62994|name_token:32737|address_house:15603|name_prefix:25559|address_number:31375|address_token:341972|address_token:234608|address_token:88699|address_token:16933|address_token:6239|address_token:73068|address_token:66761|address_number:58224|address_token:173038,1,1,1,0.0,0.8,0,Technology Vivid Devcon Private Limited,technologyvividdevcon.com,"Plot No. 31, Electronic City, Sector 18, Udyog Vihar, Phase Iv, Gurugram, Gurgaon, Haryana","Plot No. 31, Electronic City, Sector 18, Udyog Vihar, Phase Iv, Gurgaon, HR",india
S1-487841439,S2-313395306,address_token|address_token|address_token,name_token:9074|name_prefix:7258|address_token:341972|name_token:26067|address_token:43735,0,0,0,0.0,0.462,0,Apex Infra Private Limited,एपेक्स इंफ्रा प्राइवेट लिमिटेड,"C/O Smt Mani Kumari, Khata No.168 Plot No.1215, Jehanabad, Bihar","C/O SMT MANI KUMARI, GODIHA, Bihar",india
S1-487841439,S3-364907923,name_core_exact|name_prefix|name_token|name_token,name_token:9074|name_prefix:7258|address_token:341972|name_token:26067|address_token:43735,1,1,1,1.0,0.0,0,Apex Infra Private Limited,Apex Infra Private Ltd,"C/O Smt Mani Kumari, Khata No.168 Plot No.1215, Jehanabad, Bihar",,india
S1-113112957,S3-908068332,name_token|name_token,address_number:47886|name_token:53012|address_token:39090|address_token:43735,0,0,0,0.5,0.0,0,Accord Technologies Private Limited,M/s Accord  Technologies Private (Limited),"H.No-370/21 Aaa Classes, Gola Road, Danapur, Dinapur-Cum-Khagaul, Patna, Bihar",,india
S1-23566606,S2-90363392,address_house|address_number|address_token|address_token,address_token:15931|name_token:8653|name_token:18834|address_house:17640|name_prefix:10712|address_number:37709|address_token:554778|address_token:240821|address_token:126959|address_token:79275,0,0,0,0.0,0.333,0,Arihant Power Private Limited,ಅರಿಹಂತ್ ಪವರ್ ಪ್ರೈವೇಟ್ ಲಿಮಿಟೆಡ್,"No 27/1, 4Th Cross, Near Shiva Temple Bhuvaneshwari Nagar, C V Raman Nagar, Bangalore, Karnataka","NO 27/1, BANGALORE, Karnataka",india
S1-875949583,S3-887593574,address_number|address_number|address_token|address_token|address_token|address_token,address_number:8179|address_number:17910|address_token:167047|address_house:132166|address_token:82090|address_token:8757|address_token:171133,0,0,0,0.0,0.812,0,Pushpam Ventilation Private Limited,Orbimira,"1-4-62/3/5, Flat No. 305/1, A V Apts Habsiguda, Hyderabad, Telangana","Hyderabad, Flat No. 305/1, A V Apts Habsiguda, Andhra Pradesh, Hyderabad, 1-4-62/3/5.",india
S1-926158026,S3-134162873,address_house|address_number|address_token|address_token|address_token,address_number:36522|address_token:228724|address_token:240821|address_token:126959|name_token:11957|name_token:22173|name_prefix:9724|address_house:17296,0,0,0,0.0,0.417,0,Maa Media Private Limited,ಮಾ ಮೀಡಿಯಾ ಪ್ರೈವೇಟ್ ಲಿಮಿಟೆಡ್,"Bangalore North, Vijanapura, Dooravaninaga, Bangalore, Karnataka, No.26 Ayyappatemplestreet","H.no 26 Ayyappatemplestreet, Bangalore North, Bangalore, ಕರ್ನಾಟಕ",india
S1-54051819,S3-630857773,address_house|address_token|address_token,address_token:5516|address_token:28189|name_prefix:8871|address_token:96183|address_token:84918|name_token:53012|address_house:62816|name_token:13840|address_token:22612|address_token:343014,0,0,0,0.0,0.308,0,Real Technologies Private Limited,रियल टेक्नोलॉजीज प्राइवेट लिमिटेड,"Shop No. 6, Thane, Maharashtra, Opp. Shishu Dnyan Mandir, Dr. Ambedkar Road","Shop No. 6, Thane, MH, Thane",india
S1-133787504,S3-955111751,address_city|address_house|address_number|address_token|address_token|name_token,address_token:534840|address_house:10176|address_number:21300|address_city:139489|address_token:14182|address_token:43480|address_token:372030,0,0,0,0.2,0.364,0,Passim Realty,M/s Passim-Reecty,"49-C, Pocket A -3, Everest Apartment, New Delhi, South Delhi, Delhi","49-C, Delhi, South Delhi, DL",india
S1-132026343,S3-843421201,address_city|address_house|address_token|address_token|address_token|address_token|address_token|address_token|name_prefix|name_token,address_token:8965|address_token:15464|name_prefix:7102|name_token:39807|address_token:37738|address_token:245093|address_token:360514|address_token:41417|address_token:343014|name_token:12098|address_city:11962|address_house:95139,1,0,0,0.333,0.667,0,One International Pvt Ltd,One Pvt Ltd Center,"G-2, Corporate Center, B Wing, A.K. Road, Andheri (East), Mumbai, Mumbai, Maharashtra","G-2, Corporate Center, B Wing, A.k. Road, Andheri (East), Mumbai, Bombay, Mumbai, महाराष्ट्र",india
S1-132026343,S2-770801069,address_house|address_token|address_token,address_token:8965|address_token:15464|name_prefix:7102|name_token:39807|address_token:37738|address_token:245093|address_token:360514|address_token:41417|address_token:343014|name_token:12098|address_city:11962|address_house:95139,0,0,0,0.0,0.286,0,One International Pvt Ltd,वन इंटरनेशनल प्रा. लि.,"G-2, Corporate Center, B Wing, A.K. Road, Andheri (East), Mumbai, Mumbai, Maharashtra","G-2, MUMBAI, MUMBAI (SUBURBAN), Maharashtra",india
S1-369102345,S2-13257640,address_house|address_number|address_token|address_token|address_token,name_token:8446|address_number:100244|address_token:11774|address_token:113422|name_token:23331|name_prefix:28087|address_house:37464|address_token:113365,0,0,0,0.0,0.6,0,Shivam Projects Private Limited,சிவம் புராஜெக்ட்ஸ் பிரைவேட் லிமிடெட்,"P No 11, Ramasamy Street, Tambaram, Kanchipuram, Tamil Nadu","P NO 11, KANCHEEPURAM, TAMBARAM, Tamil Nadu",india
S1-520782515,S3-35006553,name_prefix|name_token,name_prefix:55481|name_token:8784|name_token:39954|address_house:24859|address_number:58224|address_token:258312|address_token:136558,1,1,1,0.333,0.0,0,Indo Foundation Private Limited,Indo Founoabtion Private Limited,"C/O Bushra Naim, 18 A Dhorrah Mafi, Aligarh, Uttar Pradesh",,india
S1-366465106,S3-888957125,address_house|address_number|address_token|address_token,address_token:41892|address_token:10894|address_city:112315|address_token:167047|address_token:341972|name_token:11957|address_number:47600|address_token:82090|address_token:6003|name_token:22094|name_prefix:9724,0,0,0,0.0,0.267,0,Maa Software,మా సాఫ్ట్‌వేర్,"Plot No 384, Ayyappa Society, Road No 23A, Madhapur, Shaikpet, Hyderabad, Telangana","No 384, Shaikpet, Hyderabad, తెలంగాణ",india
S1-756033899,S3-381082433,address_city|address_number|address_token|address_token|address_token|address_token|address_token|address_token|name_prefix|name_token|name_token,address_token:534840|name_prefix:7297|name_token:39954|name_token:9607|address_city:59596|address_token:173038|address_number:61990|address_house:62816|address_token:14182|address_token:14375|address_token:356701|address_token:372030,1,1,1,1.0,0.867,0,Laxmi Foundation Private Limited,Laxmi Foundation Foundation Private Limited,"Sector-6, Dda Sfs, Dwarka, Delhi, South West Delhi, H. No.17 Pocket-1","H. No.17 Pocket-1, दिल्ली, Dwarka, Sector-6, Dda Sfs, South West Delhi",india
S1-756033899,S2-612118982,address_city|address_number|address_token|address_token|address_token|address_token|address_token|address_token,address_token:534840|name_prefix:7297|name_token:39954|name_token:9607|address_city:59596|address_token:173038|address_number:61990|address_house:62816|address_token:14182|address_token:14375|address_token:356701|address_token:372030,0,0,0,0.0,0.846,0,Laxmi Foundation Private Limited,लक्ष्मी फाउंडेशन प्राइवेट लिमिटेड,"Sector-6, Dda Sfs, Dwarka, Delhi, South West Delhi, H. No.17 Pocket-1","#17 POCKET-1, SECTOR-6, DDA SFS, DWARKA, SOUTH WEST DELHI, Delhi",india
S1-756033899,S2-138518059,address_city|address_number|address_token|address_token|address_token|address_token,address_token:534840|name_prefix:7297|name_token:39954|name_token:9607|address_city:59596|address_token:173038|address_number:61990|address_house:62816|address_token:14182|address_token:14375|address_token:356701|address_token:372030,0,0,0,0.0,0.429,0,Laxmi Foundation Private Limited,लक्ष्मी फाउंडेशन प्राइवेट लिमिटेड,"Sector-6, Dda Sfs, Dwarka, Delhi, South West Delhi, H. No.17 Pocket-1","#17 PCOKET-1, DWARKA, SOUTH WEST DELHI, Delhi",india
S1-756033899,S2-978704242,address_city|address_number|address_token|address_token|address_token|address_token|address_token|address_token,address_token:534840|name_prefix:7297|name_token:39954|name_token:9607|address_city:59596|address_token:173038|address_number:61990|address_house:62816|address_token:14182|address_token:14375|address_token:356701|address_token:372030,0,0,0,0.0,0.733,0,Laxmi Foundation Private Limited,लक्ष्मी फाउंडेशन प्राइवेट लिमिटेड,"Sector-6, Dda Sfs, Dwarka, Delhi, South West Delhi, H. No.17 Pocket-1","17 POCKET-1, SECTOR-6, DDA SFS, DWARKA, SOUTH WEST DELHI, दिल्ली",india
S1-756033899,S2-875275706,name_token|name_token,address_token:534840|name_prefix:7297|name_token:39954|name_token:9607|address_city:59596|address_token:173038|address_number:61990|address_house:62816|address_token:14182|address_token:14375|address_token:356701|address_token:372030,0,0,0,0.5,0.0,0,Laxmi Foundation Private Limited,Smt LAXMI-FOUNDATION PFFRHE LIMITED,"Sector-6, Dda Sfs, Dwarka, Delhi, South West Delhi, H. No.17 Pocket-1",,india
S1-885708381,S3-385454613,address_number|address_token|address_token|name_prefix,address_house:7653|address_token:245093|address_token:360514|address_token:584256|address_number:21300|name_token:27880|name_prefix:7650|address_token:12281|address_token:343014,1,1,0,0.0,0.167,0,Aarvita Foods Private Limited,aarvitafoods.com,"Nav Vyapar Bhavan, 4Th Floor, 49, P.D Mello Road, Carnac Bunder, Masji, 408, Mumbai, D (E), Maharashtra","Mumbai, D (E), महाराष्ट्र, Block G-8 408",india
S1-839321203,S2-758182815,address_house|address_number|address_token|address_token|address_token|address_token|address_token,address_token:10096|address_number:34906|address_token:113422|address_token:124809|address_token:554778|address_number:15160|address_token:114722|address_house:16777|address_token:113365|address_token:234608,0,0,0,0.0,0.375,0,Pr Resources Private Limited,VANTA6EZEPH,"Old No.28, New No.70, 4Th Main Road, Cit Nagar, Nandanam, Chennai City Corporation, Chennai, Tamil Nadu","#28, CHENNAI, CHENNAI CITY CORPORATION, Tamil Nadu",india
S1-412512908,S2-489208981,address_number|address_token|address_token|address_token|address_token|address_token|name_prefix|name_token,name_token:22412|address_number:50465|address_token:24185|address_token:66761|address_token:174880|address_token:173038|address_token:6806|name_prefix:20012,1,1,1,0.333,0.7,0,Sunshine Consulting Private Limited,Sunshine Consuling Private Limited,"Faridabad, Haryana, A-146 Sanjay Colony Sector-22","A-1-46 SANJAY COLONY SECTOR-22, FARIDABAD, Haryana",india
S1-286595318,S2-509666914,address_house|address_number|address_token|address_token|address_token,address_number:20787|address_house:12071|address_token:37738|name_prefix:20198|name_token:34269|address_token:17545|address_token:360514|name_token:16358|address_token:343014|address_token:8007|address_token:234608|address_city:11962|address_token:356701,0,0,0,0.0,0.25,0,Green Global Private Limited,ग्रीन ग्लोबल प्राइवेट लिमिटेड,"201, Ab Abhishek Premises Chs Ltd. Off New Link Road, Andheri West, Mumbai, Mumbai City, Maharashtra","201, MUMBAI CITY, BOMBAY, Maharashtra",india
S1-964860438,S3-423600615,name_prefix|name_token,address_token:171133|address_token:7501|name_token:71714|address_token:136558|address_token:15349|address_token:258312|address_token:15368,1,1,1,0.333,0.0,0,Gorakhpur Solutions Private Limited,Gorakhpur Private Limited Service,"Flat No -801 Rampur Kadambini Heights Teh Sadar, Gorakhpur, Uttar Pradesh",,india
S1-266860885,S2-842051827,address_house|address_number|address_token,name_token:22088|address_token:58519|address_token:136558|name_prefix:15165|address_token:9539|address_token:258312|address_city:5598|name_token:8599,0,0,0,0.0,0.25,0,Southern Construction Private Limited,सदर्न कंस्ट्रक्शन प्राइवेट लिमिटेड,"472/9 Ka, Murai Tola Khadra Sitapur Road, Lucknow, Uttar Pradesh","472/9 KA, LUCKNOW, उत्तर प्रदेश",india
S1-990003176,S2-300825251,address_token|address_token|address_token|address_token|address_token,address_token:113422|address_house:8670|name_token:8845|address_token:124809|name_token:25057|name_prefix:6880|address_number:15721|address_token:554778|address_city:6759|address_token:81689|address_token:113365,0,0,0,0.0,0.5,0,Bombay Products Private Limited,பம்பாய் புராடக்ட்ஸ் பிரைவேட் லிமிடெட்,"Sri Kumaran Tower, No.61, Usman Road T.Nagar, Chennai, Tamil Nadu","SRI KUMARAN TOWER, CHENNAI, Tamil Nadu",india
S1-990003176,S2-997878549,address_token|address_token|address_token|address_token|address_token,address_token:113422|address_house:8670|name_token:8845|address_token:124809|name_token:25057|name_prefix:6880|address_number:15721|address_token:554778|address_city:6759|address_token:81689|address_token:113365,0,0,0,0.0,0.5,0,Bombay Products Private Limited,பம்பாய் புராடக்ட்ஸ் பிரைவேட் லிமிடெட்,"Sri Kumaran Tower, No.61, Usman Road T.Nagar, Chennai, Tamil Nadu","SRI KUMARAN TOWER, CHENNAI, Tamil Nadu",india
S1-952876674,S3-672203066,address_city|address_number|address_token|address_token|address_token|name_token|name_token,address_house:7514|address_token:11172|address_token:202085|address_token:534840|address_number:55826|address_token:245093|address_number:13613|address_token:5541|name_token:73444|address_city:139489,0,0,0,0.667,0.308,0,Kamala Brothers Private Limited,Prrnae Kamala Brothers Limited,"105, Laxman Palace 19, Veer Savarkar Block, Shakarpur, Delhi, East Delhi, Delhi","Block C-255 105, Delhi, East Delhi, DL",india
S1-36199383,S2-908203408,address_house|address_number|address_token|address_token|address_token,name_token:22173|address_token:83756|name_prefix:7000|address_token:584256|address_token:11353|address_number:97569|address_token:24762|address_token:228724|name_token:8686|address_token:234608|address_token:6075|address_token:73068|address_token:171715|address_token:21423|address_token:343014|address_token:372030,0,0,0,0.0,0.121,0,Shyam Media Private Limited,श्याम मीडिया प्राइवेट लिमिटेड,"Office No. 1201, Maharashtra, Pune City, Pune, 1202, 1203, 1204, 1205, 1206, 1207, 1208, 12Th Floor, Apex Business Court Phase 2, Ctc - 3217, S.N No. 588/2C, Near Gangadham Chowk","OFFICE NO. 1201, PUNE, महाराष्ट्र",india
S1-341875865,S3-835393969,address_house|address_number|address_token|address_token|address_token|address_token,address_house:7090|address_token:584256|address_number:12843|name_token:8881|address_token:84918|address_token:360514|name_prefix:6948|address_token:8007|address_token:343014|name_token:30618,0,0,0,0.0,0.667,0,Gujarat Marketing Private Limited,गुजरात मार्केटिंग प्राइवेट लिमिटेड,"Shop No. 106, 1St Floor, Tridev Co-Op Premises, Mumbai, Maharashtra","#106, 1St Floor, Tridev Co-op Premises, Mumbai, MH",india
S1-16411176,S3-306053515,name_prefix|name_token,name_token:20956|address_token:584256|address_token:102880|name_token:8720|address_token:82977|name_prefix:7948|address_token:43654|address_house:16746|address_token:356701|address_token:372030,1,1,1,0.333,0.0,0,Modern Healthcare Private Limited,Modern Healathcare Private Limited,"Ghanti Building, 1St Floor, Ward No.9 Bahargram, P.S.-Panskura.P.O.-Panskura, Purba Medinipur, Midnapore, West Bengal",,india
S1-16411176,S2-466937740,address_token|address_token|address_token|address_token|address_token,name_token:20956|address_token:584256|address_token:102880|name_token:8720|address_token:82977|name_prefix:7948|address_token:43654|address_house:16746|address_token:356701|address_token:372030,0,0,0,0.0,0.238,0,Modern Healthcare Private Limited,মডার্ন হেলথকেয়ার প্রাইভেট লিমিটেড,"Ghanti Building, 1St Floor, Ward No.9 Bahargram, P.S.-Panskura.P.O.-Panskura, Purba Medinipur, Midnapore, West Bengal","GHANTI BUILDING, PURBA MEDINIPUR, MIDNAPORE, পশ্চিমবঙ্গ",india
S1-569782282,S2-523853433,address_number|address_token|address_token,address_token:28941|address_token:167047|name_prefix:20198|name_token:32737|name_token:16358|address_token:82090|address_token:17097|address_number:34545|address_number:7573,0,0,0,0.0,0.294,0,Green Technology Pvt Ltd,గ్రీన్ టెక్నాలజీ ప్రైవేట్ లిమిటెడ్,"F.No 306, 1-8-309/30, Lakeview Residency Patigadda Road, Begumpet, Secunderabad, Hyderabad, Telangana","HN 138 F.NO 306, HYDERABAD, Telangana",india
S1-569782282,S2-411463570,address_number|address_token|address_token,address_token:28941|address_token:167047|name_prefix:20198|name_token:32737|name_token:16358|address_token:82090|address_token:17097|address_number:34545|address_number:7573,0,0,0,0.0,0.294,0,Green Technology Pvt Ltd,గ్రీన్ టెక్నాలజీ ప్రైవేట్ లిమిటెడ్,"F.No 306, 1-8-309/30, Lakeview Residency Patigadda Road, Begumpet, Secunderabad, Hyderabad, Telangana","HN 138 F.NO 306, HYDERABAD, Telangana",india
S1-313025171,S2-14064039,address_token|address_token,name_token:17643|name_token:9581|name_prefix:7877|address_token:14263,0,0,0,0.0,0.4,0,White Logistics Private Limited,ହ୍ୱାଇଟ୍ ଲଜିଷ୍ଟିକ୍ସ୍ ପ୍ରାଇଭେଟ୍ ଲିମିଟେଡ୍,"Kupari, Balasore, Orissa","KUPARI, BALASORE, BALESHWAR, Odisha",india
S1-703956506,S2-980557788,address_house|address_number|address_number|address_token|address_token,address_house:8839|address_token:534840|address_city:112315|address_number:17910|name_token:17149|address_token:6239|name_prefix:20198|address_token:554778|address_number:47600|name_token:8324|address_token:108326,0,0,0,0.0,0.364,0,Great Investments Limited,ग्रेट इन्वेस्टमेंट्स लिमिटेड,"62/23, Road No. 9, Swarn Park Udyog Nagar, Mundka, Delhi","62/23, MUNDKA, DELHI",india
S1-946408464,S2-886268220,address_token|address_token|address_token,address_token:16694|address_token:52464|name_token:10268|name_token:53012|address_token:12587|name_prefix:13624,0,0,0,0.0,0.429,0,Vision Technologies Private Limited,വിഷൻ ടെക്നോളജീസ് പ്രൈവറ്റ് ലിമിറ്റഡ്,"Anandale Karyavattom, Thiruvananthapuram, Trivandrum, Kerala","ANANDALE KARYAVATTOM, THIRUVANANTHAPURAM, കേരളം",india
S1-946408464,S2-889305771,address_token|address_token|address_token|address_token,address_token:16694|address_token:52464|name_token:10268|name_token:53012|address_token:12587|name_prefix:13624,0,0,0,0.0,0.8,0,Vision Technologies Private Limited,വിഷൻ ടെക്നോളജീസ് പ്രൈവറ്റ് ലിമിറ്റഡ്,"Anandale Karyavattom, Thiruvananthapuram, Trivandrum, Kerala","ANANDALE KARYAVATTOM, THIRUVANANTHAPURAM, Kerala",india
S1-946408464,S2-127406946,address_token|address_token|address_token|address_token,address_token:16694|address_token:52464|name_token:10268|name_token:53012|address_token:12587|name_prefix:13624,0,0,0,0.0,0.8,0,Vision Technologies Private Limited,വിഷൻ ടെക്നോളജീസ് പ്രൈവറ്റ് ലിമിറ്റഡ്,"Anandale Karyavattom, Thiruvananthapuram, Trivandrum, Kerala","ANANDALE KARYAVATTOM, THIRUVANANTHAPURAM, Kerala",india
S1-946408464,S3-229039621,address_token|address_token|address_token,address_token:16694|address_token:52464|name_token:10268|name_token:53012|address_token:12587|name_prefix:13624,0,0,0,0.0,0.5,0,Vision Technologies Private Limited,വിഷൻ ടെക്നോളജീസ് പ്രൈവറ്റ് ലിമിറ്റഡ്,"Anandale Karyavattom, Thiruvananthapuram, Trivandrum, Kerala","Anandale Karyavattom, Trivandrum, Keralam",india
S1-616669075,S2-19760356,name_prefix|name_token|name_token,address_token:534840|address_token:108326|address_token:13966|name_token:18834|address_number:6235|name_token:8421|name_prefix:8605|address_token:372030,1,1,1,0.667,0.0,0,Fortune Power Private Limited,Fortune Power Privhte Limited,"S-212 Basement, Panchsheel Park, New Delhi, South Delhi, Delhi",,india
S1-698873781,S3-488748659,address_city|address_house|address_number|address_token|address_token|name_prefix|name_token|name_token|name_token,address_number:55826|name_token:10218|address_token:24934|address_token:584256|name_token:17534|address_house:9246|address_token:534840|name_token:23924|address_city:139489|address_token:171133|address_number:17680|address_token:14375|address_token:28479|address_token:173038|address_token:356701,1,1,1,1.0,0.286,0,Systems Sun Food,Systems Systems Sun Food,"Flat No. 104, Second Floor, Sanskriti Apartments, Sector-19B, Dwarka, New Delhi, West Delhi, Delhi","#104, New Delhi, West Delhi, DL",india
S1-698873781,S2-398636479,address_city|address_house|address_number|address_token|address_token,address_number:55826|name_token:10218|address_token:24934|address_token:584256|name_token:17534|address_house:9246|address_token:534840|name_token:23924|address_city:139489|address_token:171133|address_number:17680|address_token:14375|address_token:28479|address_token:173038|address_token:356701,0,0,0,0.0,0.312,0,Systems Sun Food,AVIVERA,"Flat No. 104, Second Floor, Sanskriti Apartments, Sector-19B, Dwarka, New Delhi, West Delhi, Delhi","H.NO 104, NEW DELHI, WEST DELHI, दिल्ली",india
S1-698873781,S3-554501049,address_city|address_house|address_number|address_token|address_token|address_token|name_prefix|name_token|name_token,address_number:55826|name_token:10218|address_token:24934|address_token:584256|name_token:17534|address_house:9246|address_token:534840|name_token:23924|address_city:139489|address_token:171133|address_number:17680|address_token:14375|address_token:28479|address_token:173038|address_token:356701,1,1,1,0.5,0.357,0,Systems Sun Food,Systems Sun Fci,"Flat No. 104, Second Floor, Sanskriti Apartments, Sector-19B, Dwarka, New Delhi, West Delhi, Delhi","West Delhi, DL, Flat No. 104",india
S1-912578795,S2-364862001,address_number|address_token|address_token,address_number:22381|name_token:22088|address_token:584256|address_number:12858|address_token:7161|address_token:240821|address_token:126959|address_house:15010|name_token:8686|name_prefix:7000,0,0,0,0.0,0.25,0,Shyam Construction,ಶ್ಯಾಮ್ ಕನ್‌ಸ್ಟ್ರಕ್ಷನ್,"2Nd & 3Rd Floor 100 Feet Road, Koramangala, Bangalore, No. 42, Karnataka, Bangalore","#42, BANGALORE, Karnataka",india
S1-237148357,S3-828460067,address_house|address_number|address_token|address_token|address_token|address_token|address_token,address_number:13602|address_token:234608|address_token:341972|address_token:343014|address_token:171715|address_house:7339,0,0,0,0.0,1.0,0,Micro Combines Pvt Ltd,Deltagild,"Sr.No.69/5/A/1/1, Anvigreens Soc, Plot No. 8, Pune City, Pune, Maharashtra","Sr.No.69/5/A/1/1, Anvigreens Soc, Plot No. 8, Pune City, Pune, Maharashtra",india
S1-627830982,S3-98843991,address_token|address_token|address_token,address_token:82090|address_token:108326|address_token:42703|name_token:26556|address_token:584256|address_token:32711|address_token:6977|address_number:97569|name_prefix:23701|address_token:6075|name_token:12249,0,0,0,0.0,0.185,0,Jai Management Private Limited,జై మేనేజ్‌మెంట్ ప్రైవేట్ లిమిటెడ్,"Seri Lingampally, Unit No. D, 12Th Floor, Aydiv It Park Sy No 319 And 337 Partly, Puppalaguda, Serilingampally, K.V.Rangareddy, Telangana","H.no 592 Unit No. D, Seri Lingampally, తెలంగాణ",india
S1-161390957,S3-282245991,name_prefix|name_token|name_token,address_token:153726|name_token:9186|address_token:80020|name_prefix:19101|name_token:21546|address_token:102880|address_house:9414|address_number:18083|address_city:36110|address_token:356701,1,1,1,0.667,0.0,0,Shakti Constructions Private Limited,Shakti Constructions  Private Ltd & Co,"60, Bentinck Street, Kolkata, Kolkata, Howrah, West Bengal",,india
S1-161390957,S2-967870653,address_city|address_house|address_number|address_token|address_token|address_token,address_token:153726|name_token:9186|address_token:80020|name_prefix:19101|name_token:21546|address_token:102880|address_house:9414|address_number:18083|address_city:36110|address_token:356701,0,0,0,0.0,0.417,0,Shakti Constructions Private Limited,শক্তি কনস্ট্রাকশনস প্রাইভেট লিমিটেড,"60, Bentinck Street, Kolkata, Kolkata, Howrah, West Bengal","HOWRAH, BENTINCK STREET, KOLKATA, 60, MUMBAI, পশ্চিমবঙ্গ",india
