s1,true_id,shared_methods,overlimit_s1_keys,prefix4,prefix6,prefix8,name_tokjac,addr_tokjac,postal_agree,s_name,t_name,s_addr,t_addr,country
S1-855365552,S3-170254530,address_token|name_prefix,name_token:21424|name_prefix:16645|address_number:7192,1,1,1,0.0,0.25,0,Firefighters Local 471 Inc,Firefighterslocal471.Com,"68 Phillips Avenue, Southampton, NY","Phillips Ave, Speonk, New York",us
S1-243508406,S2-787897332,address_number|address_token|address_token|address_token,address_token:176303|address_token:5400|address_number:21166|address_token:1000019|name_token:41747|name_prefix:16083,0,0,0,0.0,0.75,0,Capital Healthy P.C.,Dovamira,"Red Bank, Unit 0812, TN, 20 Mason Drive","20 MASON DR, RED BANK, TN",us
S1-540103281,S3-748186406,address_token|address_token|name_prefix,name_prefix:18876|address_city:5636|name_token:25501,1,1,0,0.0,0.375,0,Natalee Laguerre Desert Graf,Nataleelaguerredesert.Com,"Terre Haute, 900 7th Street, IN","7nd Street, Terre Haute, Indiana",us
S1-741003661,S2-340175918,address_token|address_token|name_token|name_token,name_token:24750|name_token:6436|name_prefix:11508|name_token:15241|address_token:1000019,0,0,0,0.5,0.375,0,Total Wealth Networks,Networks Total Center,"6098 Andhurst Drive, Gulf Shores, AL","ANDHURST DRIVE, BALDWIN COUNTY, AL",us
S1-351095537,S3-38927055,name_prefix|name_token|name_token,address_number:22652|address_house:13987|name_prefix:24139|name_token:24217|name_token:9494|name_token:14945,1,1,1,0.5,0.0,0,Clean Energy Technologies LLC,Clean Energy Technology LLC,"Islip, NY, 15 Annandale Road",,us
S1-447724230,S2-174484335,address_city|address_token|address_token|name_token,address_token:176303|name_prefix:65027|address_number:10760|address_house:6377|name_token:68067|name_token:215715|address_token:8171,0,0,0,0.333,0.5,0,Pediatric Group,Pfeiastric Group,"300 Watters Road, Unit 1311, Allen, TX","00300 WATTERS RD, ALLEN, TX",us
S1-695629924,S2-768913518,address_house|address_number|address_token|address_token|address_token|address_token|name_prefix,address_token:415912|name_prefix:18416|address_city:40839|address_token:426525,1,0,0,0.0,0.714,0,Mount Cathedral,mountcathedral.com,"2901 Woodridge Lane, City Of Waukesha, WI","2901 WOODRIDGE LANE, WAUKESHA, WI",us
S1-776904184,S2-576814458,address_house|address_number|address_token|name_prefix|name_token,name_token:13425|address_token:93152|name_prefix:32079|address_number:18136|name_token:48229,1,1,1,0.333,0.333,0,Valley Committee,Valley Comimgite,"7111 13th Avenue, Takoma Park, MD","7111  THIRTEENTH AVE, NULL, TAKOMAPARK, MD",us
S1-73617985,S3-452905336,address_city|address_house|address_number|address_token|address_token|address_token|address_token|name_prefix|name_token|name_token,name_prefix:7183|address_token:26717|address_city:19259|name_token:154670|address_token:1000019|name_token:6962,1,1,1,0.5,0.667,0,Department of Labor,Department of Center,"8435 Bellingham Drive, Dallas, TX","8435 Bellingham Dr, Dallas, Texas",us
S1-634325391,S3-549008235,name_token|name_token,address_token:93152|address_token:7169|address_token:12354|name_prefix:15532|name_token:26137|name_token:13769|address_token:126758,0,0,0,0.667,0.0,0,Midwest Academy,The Midwest  Academy,"3131 Hickory Park Circle, Sugar Land, TX",,us
S1-287157781,S2-43196290,name_prefix|name_token|name_token,name_token:292790|name_prefix:19891|name_token:31450|name_token:12216|address_token:38723|address_token:8871,1,1,1,0.667,0.0,0,East Learning Center,East Learning,"Village Of Harrison, WI, N6561 Harrison Road",,us
S1-153895229,S2-258618561,address_token,name_token:25060|name_prefix:9510|name_token:22819|address_token:5564|address_house:11830|name_token:215715|address_number:18746,0,0,0,0.0,0.429,0,Lancaster Oncology Unified Group,Lumumbra,"21 Cumberland Street, Lancaster, NY","021 CUMBERLAND ST, LNCASTER, NY",us
S1-88862468,S2-472642517,name_prefix|name_token|name_token,name_token:23735|address_token:10696|name_prefix:57846|name_token:6366|address_city:6553,1,1,1,0.75,0.0,0,Interfaith Trust V,Interfaith Trust V Society,"765 Rutgers Road, Hempstead, NY",,us
S1-163123980,S3-768950810,name_prefix|name_token,name_token:145118|name_prefix:13928|address_token:7139|address_token:41428|name_token:215715|name_token:25092,1,0,0,0.2,0.0,0,Gulf Holdings Group Inc,gulf.com Enterprises,"OR, Eugene, 1650 River Road",,us
S1-887075949,S3-460308018,address_house|address_number|address_token|address_token|address_token|address_token,name_token:25824|name_token:28539|name_prefix:15335,0,0,0,0.0,0.571,0,Liberty Alliance,Onyxveo,"1268 Buenos Aires, Sahuarita, AZ","1268 Buenos Aires, Sahuarita CITY, Arizona",us
S1-887075949,S3-874294189,address_token|address_token|address_token|name_core_exact|name_prefix|name_token|name_token,name_token:25824|name_token:28539|name_prefix:15335,1,1,1,1.0,0.429,0,Liberty Alliance,Liberty Alliance Ltd,"1268 Buenos Aires, Sahuarita, AZ","Buenos Aires, Sahuarita CITY, Arizona",us
S1-800224001,S2-902318468,address_token|name_core_exact|name_prefix|name_token|name_token,name_prefix:20004|address_house:5231|name_token:132212|address_number:8174|name_token:20839,1,1,1,1.0,0.25,0,Urology Associates Inc,UROLOGY ASSOCIATES,"203 Hayden Street, Gillespie, IL","0203 HAYDEN SAINT, GILLESPIIE, IL",us
S1-223543218,S3-753809356,address_house|address_number|address_token|name_core_exact|name_prefix|name_token|name_token,name_token:39214|name_prefix:21918|address_city:12718|name_token:27180|address_token:21879|address_token:30865,1,1,1,1.0,0.25,0,"Eye Physicians, LLC",Eye Physicians,"471 Harris Road, Richmond Heights, OH","471 Harris Rd, PO Box 956, Cleveland CDP, Ohio",us
S1-536966659,S3-412680635,name_token|name_token|name_token|name_token,address_token:15089|name_token:12559|name_token:28857|address_token:415912|name_token:9408|address_token:119632|name_token:215715|address_city:40839,0,0,0,0.8,0.0,0,Data Chemical Union Group,The Data Chemical Union Group,"12168 Obrady Place, City Of El Paso, TX",,us
S1-51261494,S3-870484028,address_house|address_number|address_token|address_token|address_token|address_token|name_prefix|name_token|name_token,name_token:28090|address_token:5263|address_number:18136|name_token:24544|address_house:9784|name_prefix:32613|address_token:426525|address_token:96498,1,1,1,0.5,0.625,0,Metropolitan Reliable Convertible LLC,Metropolitan  Reliable LLC Center,"Southern Pines, NC, 13 Lake Lane","13- Lake Ln, Southern Pines, North Carolina",us
S1-51261494,S2-37412569,address_house|address_number|address_token|address_token|name_prefix,name_token:28090|address_token:5263|address_number:18136|name_token:24544|address_house:9784|name_prefix:32613|address_token:426525|address_token:96498,1,1,1,0.0,0.5,0,Metropolitan Reliable Convertible LLC,metropolitanreliableconvertible.com,"Southern Pines, NC, 13 Lake Lane","13 LKE LN, SOUTHERN PNES, NC",us
S1-532488067,S3-269206582,name_prefix|name_token|name_token,name_token:23931|address_city:12718|address_token:21879|address_token:415912|name_prefix:12761,1,1,1,0.5,0.0,0,Trujillo Ace Bancshares Inc,Trujillo Ace Bagancsheres Inc,"925 Leigh Street, Richmond City, VA",,us
S1-274430230,S2-484978445,address_token|address_token|name_core_exact|name_prefix|name_token|name_token_sort,address_city:12489|address_token:22436|address_token:126758,1,1,1,1.0,0.429,0,Obsidian Inc.,Inc. Obsidian,"3924 Rosemary Circle, Sacramento, CA","ROSEMARY CIR, ARDEN-ARCADE, CA",us
S1-181511557,S3-894094765,address_number|address_token|address_token|address_token|name_prefix|name_token|name_token,address_token:176303|address_token:41428|name_token:35311|address_city:78486|name_token:23302|address_token:330861|name_token:215715|address_token:6051|address_token:8049|name_prefix:21208,1,1,1,0.667,0.5,0,Surgical Regional Group,Surgical Regional,"621 Third Street, Unit 3 NORTH, Fall River, MA","Fall River, Massachusetts, # 3 North, 621-623 3nd St",us
S1-138812831,S3-258589138,address_city|address_token|address_token|address_token|name_prefix,address_token:25494|address_city:5610|address_token:8159|name_prefix:24828|name_token:75567,1,1,0,0.0,0.5,0,Strong Arbor PC,strongarbor.com,"4621 Caldwell Mill Road, Birmingham, AL","004621 Caldwell Mill Road, Birmingham, Alabama",us
S1-565324050,S3-288411575,address_city|address_house|address_number|address_token|address_token|address_token,address_house:7161|address_city:10088|address_token:14852|address_token:1000019|name_prefix:53144|address_number:9557,0,0,0,0.0,0.667,0,Cardinal LLC,Caldminl LLC,"116 Talleyrand Drive, Wilmington, DE","116 Talleyrand Dr, Wilmington, Delaware",us
S1-143817370,S2-223814487,address_city|address_token|address_token|address_token|name_prefix,name_token:11768|name_token:6598|address_city:8587|name_token:75567|address_token:12922|address_token:426525,1,1,0,0.0,0.667,0,Mutual Telecom Brands PC,MUTUALTELECOMBRANDS.COM,"5627 Sandpiper Lane, Dayton, OH","627 SANDPIPER LANE, DAYTON, OH",us
S1-692110640,S3-901231509,address_token|name_prefix|name_token|name_token|name_token,address_token:176303|name_prefix:21918|name_token:27197|name_token:27180|name_token:215715|name_token:28585,1,1,1,0.75,0.273,0,Eye Tri-State Group,Eye Tri-State,"191 Waldron Road, Unit D, Lavergne, TN","00191 Waldron Rd, LA Vergne, Tennessee, # D",us
S1-692110640,S3-873738104,address_city|address_token|name_prefix|name_token|name_token|name_token,address_token:176303|name_prefix:21918|name_token:27197|name_token:27180|name_token:215715|name_token:28585,1,1,1,0.5,0.273,0,Eye Tri-State Group,Eye (Tri-State) (ID: 19898),"191 Waldron Road, Unit D, Lavergne, TN","00191 Waldron Rd, # D, LA Vergne, Tennessee",us
S1-692110640,S3-871585085,address_city|address_token|address_token|name_prefix|name_token|name_token|name_token,address_token:176303|name_prefix:21918|name_token:27197|name_token:27180|name_token:215715|name_token:28585,1,1,1,0.75,0.364,0,Eye Tri-State Group,Eye Tri-State,"191 Waldron Road, Unit D, Lavergne, TN","00191 Waldron Road, Unit D, LA Vergne, Tennessee",us
S1-692110640,S3-639262819,address_token|name_prefix|name_token|name_token|name_token,address_token:176303|name_prefix:21918|name_token:27197|name_token:27180|name_token:215715|name_token:28585,1,0,0,0.6,0.182,0,Eye Tri-State Group,Eye Tir-State Group,"191 Waldron Road, Unit D, Lavergne, TN","00191 Waldron Road, LA Vergne, Tennessee",us
S1-5895134,S2-705997750,address_token|address_token|address_token,address_token:16284|address_token:130693|address_city:6983|address_token:10429|address_token:426525,0,0,0,0.0,0.5,0,"Owens, Hutchinson & Guay Inc",hutchinsonowens.com,"11708 Belvedere Vista Lane, Chesterfield County, VA","BELVEDERE VISTA LN, RICHMOD, VA",us
S1-874590005,S3-10855414,address_house|address_number|address_token|address_token|name_prefix|name_token,address_token:5800|address_token:176303|address_city:46373|address_token:11239|address_house:11063|name_prefix:17378|address_number:21094,1,1,0,0.5,0.455,0,Vertex LLC,Vertex LLC LLC Partners,"17 Hall Street, Unit 1, New Bedford, MA","17 Hall Street, Unit 1, NEWB Edford, Massachusetts",us
S1-874590005,S2-63104471,address_city|address_token|address_token|name_core_exact|name_prefix|name_token,address_token:5800|address_token:176303|address_city:46373|address_token:11239|address_house:11063|name_prefix:17378|address_number:21094,1,1,0,1.0,0.625,0,Vertex LLC,Vertex,"17 Hall Street, Unit 1, New Bedford, MA","HALL STREET, NEW BEDFORD, MA",us
S1-874590005,S2-937538504,address_house|address_number|address_token|address_token|name_core_exact|name_prefix|name_token,address_token:5800|address_token:176303|address_city:46373|address_token:11239|address_house:11063|name_prefix:17378|address_number:21094,1,1,0,1.0,0.75,0,Vertex LLC,@VERTEX,"17 Hall Street, Unit 1, New Bedford, MA","NEW BEDFORD, MA, 17 HALL ST",us
S1-134059817,S3-966523645,address_city|address_token|address_token|address_token|name_prefix|name_token|name_token,name_token:8187|name_token:24180|name_token:12751|address_city:46373|address_token:82080|address_token:426525|address_token:12581|name_prefix:10797,1,1,1,0.5,0.364,0,Innovative Cargo Dynamics LLC,Innovative Dynamics LLC Center,"4204 Olive Branch Lane, New Hill, NC","420 Olive Branch Lane, NEW HLIL, North Carolina",us
S1-120930059,S2-956137255,address_token|address_token|name_prefix|name_token|name_token,name_prefix:26485|address_token:41428|name_token:78307|name_token:54128|address_token:6051|name_token:35448,1,1,1,0.667,0.5,0,Dental Blue Clinic Inc,Dental Blue,"1300 Newhall Street, Fall River, MA","NEWHALL STREET, null, FAL RIVER, MA",us
S1-405598099,S2-177541118,name_prefix|name_token|name_token|name_token,name_token:46253|name_prefix:18876,1,1,1,0.75,0.0,0,Natty Given Metro Staking LLC,Natty Given Metro,"1002 1st Avenue, Lanett, AL",,us
S1-201274755,S2-398980459,address_city|address_token|address_token|address_token|name_prefix|name_token,address_token:9620|address_token:130693|name_prefix:17992|address_city:6784|address_token:12682,1,1,1,0.333,0.714,0,Peridova Chimera LLC,Peridova Cimea LLC,"812 Concord Street, Marion County, OR","81 CONCORD STREET, MARION COUNTY, OR",us
S1-702174101,S3-510622958,address_token|address_token,address_token:19947|address_number:8086|address_house:5861,0,0,0,0.0,0.429,0,PA Keycorp Inc,Pakeycorp.Com,"MD, Baltimore, 124 Poppleton Street","Maryland, Baltimore, 12 Poppleton Street",us
S1-107709017,S3-429797841,address_house|address_number|address_token|name_prefix|name_token|name_token,address_token:7507|address_city:46373|name_token:9420|address_token:10546|name_token:154670|name_prefix:7406,1,1,1,0.5,0.375,0,Board of Sanitation,Board of Sdanitaatlon,"322 Rose Avenue, New Haven, IN","322 Rose Avenue, Adams, Indiana",us
S1-107709017,S3-772645765,address_city|address_house|address_number|address_token|address_token|name_prefix|name_token|name_token,address_token:7507|address_city:46373|name_token:9420|address_token:10546|name_token:154670|name_prefix:7406,1,1,1,0.667,0.714,0,Board of Sanitation,Board of,"322 Rose Avenue, New Haven, IN","322 Rose Avenue, New Haven, Indiana",us
S1-452691172,S2-959068339,address_token|address_token|name_prefix|name_token,address_token:7466,1,1,0,0.5,0.667,0,Citadel,CITADEL CENTER,"NY, Syracuse, 164 Cook Avenue","0164 COOK AVE, SYRACUSE, NY",us
S1-452691172,S3-532800200,address_house|address_number|address_token|address_token|name_prefix|name_token,address_token:7466,1,1,0,0.5,0.571,0,Citadel,Citadel Center,"NY, Syracuse, 164 Cook Avenue","164 Cook Ave, Syracuse, New York",us
S1-429579605,S3-501338296,name_prefix|name_token,name_token:8783|address_token:30865|name_prefix:8991|address_token:20349|name_token:8798,1,1,1,0.333,0.0,0,Twisted Diner Inc,Twisted Digder Inc,"WV, 1102 Glen Dale Heights Road, Glen Dale",,us
S1-242372399,S3-509604097,address_token|address_token|address_token|address_token|name_prefix|name_token,name_prefix:10240|address_token:33685|address_token:7430|address_token:304447|address_token:16544|name_token:8904|name_token:11026,1,1,0,0.333,0.444,0,Lower Western,Lower-Wtbben,"491 James Court, High Point, NC","49 James Ct, North Carolina, High Point",us
S1-633229662,S2-216765289,address_house|address_number|address_token,address_city:23824|address_house:5420|address_number:7119|name_prefix:33765|name_token:22493|address_token:415912,0,0,0,0.0,0.364,0,Wilkins Optimal Edp Inc.,weoptimal.com,"220 1st Street, Fl 1st, City Of Baraboo, WI","220 FIRST STREET, <NULL>, BARABOO TOWNSHIP, WI",us
S1-524475636,S3-620460868,address_house|address_token|address_token|address_token|address_token|name_prefix|name_token|name_token|name_token,address_token:5521|address_token:93152|name_prefix:16645|address_house:12180|name_token:154814|name_token:9767|address_token:119632|name_token:30869,1,1,1,0.6,0.714,0,First Engineering Services LLC,First Engineering Services L.L.C.,"2 Pioneer Park Place, Elgin, IL","Elgin, 2 Pioneer Park Place, Illinois",us
S1-524475636,S2-292916099,address_house|address_token|address_token|address_token|name_prefix|name_token|name_token,address_token:5521|address_token:93152|name_prefix:16645|address_house:12180|name_token:154814|name_token:9767|address_token:119632|name_token:30869,1,1,1,0.5,0.714,0,First Engineering Services LLC,First-Engineering LLC 5ervices,"2 Pioneer Park Place, Elgin, IL","2 PIONEER PARK PL, ELIN, IL",us
S1-857195157,S3-47494187,name_prefix|name_token,name_token:27731|name_token:13480|name_prefix:29511,1,1,0,0.333,0.0,0,United Project,United United Pofocat,"37914 Bay Street, Hansville, WA",,us
S1-657249696,S2-663997767,name_prefix|name_token|name_token,address_token:11284|address_token:93152|name_prefix:18926|address_token:126758,1,1,1,0.75,0.0,0,"Quaintance, Alcantara & Mustafa Inc","Quaintance, Alcantara &","Camarillo, 810 Laurel Park Circle, CA",,us
S1-841978641,S2-346747176,address_token|name_core_exact|name_prefix|name_token,none,1,0,0,1.0,0.429,0,Titan LLC,Titan,"473 Rowland Road, Swannanoa, NC","159 Rowland Road, SWANNNANOA, NC",us
S1-841978641,S3-927508574,address_city|address_house|address_number|address_token|address_token,none,0,0,0,0.0,0.571,0,Titan LLC,Tinitttcan LLC,"473 Rowland Road, Swannanoa, NC","473 Rowland Rd, Swannanoa, North Carolina",us
S1-841978641,S3-61250775,address_city|address_token|address_token|name_prefix,none,0,0,0,0.0,0.333,0,Titan LLC,Titcn (LLC),"473 Rowland Road, Swannanoa, NC","409-A Rowland Rd, Swannanoa, North Carolina",us
S1-841978641,S3-514285239,address_city|address_token|address_token|name_prefix|name_token,none,1,0,0,1.0,0.429,0,Titan LLC,Titan Titan [Llc],"473 Rowland Road, Swannanoa, NC","Rowland Rd, Swannanoa, North Carolina",us
S1-332208795,S3-122457196,name_prefix|name_token|name_token|name_token,name_token:7298|name_token:93447|address_token:10630|name_token:24716|name_token:13769|name_prefix:17290,1,1,1,0.75,0.0,0,Johnson Preparatory Academy LP,Johnson Preparatory Academy LLC,"578 George Ballengee Road, Alderson, WV",,us
S1-658485152,S2-901603045,name_core_exact|name_prefix|name_token|name_token,address_token:176303|name_token:11972|name_prefix:11644|name_token:20593,1,1,1,1.0,0.0,0,Youth Network,Youth Network Inc,"1010 Tuscarawas Avenue, Unit 1, Barberton, OH",,us
S1-658485152,S3-514739257,address_token|address_token|address_token|name_prefix|name_token,address_token:176303|name_token:11972|name_prefix:11644|name_token:20593,1,1,0,0.333,0.556,0,Youth Network,Youth Nrestggrork,"1010 Tuscarawas Avenue, Unit 1, Barberton, OH","Barberton, Ohio, Unit 1, 1008 Tuscarawas Ave",us
S1-658485152,S2-544209850,address_city|address_token|address_token|name_core_exact|name_prefix|name_token|name_token,address_token:176303|name_token:11972|name_prefix:11644|name_token:20593,1,1,1,1.0,0.5,0,Youth Network,Youth Network Inc,"1010 Tuscarawas Avenue, Unit 1, Barberton, OH","TUSCARAWAS AVE, BARBERTON, null, OH",us
S1-59715399,S2-768819386,address_number|address_token|address_token|name_prefix,address_number:14870|address_city:10459|address_token:13817|name_token:154670|name_prefix:5921,1,0,0,0.0,0.667,0,Simon Bnb of Seattle LLC,simonbnbseattle.com,"1829 29th Avenue, Seattle, WA","SEATTLE, 829 29th Ave, WA",us
S1-989663002,S3-460150451,address_house|address_token|address_token|address_token|name_prefix,name_token:21424|address_token:32188|name_token:28857|address_house:10688|address_token:9315|name_prefix:26762,1,0,0,0.0,0.625,0,Steelworkers Local Union 314,stee1workerslocalunion.com,"8 Tree Top Terrace, Smithtown, NY","8 Tree Top Ter, New York, Smithtown",us
S1-328284059,S2-180393172,address_city|address_token|address_token,name_prefix:19891|address_token:14150|name_token:31450|address_city:10459|address_token:13817,0,0,0,0.0,0.667,0,East Bankshares,ebankshares.com,"3602 Pike Street, Seattle, WA","03602 PIKE ST, SEATTLE, WA",us
S1-944210534,S3-157494249,name_prefix|name_token|name_token|name_token,name_prefix:37235|address_city:11971|name_token:161239|name_token:22891|address_token:17788|name_token:215715|address_token:1000019|name_token:26074,1,1,1,0.6,0.0,0,Primary Care Superior Group,Primary Superior Group Service,"777 Eastern Drive, Memphis, TN",,us
S1-463728380,S2-345154099,name_prefix|name_token,address_token:95719|address_token:176303|name_token:45100|address_token:33961|name_prefix:17519|address_city:25254|address_token:49460,1,1,1,0.333,0.0,0,Global Eagle LLC,GLOBAL EL LLC,"172 Ramapo Road, Unit Apartment E, West Haverstraw, NY",,us
S1-435082993,S3-856423439,name_core_exact|name_prefix|name_token|name_token|name_token,address_token:32089|name_token:8964|name_token:132212|name_token:215715|address_number:5426|name_prefix:5866,1,1,1,1.0,0.0,0,Taylor Group Associates,Taylor Group Associates Corp,"Waldo, 430 Columbia 134, AR",,us
S1-365554447,S3-961041773,address_token|address_token|address_token|name_prefix|name_token,address_city:12718|name_prefix:57846|name_token:6366|address_token:21879|name_token:13480|address_token:415912,1,1,1,0.333,0.5,0,Interfaith Project,Interfaith Pr0ject,"3719 Crutchfield Street, Richmond City, VA","Richmond City, Virginia, 03719 Crutchfield St",us
S1-365554447,S2-583594332,address_city|address_token|address_token|name_prefix,address_city:12718|name_prefix:57846|name_token:6366|address_token:21879|name_token:13480|address_token:415912,1,1,1,0.0,0.667,0,Interfaith Project,interfaithproject.com,"3719 Crutchfield Street, Richmond City, VA","CRUTCHFIELD STREET, RICHMOND, VA",us
S1-638390094,S3-411964986,address_city|address_token|address_token|address_token|name_prefix,address_token:176303|name_token:8462|name_prefix:18685|name_token:8386|address_token:1000019,1,0,0,0.0,0.5,0,Maid Tavern,maidtavern.com | www.maidtavern.com,"13000 Parkview Drive, Unit 6E, Roseville, OH","Parkview Dr, # 6E, Roseville, Ohio",us
S1-988522555,S2-815660436,name_prefix|name_token|name_token,name_token:102956|address_token:13638|name_prefix:38423|name_token:11768|address_token:30340|address_token:16284|address_token:176303|name_token:27991,1,1,1,0.667,0.0,0,Premier Health Brands LLC,Premier Health,"10935 Terra Vista Parkway, Unit UNIT 197, Rancho Cucamonga, CA",,us
S1-797235353,S3-190543286,address_city|address_number|address_token|address_token|name_prefix,name_token:35448|address_number:12556|address_token:6035|name_token:161239|address_token:119632|name_prefix:22070,1,0,0,0.0,0.25,0,Blue Chesapeake Care,Bluechesapeakecare.Com,"20111 102nd Place, Kent, WA","020111 102th Pl, Kent, Washington",us
S1-797235353,S3-953289339,name_prefix|name_token|name_token,name_token:35448|address_number:12556|address_token:6035|name_token:161239|address_token:119632|name_prefix:22070,1,1,1,0.667,0.0,0,Blue Chesapeake Care,Blue Chesapeake,"20111 102nd Place, Kent, WA",,us
S1-277960140,S2-988748721,address_house|address_number|address_token|address_token|address_token|name_token|name_token,address_token:176303|address_token:32679|name_prefix:65027|address_number:6909|address_house:5185|name_token:68067|name_token:215715|address_token:96498,0,0,0,0.667,0.556,0,Pediatric Group,The Pediatric  Group,"IL, Unit UNIT A, Lake Zurich, 126 Potawatomi Trail","126 Potawatomi Trl, LAKE ZURICH, IL",us
S1-277960140,S2-548686716,address_house|address_number|address_token|address_token|address_token|address_token|name_prefix|name_token,address_token:176303|address_token:32679|name_prefix:65027|address_number:6909|address_house:5185|name_token:68067|name_token:215715|address_token:96498,1,1,1,0.333,0.75,0,Pediatric Group,Pediatric 6roup,"IL, Unit UNIT A, Lake Zurich, 126 Potawatomi Trail","126 POTAWATOMI TRAIL, LAKE ZURICH, IL",us
S1-489895239,S3-374055877,address_token|address_token|name_prefix,name_prefix:11593,1,1,1,0.0,0.5,0,Roseville Landscaping LLC,Rosevillelandscaping.Com,"Roseville, 789 Parker Avenue, MN","Roseville, Parker Ave, Minnesota",us
S1-684264045,S3-552519113,address_city|address_token|address_token|address_token|name_prefix|name_token|name_token,name_token:21424|address_city:24174|address_token:36903|address_token:1000019|name_prefix:53144,1,1,1,0.667,0.5,0,Carpenters Local 633,Carpenters Local,"143 Midcliff Drive, Columbus, OH","Midcliff Drive, Columbus, Ohio",us
S1-684264045,S2-767013964,address_city|address_token|address_token|address_token|name_prefix|name_token|name_token,name_token:21424|address_city:24174|address_token:36903|address_token:1000019|name_prefix:53144,1,1,1,0.667,0.8,0,Carpenters Local 633,CARPENTERS (LOCAL),"143 Midcliff Drive, Columbus, OH","MIDCLIFF DR, COLUMBUS, OH",us
S1-684264045,S3-648572909,address_token|address_token|address_token|name_prefix|name_token|name_token,name_token:21424|address_city:24174|address_token:36903|address_token:1000019|name_prefix:53144,1,1,1,0.5,0.429,0,Carpenters Local 633,Carpenters Lóncal 633,"143 Midcliff Drive, Columbus, OH","Columbus, 43 Midcliff Drive, Ohio",us
S1-560224154,S2-504839313,name_prefix|name_token,address_token:176303|address_house:5420|address_number:7119|name_token:14388|address_token:426525|address_number:24594,0,0,0,0.333,0.0,0,Disoft Management Inc,Dis0ft Management,"220 Holiday Lane, Unit 12, Talent, OR",,us
S1-21870411,S3-437794081,address_city|address_house|address_number|address_number|address_token|address_token|address_token|address_token|name_prefix|name_token|name_token,address_number:6178|address_number:13559|address_token:97034|name_token:15804|name_prefix:5270|name_token:17665,1,1,1,0.4,0.667,0,Environmental Foundation,Environmental Fóundation | www.environmen.com,"78-36 Cloverdale Boulevard, Oakland Gardens, NY","78-36 Cloverdale Blvd, Oakland Gardens, New York",us
S1-136787133,S3-930337114,address_number|address_token|address_token|name_prefix|name_token|name_token,name_prefix:10783|address_number:14803|name_token:18740|name_token:24586,1,1,1,0.5,0.5,0,Jones Works L.L.C.,Jones Works,"NM, Continental Divide, 324 27-A","27-A, Continental Divide, New Mexico",us
S1-283418431,S2-457065792,name_prefix|name_token,address_token:5400|address_token:415912|name_token:10195|address_city:40839,0,0,0,0.5,0.0,0,Layla's Financial,Lay1a's Fínancial,"1607 Mason Street, City Of Appleton, WI",,us
S1-881684785,S3-31702169,name_core_exact|name_exact|name_prefix|name_token|name_token|name_token,name_token:39214|name_token:102956|address_number:7192|name_prefix:21591|address_token:9934|name_token:21885|address_token:1000019,1,1,1,1.0,0.0,0,Behavioral Health Physicians LLC,Behavioral Health Physícians LLC,"AZ, Glendale, 8623 68th Drive",,us
S1-881684785,S3-592278082,address_house|address_number|address_number|address_token|address_token|address_token|name_token,name_token:39214|name_token:102956|address_number:7192|name_prefix:21591|address_token:9934|name_token:21885|address_token:1000019,0,0,0,0.2,0.429,0,Behavioral Health Physicians LLC,LLC 8ehavioral Hadth Physicians,"AZ, Glendale, 8623 68th Drive","8623 68th Drive, Peoria, Arizona",us
S1-881684785,S2-855809105,address_number|address_token|address_token|address_token|name_prefix|name_token|name_token|name_token,name_token:39214|name_token:102956|address_number:7192|name_prefix:21591|address_token:9934|name_token:21885|address_token:1000019,1,1,1,0.6,0.8,0,Behavioral Health Physicians LLC,Behavioral Health Physicians (L.L.C.),"AZ, Glendale, 8623 68th Drive","68TH DRIVE, GLENDALE, AZ",us
S1-881684785,S3-193759463,address_house|address_number|address_number|address_token|address_token|address_token|address_token|name_prefix|name_token|name_token,name_token:39214|name_token:102956|address_number:7192|name_prefix:21591|address_token:9934|name_token:21885|address_token:1000019,1,1,1,0.667,0.667,0,Behavioral Health Physicians LLC,Behavioral Health,"AZ, Glendale, 8623 68th Drive","Glendale, 8623 68th Drive, Arizona",us
S1-461694763,S2-12587680,address_city|address_house|address_number|address_token|address_token|name_prefix|name_token|name_token,address_token:176303|address_city:31695|address_token:151460|name_token:8023|name_prefix:21434|name_token:8798|name_token:33040,1,1,1,0.667,0.5,0,Silver Book Store!,Silver  Book,"1418 Downing Street, Unit 4, Washington, DC","1418 DOWNNIG ST, WASHINGTON, DC",us
S1-461694763,S3-72743930,address_city|address_number|address_token|address_token|name_core_exact|name_prefix|name_token|name_token|name_token,address_token:176303|address_city:31695|address_token:151460|name_token:8023|name_prefix:21434|name_token:8798|name_token:33040,1,1,1,1.0,0.364,0,Silver Book Store!,Silver-Book Store! Inc,"1418 Downing Street, Unit 4, Washington, DC","1418a Downing St, # 4, Washington, District of Columbia",us
S1-235910734,S3-952392888,name_prefix|name_token|name_token,address_token:33685|name_token:24463|address_token:16544|address_token:1000019|name_token:30931|name_prefix:29711,1,1,1,0.5,0.0,0,Heritage Select Fidelity LLC,Heritage Select Fidedmliy  LLC,"1121 High Point Drive, Mineral Wells, TX",,us
S1-346633951,S3-590324450,name_prefix|name_token,address_city:12718|address_token:21879,1,0,0,0.5,0.0,0,Loix LLC,LOIX LLC Enterprises,"8617 Solon Road, Richmond, IL",,us
S1-316973019,S3-574517961,address_house|address_number|address_number|address_token|address_token|name_prefix|name_token|name_token,name_token:9644|name_token:7387|name_prefix:31643,1,1,1,0.667,0.5,0,Commission on Sanitation,Commission  On,"3829 417, Jasper, NY","3829 417, Jasper, New York",us
S1-773635594,S2-349674820,address_token|address_token,name_prefix:9133,0,0,0,0.0,0.667,0,Auron Beauty,SYNPYRA,"Layton, 749 Colonial Avenue, UT","00749 COLONIAL AVE, LAYTON, UT",us
S1-970365371,S3-812491943,name_core_exact|name_exact|name_prefix|name_token|name_token,address_token:32089|name_token:42955|name_token:22819|name_prefix:20700,1,1,1,1.0,0.0,0,"Oncology Specialists, Inc.","Oncology Spécialists, Inc.","Columbia, 6437 Mellow Wine Way, MD",,us
S1-970365371,S2-432795066,address_house|address_number|address_token|address_token|address_token|address_token,address_token:32089|name_token:42955|name_token:22819|name_prefix:20700,0,0,0,0.0,1.0,0,"Oncology Specialists, Inc.",Vantagekor,"Columbia, 6437 Mellow Wine Way, MD","6437. MELLOW WINE WAY, COLUMBIA, MD",us
S1-225369214,S2-367265876,address_number|address_token|name_prefix|name_token|name_token,name_token:27197|name_token:66812|name_prefix:23937|address_city:40839|address_number:9670|address_token:415912|name_token:21404|name_token:28585,1,1,1,0.4,0.375,0,Orthopedic Tri-State Medicine,ORTHOPEDIC MEDICINE SERVICE,"3811 52nd Avenue, City Of Kenosha, WI","52ND AVE, KENOOSHA, WI",us
S1-686168642,S2-671212976,address_token|address_token|address_token|name_prefix,name_prefix:65027|address_token:11101|name_token:132212|address_city:12870|name_token:54128|address_token:20776|name_token:68067|address_token:9078,1,1,1,0.0,0.833,0,Pediatric Dental Associates,pediatricdentalassociates.com,"3535 Country Club Road, Tucson, AZ","TUCSON, COUNTRY CLUB RD, AZ",us
S1-108803136,S2-638664949,address_house|address_number|address_token|address_token|address_token|name_prefix|name_token,name_token:10609|address_house:10307|address_token:176303|address_number:16816|address_token:11233|name_token:7765|name_prefix:8742|address_token:26219|address_token:126758,1,1,0,0.333,0.778,0,Urban Bistro,Urban Bnsrtsó,"100 Old Oak Circle, Unit C3, Winston-salem, NC","100 OLD OAK CIRCLE, WINSTON-SALEM, NC",us
S1-108803136,S3-791894587,address_city|address_house|address_number|address_token|address_token|address_token|name_prefix|name_token|name_token,name_token:10609|address_house:10307|address_token:176303|address_number:16816|address_token:11233|name_token:7765|name_prefix:8742|address_token:26219|address_token:126758,1,1,1,0.667,0.636,0,Urban Bistro,Urban Bistro Service,"100 Old Oak Circle, Unit C3, Winston-salem, NC","100 Old Oak Circle, # C3, Winston-Salem, North Carolina",us
S1-172294191,S2-5345879,address_token|address_token|address_token|name_token|name_token,address_city:23824|name_token:24207|name_token:267771|address_token:6005|address_token:119632|name_prefix:10620,0,0,0,0.667,0.571,0,Direct Payroll Partners LLC,Partners Direct Partners LLC,"9297 Chelan Place, Fl 1, Beaverton, OR","CHELAN PLACE, BEAVERTON, OR",us
S1-153429808,S3-431038748,address_token|address_token|address_token|name_core_exact|name_prefix|name_token|name_token,name_token:6251|name_prefix:10296|address_city:7849|address_house:5118|address_number:7215|name_token:13782|address_token:426525,1,1,1,1.0,0.5,0,Cancer Guild,Cancer Guild LLC,"Rogersville, 140 Cope Lane, TN","Cope Ln, Rogersville, Tennessee",us
S1-351285722,S3-81558328,address_city|address_token|address_token|address_token|name_token|name_token|name_token,name_token:27592|address_token:7877|address_token:304447|name_prefix:13147|name_token:24745|name_token:10402|address_number:5841|address_city:5059,0,0,0,0.75,0.375,0,Anchor Rocky Development,The Anchor Rocky Development,"216 Lorraine Court, Jacksonville, NC","1 Lorraine Ct, Jacksonville, North Carolina",us
S1-275490714,S2-835135346,address_city|address_house|address_number|address_token|address_token|address_token|address_token|name_prefix,address_token:8960|name_prefix:5718|address_city:6623|address_token:19975|address_token:8414,0,0,0,0.0,1.0,0,Bastion LLC,LLC BASITMMN,"6202 Pond Fork Road, Madison, WV","6202 POND FORK RD, MADISON, WV",us
S1-275490714,S3-689057213,address_city|address_house|address_number|address_token|address_token|address_token|address_token,address_token:8960|name_prefix:5718|address_city:6623|address_token:19975|address_token:8414,0,0,0,0.0,0.625,0,Bastion LLC,Dovaonyx,"6202 Pond Fork Road, Madison, WV","6202 Pond Fork Rd, Madison, West Virginia",us
S1-246724449,S2-264407651,address_token|name_prefix|name_token|name_token|name_token|name_token,name_token:24914|name_prefix:9153|address_number:28545|name_token:75567,1,1,1,0.667,0.429,0,Christean Campos Vanguard Healthcare PC,Christean Campos Vanguard PC Services,"910 10th Street, CA, Colton","911 TENTH STREET, COLTON, CA",us
S1-885676878,S2-930306282,address_token|address_token|address_token|name_prefix|name_token,address_token:6128|address_token:6534|address_token:126758,1,1,1,0.6,0.8,0,Tunnell Armour L.L.C.,Tunnell Aromur L.L.C.,"166 Fairview Circle, Brookhaven, NY","BROOKHAVEN, FAIRVIEW CIR, NY",us
S1-335410221,S3-421427743,name_prefix|name_token|name_token,name_token:8187|name_prefix:18486|address_token:19597|address_city:13384|name_token:6549,1,1,1,0.5,0.0,0,Hall Cargo LLC,Hall Cárgo L.L.C.,"9386 State Road, NY, Colden",,us
S1-67518957,S3-168924654,address_city|address_token|address_token|name_prefix|name_token|name_token,name_token:23931|address_token:176303|address_city:24174|address_token:36903|name_token:18244|name_token:15019|name_prefix:11391,1,0,0,0.667,0.333,0,Ace Realty Solutions,Ace Ace Realty,"480 Broad Street, Unit 433, Columbus, OH","0480 Broad Street, Columbus, Ohio",us
S1-22562403,S2-829730847,address_house|address_number|address_token|address_token|name_prefix|name_token,name_token:13896|name_prefix:25867|address_token:1000019|name_token:25607,1,1,1,0.333,0.571,0,Colonial Initiative,Colonial Service,"420 Chambers Drive, Mcalester, OK","420 Chambers Drive, PITTSBURG COUNTY, OK",us
S1-22562403,S3-489363260,address_house|address_number|address_token|address_token|address_token|name_prefix,name_token:13896|name_prefix:25867|address_token:1000019|name_token:25607,1,1,1,0.0,0.571,0,Colonial Initiative,#colonialinitiative,"420 Chambers Drive, Mcalester, OK","Mcalester, Oklahoma, 420-424 Chambers Drive",us
S1-127092498,S3-712551657,address_token|address_token|address_token|name_prefix|name_token,address_token:19538|address_token:304447|name_token:22786|name_prefix:5270|name_token:17665,1,1,1,0.333,0.5,0,Environmental Association,Environmental Associoaitisn,"CT, 1881 Center Groton Road, Ledyard","188 Center Groton Road, Connecticut, Ledyard",us
S1-338150352,S3-239515203,name_prefix|name_token|name_token,name_prefix:32079|name_token:23890|name_token:28539|address_token:24182|address_token:1000019|address_city:16408,1,1,1,0.667,0.0,0,Value Liberty Greenland LLC,Value  Liberty,"15972 Rondos Drive, Portland, OR",,us
S1-214439617,S3-947440895,address_city|address_token|address_token|address_token|name_prefix|name_token|name_token|name_token,name_token:25765|name_prefix:11365|name_token:19540|address_token:14767|address_city:17536|name_token:9689|name_token:49845|address_token:52857|address_token:415912,1,1,1,0.75,0.571,0,"Safe Supply International, PLLC","Safe Supply International,","4731 Highland Avenue, Kansas City, MO","Highland Avenue, Kansas City, Missouri",us
S1-554827011,S3-386074627,address_number|address_token|address_token|name_prefix|name_token,name_token:25060|address_city:6057|address_token:10910|address_number:15315|name_prefix:29511,1,1,1,0.333,0.5,0,Unified Nextera Inc,Unified  Inc Service,"1109 26th Street, Auburn, WA","Washington, Auburn, 26th St",us
S1-621158332,S3-377195809,address_city|address_token|address_token|address_token|name_prefix|name_token,address_token:97034|address_city:31695|name_prefix:17378|address_token:151460,1,1,0,0.333,0.375,0,"Vertex, LLC","Vertex, L.L.C.","97 Macdill Boulevard, Washington, DC","Macdill Blvd, Washington, District of Columbia",us
S1-764838749,S2-273551211,name_prefix|name_token|name_token,address_token:57933|name_prefix:34706|name_token:8416|name_token:8288|address_token:12916,1,1,1,0.667,0.0,0,Corner Hypnosis,Corner-Hypnosis Services,"1079 Oakridge Farm Highway, Mooresville, NC",,us
S1-656294341,S3-353299127,address_house|address_number|address_token|name_prefix|name_token|name_token|name_token|name_token|name_token,address_token:176303|name_token:102956|address_number:14870|name_token:26099|name_token:132212|address_house:8255|name_prefix:21591|name_token:21885|name_token:49845,1,1,1,0.833,0.444,0,Behavioral Health Sterling Associates PLLC,Behavioral Health Sterling Associates PLLC Commission,"29 Foster Street, Unit 2, Brockton, MA","29 Foster St, # 2, Bockton, Massachusetts",us
S1-935590039,S2-9007675,address_token|address_token|address_token|name_prefix,address_token:27045,1,1,0,0.0,0.8,0,Mullins Comstock Inc,mullinscomstock.com,"TX, 905 Witherspoon Loop, Laredo","LAREDO, TX, WITHERSPOON LOOP",us
S1-515388098,S2-686961454,name_prefix|name_token|name_token,name_prefix:34431|address_number:7872|address_token:8654|address_house:6258|name_token:16142|name_token:5923|name_token:46528,1,1,1,0.667,0.0,0,Harbor Society II,HARBOR  SOCIETY,"211 Nautical Way, Fairport Harbor, OH",,us
S1-277021650,S2-590665976,address_city|address_number|address_token|address_token|name_prefix|name_token|name_token,name_prefix:25074|name_token:7765|name_token:30892,1,1,1,0.667,0.8,0,Fresh Bistro,Fresh Bistro Services,"71201 4750 Road, Westville, OK","4750 RD, WESTVILLE, OK",us
S1-277021650,S3-462255666,address_number|address_token|address_token|name_prefix|name_token,name_prefix:25074|name_token:7765|name_token:30892,1,1,1,0.333,0.5,0,Fresh Bistro,Fresh-Bitmtsro,"71201 4750 Road, Westville, OK","Oklahoma, Westville, 4750 Road",us
S1-493344107,S2-192904215,address_token|address_token|address_token|address_token,address_token:82080|address_token:1000019|name_prefix:11707,0,0,0,0.0,0.625,0,Lyra,Lst,"Clive, 8870 Sunny Hill Drive, IA","SUNNY HILL DR, N/A, CLIVE, IA",us
S1-493344107,S2-885891394,address_token|address_token|address_token|address_token|name_core_exact|name_prefix|name_token,address_token:82080|address_token:1000019|name_prefix:11707,1,0,0,1.0,0.625,0,Lyra,Lyra LLC,"Clive, 8870 Sunny Hill Drive, IA","SUNNY HILL DRIVE, N/A, CLIVE, IA",us
S1-493344107,S3-763321678,address_house|address_number|address_token|address_token|address_token|address_token|address_token|name_token,address_token:82080|address_token:1000019|name_prefix:11707,0,0,0,0.2,1.0,0,Lyra,Yumairi d/b/a Lyra,"Clive, 8870 Sunny Hill Drive, IA","8870 Sunny Hill Drive, Clive, IA",us
S1-910709353,S3-9863984,address_city|address_house|address_token|address_token|address_token|name_token|name_token,address_house:10616|name_prefix:31405|name_token:28202|address_token:119632|name_token:20593,0,0,0,0.333,1.0,0,Continental Network,Sollumdova F/K/A Continental Network,"4 Ricky Place, Medina, NY","NY, 4 Ricky Place, Medina",us
S1-910709353,S3-692058198,address_city|address_house|address_token|address_token|address_token|name_prefix,address_house:10616|name_prefix:31405|name_token:28202|address_token:119632|name_token:20593,1,1,1,0.0,0.571,0,Continental Network,continentalnetwork.com,"4 Ricky Place, Medina, NY","4- Ricky Pl, Medina, New York",us
S1-397431766,S2-259510342,address_token|address_token|name_prefix,name_token:26006|address_token:16544|name_prefix:38423,1,1,1,0.0,0.429,0,Precision Tactical LLP,precisiontactical.com,"425 High Street, Piqua, OH","PIQUA, OH, 42 HIGH SAINT",us
S1-712684156,S2-221949892,address_token|address_token|address_token|name_token,name_token:215715|address_token:1000019,0,0,0,0.6,0.5,0,W S Holmes Group,S W Hoales Group,"333 Fredericksburg Drive, Belleville, IL","33 FREDERICKSBURG DR, PMB 7420, BELLEVILLE, IL",us
S1-873179497,S3-907569139,address_city|address_number|address_number|address_token|address_token|address_token|address_token,address_token:48079|address_token:176303|address_token:17756|name_prefix:33629|address_number:6999|name_token:29697|address_token:7431|name_token:161239|address_house:10762|address_number:17636,0,0,0,0.0,1.0,0,Green Electric Care,GEC,"Unit 30, VA, 305 Arlington Street, Ashland Town","305 Arlington Street, Unit 30, Ashland Town, VA",us
S1-873179497,S3-473274190,name_prefix|name_token|name_token,address_token:48079|address_token:176303|address_token:17756|name_prefix:33629|address_number:6999|name_token:29697|address_token:7431|name_token:161239|address_house:10762|address_number:17636,1,1,1,0.667,0.0,0,Green Electric Care,Green (Electric),"Unit 30, VA, 305 Arlington Street, Ashland Town",,us
S1-634303824,S3-614535527,address_house|address_number|address_token|address_token|address_token|name_prefix|name_token,address_token:17069|address_number:8211|name_prefix:10187|address_house:6212|name_token:11862|name_token:9548,1,0,0,0.333,0.714,0,Big Coffee,Big C0ffee,"118 La Fortuna, Thousand Oaks, CA","118 La Fortuna, California, Thousand Oaks",us
S1-172351146,S2-15386849,address_house|address_number|address_token|address_token|name_token|name_token,name_token:9644|address_token:176303|name_token:7387|address_token:5761|address_number:10739|address_house:8362|address_number:7542|name_prefix:31643,0,0,0,0.5,0.714,0,Commission on Labor,C0mmission Labor on,"115 Ocallaghan Way, Unit 209, Lynn, MA","115 OCALLAGHAN WAY, LYNN, MA",us
S1-837590532,S3-826967666,address_token|address_token|name_core_exact|name_prefix|name_token,name_prefix:19086|address_token:88980|address_token:126758,1,0,0,1.0,0.222,0,Atlas Inc.,Atlas,"4276 Winner Circle, Montville Township, OH","4295 Winner Circle, Mdina, Ohio",us
S1-837590532,S2-122793565,address_token|address_token|name_exact|name_prefix|name_token,name_prefix:19086|address_token:88980|address_token:126758,1,0,0,0.5,0.375,0,Atlas Inc.,Atlas Ínc.,"4276 Winner Circle, Montville Township, OH","004295 WINNER CIRCLE, MEDINA, OH",us
S1-837590532,S2-56034598,address_token|address_token,name_prefix:19086|address_token:88980|address_token:126758,0,0,0,0.0,0.429,0,Atlas Inc.,Atilas Inc.,"4276 Winner Circle, Montville Township, OH","WINNER CIRCLE, MEDINA, OH",us
S1-869345028,S2-668802595,address_token|address_token|address_token|name_core_exact|name_prefix|name_token|name_token|name_token,name_token:6392|name_token:292790|address_city:27541|address_token:112389|name_prefix:6135|address_token:304447|address_token:24950|name_token:5687,1,1,1,1.0,0.4,0,Human Rights Center,Human Rights Center [Corp],"Fl 0, 2100 Vitadale Court, Saint Louis, MO","ST LOUIS, 8100 VITADALE COURT, MO",us
S1-869345028,S2-207203197,address_city|address_token|address_token|address_token|address_token|name_prefix|name_token|name_token,name_token:6392|name_token:292790|address_city:27541|address_token:112389|name_prefix:6135|address_token:304447|address_token:24950|name_token:5687,1,1,1,0.667,0.556,0,Human Rights Center,Human Rights,"Fl 0, 2100 Vitadale Court, Saint Louis, MO","8100 VITADALE CT, SAINT LOUIS, MO",us
S1-869345028,S3-379653617,address_number|address_token|address_token|address_token|address_token|name_prefix|name_token|name_token|name_token,name_token:6392|name_token:292790|address_city:27541|address_token:112389|name_prefix:6135|address_token:304447|address_token:24950|name_token:5687,1,1,1,0.75,0.6,0,Human Rights Center,Human Rights Center District,"Fl 0, 2100 Vitadale Court, Saint Louis, MO","2100 Vitadale Court, Fl 0, ST. Louis, Missouri",us
S1-869345028,S2-975675846,address_city|address_token|address_token|address_token|address_token|name_prefix|name_token|name_token,name_token:6392|name_token:292790|address_city:27541|address_token:112389|name_prefix:6135|address_token:304447|address_token:24950|name_token:5687,1,1,1,0.5,0.556,0,Human Rights Center,Human  Rights Centre,"Fl 0, 2100 Vitadale Court, Saint Louis, MO","8100 VITADALE CT, SAINT LOUIS, MO",us
S1-46435479,S3-197888431,address_city|address_house|address_number|address_token|address_token|name_prefix|name_token|name_token|name_token,address_number:5843|name_token:132212|name_token:161239|name_token:22756|name_token:20949|address_token:96498|name_prefix:21699,1,1,1,0.667,0.714,0,Foot & Ankle Care Associates,Foot And Ank1e Care Associates,"700 Roy Street, Winona Lake, IN","700 Roy St, Winona Lake, Indiana",us
S1-783142237,S2-753281958,address_city|address_house|address_number|address_token|address_token|name_token,address_token:7507|name_token:5809|address_token:27363|name_prefix:5874|name_token:22786|address_city:17852,0,0,0,0.333,0.714,0,Cultural Association,CU1TURAL ASSOCIATION,"812 Rose Street, Nashville, NC","812 1/2 ROSE ST, NASHVILLE, NC",us
S1-783142237,S3-266714850,address_city|address_house|address_number|address_token|address_token|name_prefix|name_token|name_token,address_token:7507|name_token:5809|address_token:27363|name_prefix:5874|name_token:22786|address_city:17852,1,1,1,1.0,0.571,0,Cultural Association,Cultural Cultural Association Corp,"812 Rose Street, Nashville, NC","812 Rose St, Nashville, North Carolina",us
S1-783142237,S3-168536240,address_city|address_house|address_number|address_token|address_token|name_prefix|name_token,address_token:7507|name_token:5809|address_token:27363|name_prefix:5874|name_token:22786|address_city:17852,1,1,1,0.5,1.0,0,Cultural Association,Cultural,"812 Rose Street, Nashville, NC","812 Rose Street, Nashville, NC",us
S1-502794892,S3-25775998,address_city|address_token|address_token|address_token|name_prefix,name_token:5917|address_city:10088|name_prefix:16008|address_token:14852|name_token:22572|address_token:426525,1,1,0,0.0,0.375,0,Morgan Diamond Vaneck,@morgandiamond,"1937 Prestwick Lane, Wilmington, NC","1706 Prestwick Ln, Wilmington, North Carolina",us
S1-786301490,S3-50042267,address_token|address_token|address_token|address_token|address_token|name_prefix|name_token|name_token,name_token:23235|name_token:34236|address_token:13638|address_token:1000019|name_prefix:23253|address_token:16284,1,1,1,0.5,0.556,0,West Signature Vulcan LLC,West Signature LLC [Center],"Rancho Cucamonga, 7473 Valle Vista Drive, CA","Valle Vista Dr, Rancho Cucamonga Township, California",us
S1-858990034,S3-178788525,address_number|address_token|address_token|name_prefix|name_token,address_token:176303|name_token:28948|address_token:7925|address_token:5987|address_number:9670|address_house:5560|name_prefix:26535,1,1,0,0.5,0.5,0,Cascade Inc,Cascade Inc [Center],"52 Market Street, Unit 2, Lawrence, MA","Massachusetts, Lawrnce CITY, Unit 2, 52 Market Street",us
S1-858990034,S2-322414559,address_house|address_number|address_token|address_token|name_prefix|name_token,address_token:176303|name_token:28948|address_token:7925|address_token:5987|address_number:9670|address_house:5560|name_prefix:26535,1,1,0,0.5,0.5,0,Cascade Inc,Cascade Inc Partners,"52 Market Street, Unit 2, Lawrence, MA","52 MARKET STRNET, LAWRENCE, MA",us
S1-858990034,S2-482853850,address_city|address_house|address_number|address_token|address_token|name_prefix,address_token:176303|name_token:28948|address_token:7925|address_token:5987|address_number:9670|address_house:5560|name_prefix:26535,1,0,0,0.0,0.714,0,Cascade Inc,Cascoade Inc,"52 Market Street, Unit 2, Lawrence, MA","52 MARKET STREET, LAWRENCE, MA",us
S1-725423636,S3-52472483,address_token|address_token|address_token|name_prefix,name_token:29288|name_token:28539|name_prefix:15335|address_token:27045,1,1,0,0.0,0.5,0,Liberty Mountain Vista L.L.C.,libertymountainvista.com,"403 Airport Loop, Valier, MT","Airport Loop, Valier, Montana",us
S1-758146337,S3-612908770,address_house|address_number|address_number|address_token|name_prefix,name_token:292790|name_prefix:27319|name_token:25056,1,1,1,0.0,0.333,0,Heartland Center,heartlandcenter.com,"1630 900, Basco, IL","Illinois, BACO, 1630 900",us
S1-684507125,S3-20429787,address_city|address_token|address_token,name_token:7804|address_token:304447|name_prefix:12849|address_city:7069,0,0,0,0.0,0.429,0,"Thompson, Schuster & Thompson Inc.",Tavonovi,"3037 Court Avenue, Claymont, DE","3028 Court Avenue, Claymont, Delaware",us
S1-759893463,S3-152370779,address_city|address_token|address_token,name_prefix:5262,0,0,0,0.0,0.571,0,Rivas's Fisheries Inc,Drexhaloriza,"24145 La Grange Road, Frankfort, IL","La Grange Rd, Frankfort, Illinois",us
S1-799764455,S2-840128630,name_prefix|name_token|name_token,name_prefix:15137|address_token:1000019,1,1,1,0.75,0.0,0,"Gross, Meldrum & Vasquez","GROSS, MELDRUM &","451 Camellia Drive, Bluefield, WV",,us
S1-460474941,S2-782627277,name_prefix|name_token,address_token:48079|address_number:15315|name_prefix:21434|name_token:8798|name_token:33040,1,1,1,0.333,0.0,0,Silver Diner,Silver Diir,"Town Of Johnstown, WI, 2093 26th Street",,us
S1-460474941,S3-869112127,address_number|address_token|address_token|address_token|name_prefix|name_token,address_token:48079|address_number:15315|name_prefix:21434|name_token:8798|name_token:33040,1,1,1,0.333,0.625,0,Silver Diner,Silver  Dnnfer,"Town Of Johnstown, WI, 2093 26th Street","Wisconsin, 26th St, Town Of Johnstown",us
S1-646189855,S2-337214754,address_house|address_number|address_token|address_token|address_token|name_prefix,name_prefix:65027|name_token:132212|name_token:161239|name_token:68067,1,1,1,0.0,0.714,0,Pediatric Care Associates LLC,@PEDIATRICCARE,"1487 Sanderson Road, Mayfield, KY","1487 SANDERSON RD, PMB 7111, MAYFIELD, KY",us
S1-247939626,S3-897912333,address_token|address_token|address_token|name_core_exact|name_exact|name_prefix|name_token|name_token,address_token:176303|address_token:32679|address_token:6253|name_prefix:11068|name_token:14246|name_token:7970,1,1,1,1.0,0.444,0,Cure Yoga,Cure Yógá,"1215 A Antelope Trail, Unit A, Temple, TX","Temple, Texas, 215 A Antelope Trail",us
S1-247939626,S2-190498143,address_house|address_number|address_token|address_token|name_prefix,address_token:176303|address_token:32679|address_token:6253|name_prefix:11068|name_token:14246|name_token:7970,1,0,0,0.0,0.444,0,Cure Yoga,@cureyoga,"1215 A Antelope Trail, Unit A, Temple, TX","1215 A ANTELOPE TRL, TEMLPE, TX",us
S1-901136794,S3-759801987,name_prefix|name_token,none,1,0,0,0.5,0.0,0,Paex Inc,Paex  Inc Enterprises,"NY, Eden, 8280 Schreiner Road",,us
S1-871682789,S2-473696037,address_token|address_token|address_token|name_prefix,address_token:9620|name_token:45100|address_number:7192|name_prefix:17345|address_token:1000019|name_token:28330,1,0,0,0.0,0.8,0,Ridge Global Long LLC,ridgegloballong.com,"68 Hardwood Drive, Concord, NY","Hardwood Drive, NY, CONCORD",us
S1-125443573,S3-620932254,address_house|address_number|address_token|address_token|address_token|name_prefix|name_token|name_token,address_token:20662|name_token:132212|address_token:304447|address_house:9776|address_number:15694|name_prefix:14135|address_token:9153,1,1,1,0.5,0.5,0,Montium Winvest Associates,Montium Winvetst Associates,"101 Bay Shore Court, Maple, NC","101 Bay Shore Ct, PMB 9897, Maple, North Carolina",us
S1-272200036,S2-13567869,address_city|address_token|address_token|address_token|name_core_exact|name_prefix|name_token|name_token|name_token,name_token:6918|name_token:102956|name_prefix:16191|name_token:154670|address_token:415912|address_token:126758,1,1,1,1.0,0.714,0,Bureau of Health,BUREAU  OF HEALTH CORPORATION,"9633 Briarwood Circle, Sun City, AZ","09633 BRIARWOOD CIR, SUN CITY, AZ",us
S1-272200036,S2-930431234,address_city|address_token|address_token|address_token|name_prefix|name_token|name_token,name_token:6918|name_token:102956|name_prefix:16191|name_token:154670|address_token:415912|address_token:126758,1,1,1,0.5,0.714,0,Bureau of Health,Bureau of Cénter,"9633 Briarwood Circle, Sun City, AZ","09633 BRIARWOOD CIR, SUN CITY, AZ",us
S1-426422893,S3-880463804,name_prefix|name_token|name_token,name_token:6770|name_token:24914|name_prefix:27872|name_token:15241,1,1,1,0.667,0.0,0,Vanguard Marine Networks Corp,Vanguard-Marine,"4493 Strawberry Road, Montezuma, IN",,us
S1-616524797,S3-370220442,address_token|address_token|name_prefix|name_token|name_token,address_token:19597|address_city:5636|name_prefix:13438|name_token:13046|address_token:8207|name_token:24463|name_token:9953,1,1,1,0.5,0.429,0,"Select Hospitality Advisors, LLC","LLC Select Hooipteality Advisors,","Chandler, 3522 State Street, IN","03522 State St, Chandler, Indiana",us
S1-616524797,S3-177450867,address_token|address_token|name_prefix|name_token|name_token|name_token,address_token:19597|address_city:5636|name_prefix:13438|name_token:13046|address_token:8207|name_token:24463|name_token:9953,1,1,1,0.6,0.5,0,"Select Hospitality Advisors, LLC","Select Hospitality Advisors, L.L.C.","Chandler, 3522 State Street, IN","Indiana, Chandler, State St",us
S1-529688319,S3-849307522,address_token|address_token|address_token|name_core_exact|name_prefix|name_token|name_token|name_token|name_token,name_prefix:20950|name_token:102956|name_token:35448|name_token:267771|address_token:1000019|address_token:8973|name_token:22039,1,1,1,1.0,0.333,0,Womens Health Blue Partners,Womens Health Blue Pártners-LLC,"1010 Hillcrest Drive, Fairfield, IA","5010 Hillcrest Dr, PMB 3524, Fairfield, Iowa",us
S1-529688319,S3-772547321,address_token|address_token|name_prefix|name_token|name_token,name_prefix:20950|name_token:102956|name_token:35448|name_token:267771|address_token:1000019|address_token:8973|name_token:22039,1,1,1,0.5,0.182,0,Womens Health Blue Partners,Womens Health,"1010 Hillcrest Drive, Fairfield, IA","5010 Hillcrest Drive, PMB 3524, Center Township, Iowa",us
S1-529688319,S3-128107896,address_city|address_token|address_token|address_token|name_prefix|name_token|name_token|name_token,name_prefix:20950|name_token:102956|name_token:35448|name_token:267771|address_token:1000019|address_token:8973|name_token:22039,1,1,1,0.75,0.333,0,Womens Health Blue Partners,Womens Health Blue,"1010 Hillcrest Drive, Fairfield, IA","5010 Hillcrest Dr, Fairfield, PMB 3524, Iowa",us
S1-982950171,S3-338021464,address_token|address_token|address_token|name_prefix|name_token|name_token,address_token:176303|address_token:130693|name_token:16917|address_token:7145|name_token:6086|name_token:10402,1,1,1,0.5,0.556,0,Economic Development Ministries,Economic Development Services,"701 Masters Row, Unit A, Henrico County, VA","Masters Row, # A, Henrico County, Virginia",us
S1-287188085,S3-132667362,address_house|address_number|address_token|address_token|address_token|address_token|name_prefix,name_token:292790|name_prefix:65027|name_token:54128|name_token:68067|address_token:426525,1,1,1,0.0,0.667,0,Pediatric Dental Center LLC,pediatricdentalcenter.com,"Zanesville, OH, 3912 Litho Lane","3912 Litho Ln, Zanesville, Ohio",us
S1-25001741,S3-447075396,name_prefix|name_token,address_house:11196|address_city:23824|address_token:97034|address_token:13075|name_prefix:31643,1,1,0,0.5,0.0,0,Compass,Compass Service,"5 Lester B Orcutt Boulevard, Fl Floor 2, Biddeford, ME",,us
S1-899650826,S3-840298354,address_house|address_number|address_postal|address_token|address_token|address_token|name_prefix|name_token|name_token,name_token:292790|address_token:304447|name_token:30931|name_prefix:29711,1,1,1,0.667,0.375,1,Heritage Center,Heritage Center Council,"15502 Moose Court, Churubusco, IN","15502- Moose Ct, Eel River, Indiana",us
S1-424819486,S2-190315779,name_core_exact|name_prefix|name_token|name_token|name_token,name_token:8505|name_token:9074|address_token:12501|name_prefix:12218|name_token:7392,1,1,1,1.0,0.0,0,Lucky Ice Cream,Lucky Ice Cream Corp,"10268 Vernon Avenue, Montclair, CA",,us
S1-211336717,S2-469315117,address_house|address_number|address_token|address_token|address_token|name_core_exact|name_prefix|name_token|name_token|name_token|name_token,name_token:28111|name_token:132212|name_token:161239|name_prefix:22964|address_token:1000019|address_number:21616|address_house:12507|name_token:31278,1,1,1,1.0,1.0,0,Physical Therapy Care Associates Inc,Inc Physical Therapy Care Ássociates,"14 Saymor Drive, Clarkstown, NY","CLARKSTOWN, NY, #14 SAYMOR DR",us
S1-211336717,S3-602218125,address_token|address_token|name_core_exact|name_prefix|name_token|name_token|name_token|name_token,name_token:28111|name_token:132212|name_token:161239|name_prefix:22964|address_token:1000019|address_number:21616|address_house:12507|name_token:31278,1,1,1,1.0,0.25,0,Physical Therapy Care Associates Inc,Physical Therapy Care Associates,"14 Saymor Drive, Clarkstown, NY","Saymor Drive, Bardonia, New York",us
S1-266320244,S2-114160768,address_house|address_number|address_token|name_prefix|name_token|name_token|name_token|name_token,name_prefix:31405|name_token:28539|name_token:78307|name_token:28202|name_token:7980|address_number:9526|address_house:7261,1,1,1,1.0,0.571,0,Continental Liberty Hill Clinic,Continental Liberty Hill Hill (Clinic),"113 Olive Street, Lockhart, TX","113 OLIE ST, <NULL>, LOCKHART, TX",us
S1-768302450,S3-875787735,address_city|address_token|address_token|address_token|address_token|address_token|name_prefix|name_token|name_token,name_token:26006|address_city:5523|address_token:14767|address_token:9003|address_token:1000019|address_token:415912|address_token:96498|name_prefix:38423,1,1,1,1.0,0.556,0,Precision Diana Inc,Precision Precision Diana [Inc],"1336 Sunset Drive, Salt Lake City, UT","01336 Sunset Drive, Salt Lake City, Utah",us
S1-51338624,S2-182707008,address_token|address_token|name_prefix,name_token:9886|name_token:9644|address_number:7215|address_city:5546|address_token:11504|name_token:7387|name_prefix:31643,1,1,1,0.0,0.571,0,Commission on Housing,commissiononhousing.com,"72 Bassett Street, Albany, NY","072 BASSETT ST, NULL, ALBANY, NY",us
S1-51338624,S3-343881602,name_core_exact|name_prefix|name_token|name_token|name_token,name_token:9886|name_token:9644|address_number:7215|address_city:5546|address_token:11504|name_token:7387|name_prefix:31643,1,1,1,1.0,0.0,0,Commission on Housing,Commission on Housing Corporation,"72 Bassett Street, Albany, NY",,us
S1-713271719,S3-479363663,address_number|address_token|name_prefix,name_token:292790|address_city:5882|address_token:8534|name_prefix:18926|address_number:9685|address_house:7269,1,1,0,0.0,0.333,0,Quantiq Towing Center,Quantiqtowing.Com,"114 Mather Street, Clarksville, IA","Calrksville, PMB 9175, Iowa, 114 Mather Street",us
S1-357241153,S3-65446025,address_house|address_token|address_token|name_prefix|name_token,address_house:10489|address_city:7577|name_token:13821|name_prefix:14575|name_token:26566,1,1,0,0.2,0.667,0,Bay Coalition,Bay Coatitotn (ID: [48066)],"9 Irene Avenue, MA, Wareham","Massachusetts, Wareham, 9 Irene Ave",us
S1-357241153,S2-581373483,address_token|address_token|name_prefix|name_token,address_house:10489|address_city:7577|name_token:13821|name_prefix:14575|name_token:26566,1,0,0,0.333,0.8,0,Bay Coalition,Bay C0alition,"9 Irene Avenue, MA, Wareham","IRENE AVENUE, WAREHAM, MA",us
S1-695099772,S3-942870355,address_token|address_token|address_token|name_prefix|name_token|name_token,name_token:6598|address_token:97034|name_token:27991|name_prefix:38423|name_token:24586,1,1,1,0.5,0.5,0,Premier Agricultural Works Corporation,Premier Agricultural Wormks Corporation,"Taylorville, IL, 811 Kenton Boulevard","Kenton Blvd, Taylorville, Illinois",us
S1-759596217,S2-20684405,address_token|address_token|name_prefix|name_token,name_token:11384|name_prefix:9543|name_token:26732|address_token:6317,1,1,1,0.333,0.8,0,Downtown Cafe,Downtown Csafe,"26200 Larson Road, Hillsboro, OR","LARSON ROAD, OR, HILLSBORO",us
S1-759596217,S3-353209470,address_city|address_token|address_token|name_prefix|name_token|name_token,name_token:11384|name_prefix:9543|name_token:26732|address_token:6317,1,1,1,0.667,0.5,0,Downtown Cafe,Downtown Cafe LP,"26200 Larson Road, Hillsboro, OR","Larson Rd, Hillsboro, Oregon",us
S1-553442421,S2-802110223,address_city|address_house|address_number|address_token|address_token|address_token|name_prefix,name_token:102956|address_city:12870|address_token:20776|name_token:23302|name_prefix:21208,1,1,1,0.0,1.0,0,"Surgical Health, LLC",surgicalhealth.com,"3513 Hawser Street, Tucson, AZ","3513 HAWSER ST, TUCSON, AZ",us
S1-135316545,S3-680978090,name_core_exact|name_exact|name_prefix|name_token,address_token:93152|address_city:16631|address_token:23527|name_prefix:9133,1,1,0,1.0,0.0,0,Aurora,Áurora,"9316 Oliver Avenue, Brooklyn Park, MN",,us
S1-135316545,S2-468350044,address_city|address_house|address_number|address_token|address_token|address_token|address_token,address_token:93152|address_city:16631|address_token:23527|name_prefix:9133,0,0,0,0.0,1.0,0,Aurora,Aa,"9316 Oliver Avenue, Brooklyn Park, MN","9316 OLIVER AVE, BROOKLYN PARK, MN",us
S1-138517220,S2-443648575,address_number|address_number|address_token|address_token|name_token,address_token:176303|name_token:8822|name_prefix:8205|address_token:6005|name_token:26762,0,0,0,0.333,0.5,0,Uptown Pub,UTPONW PUB,"OR, Beaverton, Unit #541, 1385 158th Avenue","1385 158TH AVE, BEAVETON, OR",us
S1-138517220,S3-574022731,address_number|address_number|address_number|address_token|address_token|address_token|name_prefix|name_token|name_token,address_token:176303|name_token:8822|name_prefix:8205|address_token:6005|name_token:26762,1,1,1,0.667,0.556,0,Uptown Pub,Uptown Pub LP,"OR, Beaverton, Unit #541, 1385 158th Avenue","1385 158rd Ave, Unit #541, Beaverton, Oregon",us
S1-838234144,S3-499279857,address_token|address_token|address_token|name_prefix|name_token,name_prefix:5938|address_token:119632,1,1,1,0.333,0.5,0,Clyify Hancock,Clyify Hdnork Hdnork,"Fulton, 707 Beechwood Place, KY","Beechwood Pl, Fulton, Kentucky",us
S1-499166508,S2-599127548,address_house|address_number|address_token|address_token|address_token|address_token|name_prefix|name_token|name_token,address_city:23824|name_token:66812|address_token:36903|name_token:161239|name_prefix:20356|address_token:1000019|name_token:21755,1,1,1,0.5,0.714,0,Urgent Care Medicine Inc.,Urgent Care Inc. Service,"2151 Craigside Drive, Fl 1, Columbus, OH","2151 CRAIGSIDE DRIVE, COLUMBUS, OH",us
S1-499166508,S3-543071408,address_city|address_house|address_number|address_token|address_token|address_token|name_prefix|name_token|name_token,address_city:23824|name_token:66812|address_token:36903|name_token:161239|name_prefix:20356|address_token:1000019|name_token:21755,1,1,1,0.5,0.556,0,Urgent Care Medicine Inc.,Urgent Car-Medicine Inc.,"2151 Craigside Drive, Fl 1, Columbus, OH","2151 Craigsde Drive, Fl 1, Columbus, Ohio",us
S1-499166508,S3-748515798,address_city|address_house|address_number|address_token|address_token|address_token|address_token|name_token|name_token,address_city:23824|name_token:66812|address_token:36903|name_token:161239|name_prefix:20356|address_token:1000019|name_token:21755,0,0,0,0.333,0.75,0,Urgent Care Medicine Inc.,www.urgentcar.com Urgent Care |,"2151 Craigside Drive, Fl 1, Columbus, OH","2151 Craigside Drive, Fl 1, Columbus, Ohio",us
S1-904724369,S3-504119215,address_city|address_house|address_number|address_token|address_token|address_token|address_token|name_prefix|name_token,name_token:132212|address_token:119632|name_token:23302|address_token:13638|name_prefix:21208,1,1,1,0.333,0.444,0,Surgical Associates,Surgical Alssocaitse,"6594 Catania Place, Rancho Cucamonga, CA","6594 Catania Place, Rancho Ucamonga CITY, California",us
S1-233200379,S3-529977731,address_city|address_token|address_token|name_prefix|name_token|name_token,name_prefix:5919|name_token:29288|address_city:13553|address_token:19947,1,0,0,0.5,0.5,0,Lynn Mountain California,Lynn California Center,"807 Richwood Avenue, Baltimore, MD","Richwood Avenue, Baltimore, Maryland",us
S1-792226467,S3-887429611,address_city|address_token|address_token|address_token,address_token:25494|name_prefix:34706|address_city:25344|name_token:18148|name_token:11875|address_token:40159,0,0,0,0.0,0.444,0,Corporate Medical Collective LLC,Wexbrix,"1612 Callahan Road, Fort Mill, SC","01612 Callahan Rd, Fort Mill, South Carolina",us
S1-351081123,S2-180884383,address_house|address_number|address_number|address_token|address_token|address_token|name_prefix|name_token|name_token,name_token:21454|name_token:66812|address_token:30865|name_prefix:22876|name_token:23127|name_token:21674|address_city:31093|address_token:42719,1,1,1,0.6,1.0,0,Ear Nose & Throat Medicine,EAR NOSE &,"770 196th Street, Chicago Heights, IL","770 196TH ST, IL, CHICAGO HEIGHTS",us
S1-716381615,S3-630118127,address_number|address_token|name_prefix|name_token,name_token:27731|address_number:13264|name_token:15943|name_prefix:29511|address_token:8159,1,1,1,0.333,0.333,0,United Fund Inc,United Fddd Inc,"5019 110, Aurora, MN","Aurora, 501 110, Minnesota",us
S1-507653238,S2-999136769,name_prefix|name_token|name_token,name_prefix:11594|name_token:25114|name_token:11951|address_number:12295|name_token:9953,1,1,1,0.667,0.0,0,Best Hospitality Concepts Inc,Best Hospitality,"1340 37, Quitman, TX",,us
S1-305523857,S2-654607866,name_core_exact|name_prefix|name_token|name_token|name_token,name_prefix:20004|name_token:20839|name_token:132212|name_token:161239|address_number:21166,1,1,1,1.0,0.0,0,Urology Care Associates LLC,Urology Care Ássociates,"516 20th Street, Bellingham, WA",,us
S1-369634712,S3-798066226,address_city|address_token|address_token|name_prefix,address_token:7816|address_token:48079|address_city:18707|name_token:25444|name_prefix:17992|address_number:28545,1,0,0,0.0,0.444,0,Perri Alonso Keystone River,perrialonsokeystone.com,"2014 10th Avenue, Town Of Adams, WI","Tenth Ave, Town Of Adams, Wisconsin",us
S1-5775060,S2-922798895,address_token|address_token|address_token|name_prefix,address_token:30482|name_prefix:12218|address_token:1000019,1,0,0,0.0,0.571,0,Lucas and Sellers LLC,LUCASSELLERS.COM,"1505 Stadium View Drive, Murray, KY","STADIUM VIEW DR, MURRYA, KY",us
S1-346959431,S3-458073478,address_city|address_house|address_number|address_token|address_token|name_prefix|name_token,address_number:5017|address_token:10696|address_city:6553|name_token:11812|name_prefix:21434|name_token:33040,1,1,1,0.333,0.571,0,Silver Massage,Silver-Mrsasge,"138 Bloomingdale Road, Hempstead, NY","138 Bloomingdale Road, Hempstead, New York",us
S1-346959431,S2-361556485,address_house|address_number|address_token|name_token,address_number:5017|address_token:10696|address_city:6553|name_token:11812|name_prefix:21434|name_token:33040,0,0,0,0.333,0.667,0,Silver Massage,5i1ver Massage,"138 Bloomingdale Road, Hempstead, NY","138  BLOOMINGDALE ROAD, LEVITTOWN, NY",us
S1-346959431,S2-991358554,address_city|address_house|address_number|address_token|address_token|name_prefix,address_number:5017|address_token:10696|address_city:6553|name_token:11812|name_prefix:21434|name_token:33040,1,1,0,0.0,1.0,0,Silver Massage,@silvermassage,"138 Bloomingdale Road, Hempstead, NY","138  BLOOMINGDALE ROAD, HEMPSTEAD, NY",us
S1-53898557,S3-702071065,address_house|address_number|address_token|address_token,name_prefix:16421|address_token:32679|address_number:6898,0,0,0,0.0,0.444,0,Crestline,Deltazeta,"Highlands, NC, 135 Old Wagon Trail","#135 Old Wagon Trl, Highlands, North Carolina",us
S1-53898557,S2-676989628,address_token|address_token|address_token|name_prefix|name_token,name_prefix:16421|address_token:32679|address_number:6898,1,1,1,0.5,0.714,0,Crestline,Crestline  Service,"Highlands, NC, 135 Old Wagon Trail","HIGHLANDS, NC, 13 OLD WAGON TRAIL",us
S1-53898557,S3-970135965,name_prefix|name_token,name_prefix:16421|address_token:32679|address_number:6898,1,1,1,0.5,0.0,0,Crestline,Crestline Associates,"Highlands, NC, 135 Old Wagon Trail",,us
S1-556933530,S3-465784730,address_house|address_number|address_number|address_token|address_token|name_prefix|name_token|name_token,name_token:8613|address_token:112389|name_token:12751|address_number:21094|address_house:6688|name_token:27991|address_number:8976|name_prefix:38423,1,1,1,0.5,0.714,0,Premier Commercial Dynamics LLC,Premier Cdtmgmrbial Dynamics (Llc),"Saint Cloud, MN, 210 17 Avenue","210 17 Avenue, Saint Cloud, Minnesota",us
S1-962535443,S2-89550335,address_city|address_token|address_token|address_token|name_prefix,name_prefix:16421|name_token:23890|name_token:29584|address_token:426525|address_token:28348|address_city:18866,1,1,1,0.0,0.571,0,Creative Value Spruce Inc.,CREATIVEVALUESPRUCE.COM,"2832 Redland Lane, Indianapolis, IN","832 REDLAND LANE, INDIANAPOLIS DP, IN",us
S1-273611029,S3-482730260,address_token|address_token|name_prefix,address_token:61644|address_city:7849|address_token:28624,1,1,0,0.0,0.429,0,Randene Gray Rent,randenegrayrent.com,"808 Main Street, TN, Springfield","80 Main Street, Springfield, Tennessee",us
S1-285386760,S3-387348544,address_city|address_house|address_token|address_token|name_prefix|name_token,name_token:29121|address_city:7583|address_house:12180|name_token:215715|name_prefix:53144,1,1,1,0.5,0.714,0,Cardiology Group,Cardiology,"2 Pennacook Avenue, Oak Bluffs, MA","2 Pennacook Avenue, Oak Bluffs, Massachusetts",us
S1-285386760,S3-869157642,address_city|address_house|address_token|address_token|name_prefix,name_token:29121|address_city:7583|address_house:12180|name_token:215715|name_prefix:53144,1,1,1,0.0,0.714,0,Cardiology Group,cardiologygroup.com,"2 Pennacook Avenue, Oak Bluffs, MA","2 Pennacook Avenue, Oak Bluffs, Massachusetts",us
S1-285386760,S2-790005205,address_city|address_token|address_token|name_prefix|name_token,name_token:29121|address_city:7583|address_house:12180|name_token:215715|name_prefix:53144,1,1,1,0.5,0.714,0,Cardiology Group,Cardiology LLC,"2 Pennacook Avenue, Oak Bluffs, MA","3 Pennacook Ave, OAK BLUFFS, MA",us
S1-285386760,S2-859246491,address_city|address_token|address_token|name_prefix|name_token,name_token:29121|address_city:7583|address_house:12180|name_token:215715|name_prefix:53144,1,1,1,0.5,0.714,0,Cardiology Group,CARDIOLOGY INC,"2 Pennacook Avenue, Oak Bluffs, MA","3 PENNACOOK AVE, OAK BLUFFS, MA",us
S1-285386760,S2-844801658,address_token|address_token|name_token,name_token:29121|address_city:7583|address_house:12180|name_token:215715|name_prefix:53144,0,0,0,0.333,0.714,0,Cardiology Group,CAFRDIOLOGY GROUP,"2 Pennacook Avenue, Oak Bluffs, MA","OAK BLUFFS, 3 PENNACOOK AVE, MA",us
S1-602865234,S2-370499195,address_house|address_number|address_token|address_token|address_token|address_token,address_number:8657|address_token:176303|name_token:7741|name_token:8049|address_token:17705|address_token:8410|name_prefix:93808,0,0,0,0.0,0.667,0,The Dent Pilates!,pilatesdent.com,"3720 Cherry Street, Unit P-64, Grand Forks, ND","3720  CHERRY ST, GRAND FORKS, ND",us
S1-602865234,S3-812136746,address_house|address_number|address_number|address_token|address_token|address_token|address_token,address_number:8657|address_token:176303|name_token:7741|name_token:8049|address_token:17705|address_token:8410|name_prefix:93808,0,0,0,0.0,0.5,0,The Dent Pilates!,dentpilates.com,"3720 Cherry Street, Unit P-64, Grand Forks, ND","3720 Cherry Saint, Grand Forks, North Dakota, # P-64",us
S1-650147003,S2-307132329,address_house|address_number|address_token|address_token|address_token|address_token|name_prefix|name_token,address_token:20662|name_prefix:32079|name_token:13896|name_token:48229|address_token:5400|address_token:1000019|address_token:415912,1,1,1,0.333,0.833,0,Valley Initiative,VALLEY INIIATIVE,"1486 Maple Drive, Logan City, UT","LOGAN, 1486 MAPLE DR, UT",us
S1-430435838,S3-68609630,address_city|address_token|address_token|address_token|name_token|name_token|name_token,name_token:15469|name_token:8353|name_token:77588|name_prefix:8237|address_token:1000019,0,0,0,0.75,0.429,0,Happy Cleaning Service,The Happy Happy Cleaning Service,"1008 Mildred Drive, Alcoa, TN","1009 Mildred Dr, Alcoa, Tennessee",us
S1-319286035,S3-286306718,address_token|name_prefix|name_token|name_token|name_token,name_prefix:19587|address_token:112389|address_number:7872|name_token:30566|address_house:6258|name_token:9907|name_token:33040,1,1,1,0.75,0.429,0,South Silver White LLC,South  Silver White LLC - 3982372864,"MN, Saint Cloud, 211 5 Street","Minnesota, 5 Street, St Cloud",us
S1-337721115,S2-747431557,address_token|name_prefix|name_token,name_token:24914|name_prefix:27872|name_token:15019|name_token:215715,1,1,1,0.25,0.375,0,Vanguard Realty Group,Vanguard Rea1ty,"2239 Poppy Road, Loveland, OH","2373  POPPY RD, DEERFIELD TWP, OH",us
S1-657983054,S3-437154076,address_house|address_number|address_token|address_token|address_token|address_token|name_prefix,name_prefix:8943|name_token:8014|name_token:8462|address_token:176303|address_token:10696|address_token:13652|name_token:7722,1,0,0,0.0,0.625,0,Back Alley Tavern!,backalley.com,"1717 Broadway, Unit Unit 1, Hempstead, NY","1717 Broadway, Unit Unit 1, Hempstead, New York",us
S1-657983054,S2-335435961,address_token|address_token|name_core_exact|name_exact|name_prefix|name_token|name_token|name_token,name_prefix:8943|name_token:8014|name_token:8462|address_token:176303|address_token:10696|address_token:13652|name_token:7722,1,1,1,1.0,0.429,0,Back Alley Tavern!,BACK ALLEY TÁVERN!,"1717 Broadway, Unit Unit 1, Hempstead, NY","171 BROADWAY, HEMPSTEAD, NY",us
S1-268355673,S2-147636784,name_prefix|name_token|name_token,address_token:176303|name_token:145118,1,1,1,0.667,0.0,0,Zack Holdings,Zack Holdings Center,"801 Harris Street, Unit 801, Spur, TX",,us
S1-330765313,S3-982777925,address_token|address_token|name_token,name_token:93447|address_token:6101,0,0,0,0.333,0.5,0,Orion LP,Orrion LP,"3630 Woodglen Way, Anderson, IN","Woodglen Way, Anderson, Indiana",us
S1-31332541,S2-51524577,name_prefix|name_token|name_token,address_token:46466|address_city:19498|address_number:14544|address_token:28624|name_token:14116|address_token:88980|name_token:30931|address_house:8983|name_prefix:29711,1,1,1,1.0,0.0,0,Heritage League,heritage league league,"40 Grove Avenue, Springfield Township, PA",,us
S1-31332541,S2-948828668,address_house|address_number|address_token|name_prefix,address_token:46466|address_city:19498|address_number:14544|address_token:28624|name_token:14116|address_token:88980|name_token:30931|address_house:8983|name_prefix:29711,1,1,1,0.0,0.5,0,Heritage League,heritageleague.com,"40 Grove Avenue, Springfield Township, PA","40 GROVE AVE, FLOURTOWN CIY, PA",us
S1-578383694,S2-844408605,name_prefix|name_token|name_token|name_token,address_city:8568|address_token:12174|address_token:19538|name_prefix:8017|name_token:5379|name_token:5858,1,1,1,0.6,0.0,0,New Life Chapel LLC,New Life Chapel L.L.C.,"22426 Twp Rd 5 B, Liberty Center, OH",,us
S1-676415268,S2-161204356,address_city|address_number|address_token|address_token|address_token|address_token,address_city:7365|address_token:11233|address_token:26219|address_token:426525|address_token:11284,0,0,0,0.0,0.714,0,Cobalt LLC,Coaat LLC,"3418 Laurel Lane, Winston-salem, NC","3418D LAUREL LN, WINSTON-SALEM, NC",us
S1-676415268,S2-881281015,address_number|address_token|address_token|address_token|address_token|name_prefix|name_token,address_city:7365|address_token:11233|address_token:26219|address_token:426525|address_token:11284,1,1,0,0.5,0.556,0,Cobalt LLC,COBALT LLC  SERVICES,"3418 Laurel Lane, Winston-salem, NC","NC, 3418D LAUREL LANE, PMB 7474, WINSTON-SALEM",us
S1-676415268,S2-668433562,address_number|address_token|address_token|address_token|address_token|name_prefix|name_token,address_city:7365|address_token:11233|address_token:26219|address_token:426525|address_token:11284,1,1,0,0.333,0.714,0,Cobalt LLC,Cobalt L.L.C.,"3418 Laurel Lane, Winston-salem, NC","3418D LAUREL LN, NC, WINSTON-SALEM",us
S1-792618732,S3-556548762,address_city|address_house|address_number|address_token|address_token|address_token|name_core_exact|name_prefix|name_token,address_number:26773|address_token:1000019|address_house:15098,1,0,0,1.0,0.571,0,Orion Inc,Orion,"11 Rapple Drive, Colonie, NY","New York, 11 Rapple Dr, Colonie",us
S1-792618732,S3-844412020,address_house|address_number|address_token|address_token|name_prefix|name_token,address_number:26773|address_token:1000019|address_house:15098,1,0,0,0.5,0.375,0,Orion Inc,orion.com,"11 Rapple Drive, Colonie, NY","11 Rapple Drive, Albany, New York",us
S1-792618732,S3-159715872,address_house|address_number|address_token|address_token|name_exact|name_prefix|name_token,address_number:26773|address_token:1000019|address_house:15098,1,0,0,0.5,0.375,0,Orion Inc,Orion Ínc,"11 Rapple Drive, Colonie, NY","11 Rapple Dr, New York, Albany",us
S1-739905630,S3-73373657,address_city|address_house|address_number|address_token|address_token|name_prefix|name_token|name_token,name_token:292790|address_city:10088|address_number:6294|address_token:14852|name_token:12216|name_token:25501|name_prefix:16125|address_token:9006,1,1,0,0.5,0.667,0,Desert Learning Center Inc.,Desert Center Inc. Partners,"214 Bridge Street, Wilmington, IL","214 Bridge St, Wilmington, Illinois",us
S1-417178407,S2-100262181,address_token|address_token,address_token:5213|address_token:176303|name_token:7128|name_token:32417|name_prefix:20848,0,0,0,0.0,0.333,0,Golden Infrastructure Inc,ÉVOARCKELO,"4529 Victor Path, Unit Unit 1, Hugo, MN","MN, HGO, 004454 VICTOR PATH",us
S1-687337588,S3-262855872,name_prefix|name_token|name_token,address_city:23824|name_prefix:37235|name_token:102956|name_token:161239|name_token:22891|address_token:6317|address_token:1000019,1,1,1,0.5,0.0,0,Primary Care Health,Primary Health Center,"2625 1st Drive, Fl 1, Hillsboro, OR",,us
S1-22884383,S2-436016657,name_core_exact|name_exact|name_prefix|name_token|name_token,address_token:176303|name_prefix:18876|address_number:9836|name_token:29304|address_number:26773|name_token:14116,1,1,1,1.0,0.0,0,National League,National Léague,"1215 11th Street, Unit SP 55, Hermiston, OR",,us
S1-936357545,S2-157862805,address_house|address_number|address_token|address_token|name_prefix|name_token|name_token,name_token:23235|address_number:22652|address_house:13987|name_prefix:10720|name_token:215715|address_token:5627,1,1,1,0.5,0.667,0,Signature Broadcast Group,Signature Bltoadcast Group,"15 Cottage Street, Winchendon, MA","15 COTTAGE SAINT, WINCHENDON, MA",us
S1-735449207,S2-582323919,address_token|address_token|name_prefix|name_token|name_token,name_token:9835|name_token:28628|name_prefix:57846|name_token:25824|address_token:426525,1,1,1,0.5,0.375,0,Interstate Insurance Alliance,INTERSTATE INSURANCE SERVICE,"10315 Longleaf Lane, Fairhope, AL","40315 LONGLEAF LN, AL, BALDWIN COUNTY",us
S1-897782473,S3-320619473,address_city|address_house|address_number|address_number|address_token|name_token,address_city:5424|address_token:7417,0,0,0,0.5,0.571,0,Ironclad LLC,The Ironclad LLC,"776 169 Street, Bronx, NY","776 169 St, Bronx, New York",us
S1-897782473,S3-932068766,address_house|address_number|address_number|address_token,address_city:5424|address_token:7417,0,0,0,0.0,0.571,0,Ironclad LLC,Iemmsld LLC,"776 169 Street, Bronx, NY","Bronx, 776 169 Street, New York",us
S1-897782473,S2-967522984,address_city|address_house|address_number|address_number|address_token|name_prefix|name_token,address_city:5424|address_token:7417,1,1,1,0.333,0.625,0,Ironclad LLC,Ironclad L.L.C.,"776 169 Street, Bronx, NY","776 169 STREET, PO BOX 8002, BRONX, NY",us
S1-369869764,S2-713314722,address_number|address_token,address_token:7491|name_token:28090|name_prefix:32613|address_number:15694,0,0,0,0.0,0.429,0,Metropolitan Corporation,Merpooliitan Corporation,"10453 101, Decatur, IN","101, PO BOX 5742, DECATUR, IN",us
S1-287234434,S3-364392414,name_token|name_token|name_token,name_token:15469|name_token:77588|address_token:82080|name_prefix:10872,0,0,0,0.8,0.0,0,Fernandina's Cleaning Service,The Fernandina'S Cleaning Service,"450 Tolley Hill Road, Gay, WV",,us
S1-112786841,S3-339734492,address_house|address_number|address_number|address_token|address_token|name_prefix|name_token,name_token:292790|address_token:176303|name_prefix:65027|address_number:5354|address_number:20603|name_token:68067|address_token:1000019,1,1,1,0.333,0.4,0,Pediatric Center,Pediatric Ccdnalr,"218 Antelope Drive, Unit 18W, Layton, UT","218-220 Antelope Dr, Laytno, # 18W, Utah",us
S1-693654577,S3-524895287,address_number|address_token|address_token|name_prefix|name_token,name_prefix:15104|name_token:46601|address_token:16193|address_token:6812|name_token:16142,1,1,1,0.333,0.429,0,Coastal Society,Coastal (Srcniey),"13014 238th Street, Greenwood, NE","1301 238th Street, Nebraska, Greenwood",us
S1-460359317,S2-876063178,address_city|address_token|address_token|address_token|name_prefix|name_token|name_token,address_token:57933|name_token:8353|address_token:8453|name_prefix:8237|name_token:9074|address_city:11776|address_token:24976|name_token:7392,1,1,1,0.5,0.833,0,Happy Ice Cream,Happy Ice Crbtam,"7829 Mt Holly Highway, Mount Holly, AR","AR, MT HOLLY HIGHWAY, MOUNT HOLLY",us
S1-460359317,S2-530376929,address_city|address_house|address_number|address_token|address_token|address_token|address_token|name_prefix|name_token|name_token|name_token,address_token:57933|name_token:8353|address_token:8453|name_prefix:8237|name_token:9074|address_city:11776|address_token:24976|name_token:7392,1,1,1,0.75,1.0,0,Happy Ice Cream,Happy Ice Cream Center,"7829 Mt Holly Highway, Mount Holly, AR","##7829 MT HOLLY HWY, MOUNT HOLLY, AR",us
S1-460359317,S3-496495402,address_city|address_house|address_number|address_token|address_token|address_token|address_token|name_prefix|name_token|name_token,address_token:57933|name_token:8353|address_token:8453|name_prefix:8237|name_token:9074|address_city:11776|address_token:24976|name_token:7392,1,1,0,0.5,0.714,0,Happy Ice Cream,Happy lce  Cream,"7829 Mt Holly Highway, Mount Holly, AR","7829 Mt Holly Highway, Mount Holly, Arkansas",us
S1-649716201,S3-573602984,address_city|address_house|address_number|address_token|name_prefix|name_token,name_token:78307|name_token:23302|address_number:9526|address_house:7261|name_prefix:21208,1,1,1,0.333,0.6,0,Surgical Clinic LLC,Surgical-Cleiic LLC,"113 Pittston Road, Pittston, ME","113 Pittston Road, Pittston, Maine",us
S1-649716201,S3-413447238,address_city|address_house|address_number|address_token|name_prefix|name_token|name_token,name_token:78307|name_token:23302|address_number:9526|address_house:7261|name_prefix:21208,1,1,1,0.667,0.6,0,Surgical Clinic LLC,Surgical Clínic LLC Federation,"113 Pittston Road, Pittston, ME","113 Pittston Rd, Pittston, Maine",us
S1-138776748,S3-290177541,address_number|address_token|address_token|name_prefix|name_token|name_token,address_token:176303|address_token:6069|name_token:132212|name_prefix:24533|name_token:8273|address_number:9517|name_token:26074|address_number:12094,1,1,1,0.5,0.333,0,Superior Marketing Associates Inc,Superior Marketing Inc Services,"1475 46th Avenue, Unit 103, Yuma, AZ","Arizona, Yuma, 1459 46th Ave",us
S1-639106300,S3-34972867,address_token|address_token|name_prefix|name_token|name_token,name_token:25765|name_token:27592|address_city:5610|address_token:8159|name_prefix:17364|address_number:5740,1,1,1,0.667,0.375,0,Rocky Safe Virtus,Rocky Safe,"308 Redwood Street, Birmingham, AL","00308 Redwood St, NULL, Birmingham, Alabama",us
S1-972766189,S3-314351626,address_number|address_token|address_token,address_token:176303|address_number:13136|address_token:1000019|name_token:7489,0,0,0,0.0,0.333,0,Gusta King Imperial LLC,Drexarc,"228 Highpoint Drive, Unit 104, Romeoville, IL","Highpoint Dr, # 104, Incorporated, Illinois",us
S1-878612468,S2-887979958,address_token|name_prefix,name_token:10953|address_city:12718|address_token:21879|name_prefix:25071|name_token:6602,1,1,1,0.0,0.5,0,Northern Aerospace,northernaerospace.com,"797 Brunswick Road, Richmond, ME","BRUNSWICK ROAD, RICHHMOND, ME",us
S1-327405346,S3-586913532,name_prefix|name_token|name_token,name_token:23352|address_token:1000019|name_prefix:5921,1,1,1,0.667,0.0,0,Simpson Legacy Wintergreen Inc,Simpson Legacy,"4359 Brucene Drive, Alton, IL",,us
S1-701027238,S3-887669758,address_house|address_number|address_token|address_token|address_token|name_prefix|name_token,address_number:10726|address_house:6053|address_token:15143|name_prefix:9133|address_token:16715,1,1,0,0.5,0.667,0,Aurora LLC,áurora.com,"43 Watkins Cove, Jackson, TN","43 Watkins Cove, Jackson, Tennessee",us
S1-701027238,S2-278109967,address_house|address_number|address_token|address_token|address_token|name_core_exact|name_prefix|name_token,address_number:10726|address_house:6053|address_token:15143|name_prefix:9133|address_token:16715,1,1,0,1.0,1.0,0,Aurora LLC,Aurora,"43 Watkins Cove, Jackson, TN","#43 WATKINS COVE, JACKSON, TN",us
S1-310630315,S3-243473927,address_city|address_house|address_number|address_token|address_token|address_token|address_token,address_token:5305|name_prefix:18486|address_token:1000019,0,0,0,0.0,0.364,0,Halcyon LLC,... The Ha1cyon LLC,"5314 Casa Grande Drive, Topock, AZ","5314 Caas Grande Drive, PO Box 8349, Topock, Arizona",us
S1-310630315,S2-904402020,address_city|address_number|address_token|address_token|address_token|address_token,address_token:5305|name_prefix:18486|address_token:1000019,0,0,0,0.0,0.625,0,Halcyon LLC,Hasslcn LLC,"5314 Casa Grande Drive, Topock, AZ","5314C Casa Grande Drive, TOPOCK OWNSHIP, AZ",us
S1-184057533,S3-109754409,address_house|address_number|address_token|address_token|name_prefix|name_token|name_token|name_token|name_token,name_token:39214|name_token:21454|address_house:6329|name_prefix:22876|address_number:11265|name_token:23127|name_token:21674,1,1,1,0.8,0.667,0,Ear Nose & Throat Physicians Inc.,Ear Nose + Throat Physicians,"38 Berkshire Avenue, Southwick, MA","Southwick, Massachusetts, 38 Berkshire Ave",us
S1-184057533,S3-435749799,address_city|address_house|address_number|address_token|address_token|name_prefix|name_token|name_token|name_token,name_token:39214|name_token:21454|address_house:6329|name_prefix:22876|address_number:11265|name_token:23127|name_token:21674,1,1,1,0.667,0.667,0,Ear Nose & Throat Physicians Inc.,Inc. Ear Nose & Throat Physicnaames,"38 Berkshire Avenue, Southwick, MA","38 Berkshire Avenue, Southwick, Massachusetts",us
S1-582124208,S2-819571204,address_number|address_token|address_token|address_token|address_token|name_prefix|name_token,address_token:176303|address_token:93152|address_token:7552|name_prefix:12980|address_token:82080|name_token:21959|address_token:33961|name_token:27520|address_number:11320,1,1,1,0.333,0.583,0,Dynamic Digital,Dynamic-Services,"NY, Unit Apartment 3P, 45 Hill Park Avenue, Great Neck Plaza","45 HILL PARK AVE, <NULL>, GREAT NECK, NY",us
S1-200437542,S2-417455367,name_prefix|name_token|name_token|name_token,name_token:292790|address_token:61644|address_token:176303|address_number:11411|name_prefix:23937|address_city:12962|address_token:25147|name_token:154670|name_token:21404,1,1,1,0.6,0.0,0,"Orthopedic Center of Mesa, Inc","Orthopedic Center of Mah, Inc","10745 Main Street, Unit 106, Mesa, AZ",,us
S1-149490587,S3-330257099,address_city|address_number|address_token|address_token|address_token|address_token|address_token|name_prefix|name_token|name_token,name_prefix:5769|address_city:5532|address_token:216928|address_token:8801|address_token:9836|name_token:5693,1,1,0,1.0,0.6,0,Saint Israel,Saint Saint Israel Ltd,"512 Carolina Rest Home Road, Roanoke Rapids, NC","512B Carolina Rest Home Road, Roanoke Rapids, North Carolina",us
S1-61484713,S3-679211913,address_number|address_token|address_token|address_token|name_token|name_token|name_token,address_token:52857|address_token:32188|name_token:29288|address_number:6254|name_prefix:7457|name_token:6153|address_token:415912,0,0,0,0.75,0.333,0,Ramirez Mountain Sun Corp,Córp. Ramirez Mountain Sun,"Kansas City, 1505 95th Terrace, MO","150 95st Ter, Kansas City, Missouri",us
S1-61484713,S3-321726672,address_number|address_token|address_token|address_token|name_token|name_token,address_token:52857|address_token:32188|name_token:29288|address_number:6254|name_prefix:7457|name_token:6153|address_token:415912,0,0,0,0.5,0.333,0,Ramirez Mountain Sun Corp,Services Ramirez Mountain Corp,"Kansas City, 1505 95th Terrace, MO","150 95st Ter, Kansas City, Missouri",us
S1-891192796,S3-402240702,address_city|address_token|address_token|address_token|name_prefix|name_token|name_token,address_token:6424|name_prefix:57846|name_token:6366|name_token:13480|name_token:75567|address_token:1000019|address_token:6053,1,1,1,0.667,0.429,0,Interfaith Project PC,Interfaith Project Inc,"16149 Hope Drive, Surprise, AZ","Arizona, 6149 Hope Drive, Surprise",us
S1-891192796,S3-798714624,address_city|address_token|address_token|address_token|name_prefix|name_token|name_token|name_token,address_token:6424|name_prefix:57846|name_token:6366|name_token:13480|name_token:75567|address_token:1000019|address_token:6053,1,1,1,1.0,0.429,0,Interfaith Project PC,-- Interfaith Project Pc Pc,"16149 Hope Drive, Surprise, AZ","6149 Hope Drive, Surprise, Arizona",us
S1-444252738,S2-72042077,name_prefix|name_token|name_token|name_token,name_token:15697|address_token:24182|address_city:16408|name_token:29743|name_token:154670|address_token:12682|name_prefix:16807,1,1,1,0.75,0.0,0,Federal Federation of Portland,Federal Federation of,"1507 Marion Street, Portland, OR",,us
S1-619716760,S2-52655158,address_token|name_prefix|name_token|name_token,address_token:31236|address_city:23174|name_prefix:65027|name_token:132212|address_token:151460|name_token:68067|name_token:49845,1,1,1,0.667,0.5,0,Pediatric Associates PLLC,PEDIATRIC ASSOCIATES,"3305 Washington Street, Phoenix, AZ","CAPITOL, Washington St, AZ",us
S1-681936473,S3-377395103,address_city|address_house|address_number|address_token|address_token|address_token,name_prefix:10240|address_token:176303|name_token:66812|address_token:19538|address_city:5291|address_token:9111|name_token:8904|name_token:154670|name_token:21455,0,0,0,0.0,0.667,0,Lower School of Medicine,medicinelowerschool.com,"NC, Unit C, 620 Center Avenue, Burlington","620 Center Avenue, Burlington, North Carolina, Unit C",us
S1-108061241,S3-49750540,address_city|address_house|address_number|address_token|address_token|address_token|address_token|address_token|name_prefix|name_token,address_token:130693|name_prefix:5919|address_city:11097|address_token:304447|address_token:16263,1,0,0,0.5,0.714,0,Lynx,Lynx.Com,"5557 Macduff Court, Fairfax County, VA","5557 Macduff Ct, Fairfax County, Virginia",us
S1-108061241,S3-370621176,address_city|address_house|address_number|address_token|address_token|address_token|address_token|address_token|name_token,address_token:130693|name_prefix:5919|address_city:11097|address_token:304447|address_token:16263,0,0,0,0.333,1.0,0,Lynx,Synflux aka Lynx,"5557 Macduff Court, Fairfax County, VA","5557 Macduff Court, Fairfax County, VA",us
S1-789535674,S3-955396994,address_number|address_token|name_prefix|name_token|name_token,name_token:9644|address_number:15315|address_number:6308|name_token:7387|name_prefix:31643,1,1,1,0.667,0.3,0,Commission on Transportation,Commission  on,"69-26 Cooper Avenue, Ridgewood, NY","0069-26 Cooper Avenue, Riddgewood, New York",us
S1-789535674,S2-506578934,address_house|address_number|address_number|address_token|address_token|name_prefix|name_token|name_token,name_token:9644|address_number:15315|address_number:6308|name_token:7387|name_prefix:31643,1,1,1,0.5,0.857,0,Commission on Transportation,Commission on  Tsanspotrfatigon,"69-26 Cooper Avenue, Ridgewood, NY","RIDGEWOOD, NY, 69-26-73 COOPER AVENUE",us
S1-789535674,S3-726893747,address_number|address_token|name_prefix|name_token|name_token|name_token|name_token_sort,name_token:9644|address_number:15315|address_number:6308|name_token:7387|name_prefix:31643,1,1,1,1.0,0.3,0,Commission on Transportation,Commission Transportation on,"69-26 Cooper Avenue, Ridgewood, NY","Riddgewood, 0069-26 Cooper Avenue, New York",us
S1-143237743,S2-346079214,name_prefix|name_token|name_token|name_token,address_house:11067|name_prefix:9121|name_token:154670|name_token:6363|address_number:18943,1,1,1,0.6,0.0,0,Division of Motor Vehicles,Division of Motor (Vrehinsl),"25 Ash Street, Dedham, MA",,us
S1-710533588,S3-874221556,address_city|address_token|address_token|address_token|name_prefix,address_token:67312|address_token:7507|name_prefix:8205|name_token:13066|name_token:26762|name_token:12989,1,1,0,0.0,0.571,0,Uptown Hair Studio,uptownhairstudio.com,"3175 Rose Valley Road, Kelso, WA","Rose Valley Rd, Kelso, Washington",us
S1-407985927,S3-104665947,address_token|address_token|name_prefix|name_token,address_number:7738|name_token:16917|name_token:28090|name_prefix:32613|address_house:5560|address_token:9320,1,1,1,0.333,0.25,0,Metropolitan Ministries,Metropolitan Minitnrise,"NC, Canton, 208 Greenberry Street","Canton, North Carolina, Greenberry Saint",us
S1-917846727,S2-986081458,address_token|address_token,name_token:21419|name_token:93447|name_token:22614|address_token:5800|address_token:1000019|name_token:6377|name_prefix:12761,0,0,0,0.0,0.571,0,Trusted Materials Ventures LP,TMVENTURES.COM,"2355 La Jolla Drive, Tempe, AZ","TEMEP, La Jolla Drive, AZ",us
S1-387017656,S2-79880546,address_house|address_number|address_token|address_token|address_token|address_token|name_core_exact|name_exact|name_prefix|name_token|name_token,address_token:5521|address_token:176303|address_number:12128|address_house:9342|address_number:28545|address_token:9800|address_token:11221|name_token:25501|name_token:22786|name_prefix:16125|address_token:426525,1,1,1,1.0,0.75,0,Desert Association,DESERT ÁSSOCIATION,"111 Monroe King Lane, Elgin, Unit 10C, TX","ELGIN, TX, 111 MONROE KING LANE",us
S1-387017656,S3-586813348,name_prefix|name_token|name_token,address_token:5521|address_token:176303|address_number:12128|address_house:9342|address_number:28545|address_token:9800|address_token:11221|name_token:25501|name_token:22786|name_prefix:16125|address_token:426525,1,1,1,0.667,0.0,0,Desert Association,Desert Ássociation Enterprises,"111 Monroe King Lane, Elgin, Unit 10C, TX",,us
S1-345789546,S3-844248534,name_prefix|name_token|name_token,name_token:24286|address_token:9615|name_prefix:38423,1,1,1,0.667,0.0,0,Preferred Anadolu,Preferred  Anadolu Enterprises,"335 Chase Avenue, Hamilton, OH",,us
S1-831723935,S2-663439570,address_number|address_token|address_token|name_prefix|name_token|name_token,name_token:66812|name_prefix:57846|name_token:21456|address_token:19538|name_token:78307|address_token:5670,1,1,1,0.4,0.667,0,Internal Medicine Clinic P.C.,Internal Medicine,"7981 900, Royal Center, IN","981 900, ROYAL CENTER, IN",us
S1-831723935,S3-227629499,address_number|address_token|address_token|name_prefix|name_token|name_token|name_token,name_token:66812|name_prefix:57846|name_token:21456|address_token:19538|name_token:78307|address_token:5670,1,1,1,0.6,0.5,0,Internal Medicine Clinic P.C.,Internal Medicine Clinic LLC,"7981 900, Royal Center, IN","900, Royal Center, Indiana",us
S1-787864780,S3-469868073,address_city|address_house|address_number|address_token|address_token|name_prefix|name_token,name_prefix:33629|name_token:15697|name_token:27514,1,1,1,0.333,0.444,0,Great Federation,Great Fearaton,"790 Wasson Street, Willcox, AZ","790 Wasson Street, PO Box 1375, Willcox, Arizona",us
S1-787864780,S2-97279843,address_token|address_token|name_prefix|name_token,name_prefix:33629|name_token:15697|name_token:27514,1,1,1,0.333,0.429,0,Great Federation,Great Feadesmartion,"790 Wasson Street, Willcox, AZ","90 WASSON SAINT, WILLCOX, AZ",us
S1-174039534,S3-864198726,address_city|address_token|address_token|name_prefix|name_token|name_token|name_token,name_token:5229|address_token:24430|name_token:28539|name_prefix:6036|address_token:28348|address_city:18866,1,1,1,0.75,0.429,0,Matelda Washington Liberty Tech,Matelda Washington Liberty,"6156 Delaware Street, Indianapolis, IN","006156 Delaware Street, Indianapolis, Indiana",us
S1-234883594,S2-44801064,address_token|address_token|name_prefix|name_token,address_city:7404|address_token:20592|name_token:27731|address_token:16193|name_prefix:29511|name_token:16142,1,1,1,0.333,0.25,0,United Society Inc,UNITED SOCIY INC,"1453 Makers Street, Lincoln, NE","1374 MAKESR SAINT, LINCOLN, NE",us
S1-764848295,S3-240952166,address_house|address_number|address_token|address_token|name_prefix|name_token,name_token:10609|address_token:10161|address_city:6844|name_token:8174|address_token:304447|name_prefix:8742,1,1,0,0.333,0.5,0,Urban Tattoo,Urban Thatoo,"330 Hidden Oak Court, Atlanta, GA","330 Hidden Oak Court, Atl, Georgia",us
S1-558472244,S3-653742360,address_token|address_token|name_token|name_token,name_token:6392|name_prefix:6135|name_token:13821|address_token:304447|address_number:6051|name_token:5687,0,0,0,0.5,0.286,0,Human Rights Coalition Inc,Center Human Rights Inc,"91 Osage Court, Oswego, IL","Osage Court, Osswego, Illinois",us
S1-146681244,S3-681300238,name_prefix|name_token,name_token:145118|name_token:215715,1,1,1,0.25,0.0,0,Niriify Holdings Group,Niriify.Com,"735 Cook Road, Lucasville, OH",,us
S1-569874454,S3-464780210,address_house|address_token|address_token,name_token:7202|name_prefix:9510|name_token:78307|name_token:8584|address_city:13073|address_token:21929|address_house:10923|address_token:426525,0,0,0,0.0,0.375,0,Langley Holding Company Clinic,Kelolyra,"7 Kinsale Lane, Boston, MA","7 Kinsale Ln, Hyde Park, Massachusetts",us
S1-516670405,S2-196237462,address_city|address_house|address_number|address_token|address_token|address_token|name_prefix|name_token,address_token:176303|address_city:12962|name_token:22756|name_token:20949|address_token:25147|name_token:215715|name_prefix:21699,1,1,1,0.5,0.625,0,Foot & Ankle Group,Foot  &,"5818 Baseline Road, Unit 2052, Mesa, AZ","AZ, 5818 BASELINE RD, MESA DESERT",us
S1-516670405,S3-622360076,name_prefix|name_token|name_token|name_token,address_token:176303|address_city:12962|name_token:22756|name_token:20949|address_token:25147|name_token:215715|name_prefix:21699,1,1,1,1.0,0.0,0,Foot & Ankle Group,Foot & & Ankle Gróup,"5818 Baseline Road, Unit 2052, Mesa, AZ",,us
S1-516670405,S2-878556414,address_city|address_house|address_number|address_token|address_token|address_token|name_prefix|name_token|name_token,address_token:176303|address_city:12962|name_token:22756|name_token:20949|address_token:25147|name_token:215715|name_prefix:21699,1,0,0,0.286,0.625,0,Foot & Ankle Group,Foot  + Group Services (ID: 99264),"5818 Baseline Road, Unit 2052, Mesa, AZ","5818 BASELINE RD, MESA DESERT, AZ",us
S1-766239599,S2-486862913,address_token|address_token|name_prefix|name_token|name_token,name_token:8353|name_prefix:8237|name_token:9074|address_house:6533|name_token:7392|address_number:10669,1,1,1,0.667,0.8,0,Happy Ice Cream!,HAPPY ICE,"60 Lakeland Avenue, Babylon, NY","LAKELAND AVE, NY, BABYLON",us
S1-766239599,S3-693109262,address_city|address_house|address_number|address_token|address_token|name_prefix|name_token|name_token,name_token:8353|name_prefix:8237|name_token:9074|address_house:6533|name_token:7392|address_number:10669,1,1,1,0.5,0.5,0,Happy Ice Cream!,Happy Ice Cérgam!,"60 Lakeland Avenue, Babylon, NY","60-64 Lakeland Avenue, Babylon, New York",us
S1-295229517,S2-606303112,address_house|address_number|address_number|address_token|name_prefix|name_token,address_token:5521|address_token:176303|name_prefix:9153|name_token:25110,1,1,1,0.333,0.714,0,Christ Church,Christ Center,"TX, 428 Us 290, Elgin, Unit 4I","428 US 290, ELGIN, TX",us
S1-295229517,S3-677866004,address_number|address_token|name_prefix|name_token,address_token:5521|address_token:176303|name_prefix:9153|name_token:25110,1,1,0,0.333,0.375,0,Christ Church,Christ Service,"TX, 428 Us 290, Elgin, Unit 4I","Us 290, Elgin, Texas",us
S1-635287937,S2-152345582,address_house|address_number|address_token|name_prefix|name_token,address_house:11010|address_number:20603,1,0,0,0.5,0.667,0,Titan,TITAN LP,"18 Yardarm Way, Ogunquit, ME","18 YARDARM WAY, OGUNQUTI, ME",us
S1-397126726,S2-567351890,address_house|address_number|address_token|address_token|address_token|name_prefix,name_token:9886|name_prefix:9121|address_token:32679|name_token:6363|name_token:154670,1,1,1,0.0,0.667,0,Division of Housing,divisionhousing.com,"1996 Saddlecloth Trail, Blanchard, OK","1996 SADDLECLOTH TRL, BLANCHARD, OK",us
S1-328138017,S3-493562842,address_city|address_token|address_token|address_token,address_token:67312|name_prefix:14135|address_token:1000019|address_token:8871,0,0,0,0.0,0.333,0,Monarch,Mnarh,"2480 Harrison Drive, Chino Valley, AZ","Harrison Dr, Chino Alley Township, Arizona",us
S1-328138017,S2-507189483,address_city|address_house|address_number|address_token|address_token|address_token|address_token|name_prefix,address_token:67312|name_prefix:14135|address_token:1000019|address_token:8871,0,0,0,0.0,0.714,0,Monarch,MONHI,"2480 Harrison Drive, Chino Valley, AZ","2480 HAARISON DR, CHINO VALLEY, AZ",us
S1-619224469,S2-451559807,address_token|name_prefix,name_token:24847|name_token:29288|address_token:19597|name_prefix:14575|address_token:6208|name_token:26566,0,0,0,0.0,0.429,0,Bay Star Mountain Inc.,baystarmountain.com - 8921417620,"2824 State Street, Chester, IL","824 STATE STREET, CHSETER, IL",us
S1-708079337,S3-121765676,address_city|address_house|address_number|address_number|address_token|name_prefix,name_token:11972|name_token:13480|name_prefix:11644|address_number:7215,1,0,0,0.0,0.5,0,Youth Project,youthproject.com,"2485 St Rte 140, Wheelersburg, OH","2485. St Rte 140, Wehelersburg, Ohio",us
S1-374471041,S2-578983176,address_house|address_token|address_token|address_token|name_prefix|name_token|name_token|name_token,name_token:42955|address_token:62864|name_prefix:22583|address_house:12180|name_token:22367|address_token:1000019|address_token:6209|name_token:154670,1,1,1,0.75,0.625,0,Dermatology Specialists of Asheville,DERMATOLOGY  SPECIALISTS OF,"2 Jaks Ridge Drive, Asheville, NC","ASHEILLE CITY, NC, 2 JAKS RIDGE DR",us
S1-999138718,S2-321827473,address_number|address_token|address_token|address_token,name_token:39214|name_prefix:37235|address_token:17324|name_token:161239|address_token:6719|name_token:22891|address_token:16962|address_city:16134,0,0,0,0.0,0.714,0,Primary Care Physicians Inc.,pcphysicians.com,"7451 Pleasant Hollow Road, TX, Tyler","7451A PLEASANT HOLLOW ROAD, TYLER, TX",us
S1-999138718,S3-704680718,address_house|address_number|address_token|address_token|address_token|address_token|name_prefix|name_token|name_token|name_token,name_token:39214|name_prefix:37235|address_token:17324|name_token:161239|address_token:6719|name_token:22891|address_token:16962|address_city:16134,1,1,1,0.75,0.714,0,Primary Care Physicians Inc.,Primary Care Physicians lnc.,"7451 Pleasant Hollow Road, TX, Tyler","7451 Pleasant Hollow Rd, Tyler, Texas",us
S1-999138718,S2-530087851,address_token|address_token|address_token|name_core_exact|name_prefix|name_token|name_token|name_token,name_token:39214|name_prefix:37235|address_token:17324|name_token:161239|address_token:6719|name_token:22891|address_token:16962|address_city:16134,1,1,1,1.0,0.833,0,Primary Care Physicians Inc.,PRIMARY CARE PHYSICIANS INCORPORATED,"7451 Pleasant Hollow Road, TX, Tyler","PLEASANT HOLLOW ROAD, TYLER, TX",us
S1-999138718,S3-536839480,address_house|address_number|address_token|address_token|address_token|address_token,name_token:39214|name_prefix:37235|address_token:17324|name_token:161239|address_token:6719|name_token:22891|address_token:16962|address_city:16134,0,0,0,0.0,0.714,0,Primary Care Physicians Inc.,careprimary.c0m,"7451 Pleasant Hollow Road, TX, Tyler","7451 Pleasant Hollow Road, Tyler, Texas",us
S1-999138718,S2-237242127,address_number|address_token|address_token|address_token|name_prefix|name_token|name_token,name_token:39214|name_prefix:37235|address_token:17324|name_token:161239|address_token:6719|name_token:22891|address_token:16962|address_city:16134,1,1,1,0.5,0.714,0,Primary Care Physicians Inc.,PRIMARY PHYSICIANS INC.  CENTER,"7451 Pleasant Hollow Road, TX, Tyler","7451A PLEASANT HOLLOW ROAD, TYLER, TX",us
S1-426845584,S2-784431424,name_prefix|name_token|name_token,address_token:31236|name_token:21424|name_prefix:5205|address_city:23174|address_number:9517|address_token:426525,1,1,1,0.667,0.0,0,Machinists Local 980,Machinists Local,"7824 46th Lane, Phoenix, AZ",,us
S1-145394946,S2-778874078,address_token|address_token|name_prefix|name_token|name_token,name_token:8001|name_token:8822|name_prefix:24828|address_token:5012|address_city:40839|address_token:415912|name_token:8195,1,1,1,0.667,0.571,0,Straight Edge Pub,Straight Edge,"911 Linden Avenue, City Of Manitowoc, WI","WI, LINDEN AVE, MANITOWOC",us
S1-236298411,S3-305129696,address_city|address_token|address_token|name_token,address_token:6692|name_token:215715|address_city:31093|address_token:42719,0,0,0,0.5,0.5,0,T+ World Group,T+ Group Center,"4600 Lowell Avenue, Chicago, IL","Lowell Avenue, Chicago, Illinois",us
S1-778763144,S3-738096092,address_city|address_house|address_number|address_token|address_token|address_token|address_token|address_token|name_prefix,address_token:176303|address_token:130693|name_token:8506|name_token:8265|address_token:7827|address_token:151460|name_prefix:9284,1,0,0,0.0,0.429,0,Sweet Barbershop!,sweetbarbershop.com,"2111 Bonham Road, Unit CHEM BLDG, Washington County, VA","2111 1/2 Bonham Rd, Unit CHEM BLDG, Bristol CITY, Virginia",us
S1-778763144,S2-148627011,address_house|address_number|address_token|name_core_exact|name_prefix|name_token|name_token,address_token:176303|address_token:130693|name_token:8506|name_token:8265|address_token:7827|address_token:151460|name_prefix:9284,1,1,1,1.0,0.273,0,Sweet Barbershop!,Sweet Barbershop! Corporation,"2111 Bonham Road, Unit CHEM BLDG, Washington County, VA","2111 BNOHAM ROAD, BRISTOL, VA",us
S1-569597521,S2-171424599,address_token|address_token|name_token|name_token|name_token,address_token:176303|name_token:45100|address_token:7406|address_number:13264|address_token:7028,0,0,0,1.0,0.444,0,Demetris Ryan Global LLC,"RYAN, DEMETRIS GLÓBAL LLC","97 Warren Avenue, Unit FIR-110B, Plymouth, MA","0097 WARREN AVE, PLYMOUTH, MA",us
S1-523645619,S3-459600362,address_city|address_token|address_token|address_token|name_prefix,name_prefix:14909|address_token:12702|address_city:11260|address_token:119632|name_token:22572|address_token:1000019|address_token:415912|name_token:8870,1,1,0,0.0,0.5,0,Diamond Industrial Corporation,@diamondindustrial,"13930 Oak Place Drive, Central City, LA","Oak Place Dr, Central, Louisiana",us
S1-841909887,S3-786556090,address_city|address_house|address_token|address_token|name_core_exact|name_exact|name_prefix|name_token|name_token,address_token:95719|address_city:31235|name_prefix:16645|address_house:10489|name_token:30869,1,1,1,1.0,0.5,0,First Cathedral,First Cáthedral,"9 West Street, Griffin, IN","9 West St, PMB 7145, Griffin, Indiana",us
S1-841909887,S2-508511223,address_city|address_house|address_token|name_core_exact|name_exact|name_prefix|name_token|name_token,address_token:95719|address_city:31235|name_prefix:16645|address_house:10489|name_token:30869,1,1,1,1.0,0.667,0,First Cathedral,First Cáthedral,"9 West Street, Griffin, IN","9 WEST STREET, GRIFFFIN, IN",us
S1-841909887,S2-480452449,address_city|address_house|address_token|name_prefix|name_token,address_token:95719|address_city:31235|name_prefix:16645|address_house:10489|name_token:30869,1,1,1,0.333,0.667,0,First Cathedral,FIRST  CATHEDRA1,"9 West Street, Griffin, IN","9 WEST STREET, GRIFFFIN, IN",us
S1-433637655,S3-163508644,address_token|address_token|name_prefix|name_token,address_token:14059|address_token:32679|name_token:27991|name_prefix:38423,1,1,1,0.333,0.222,0,Premier Generating Inc.,Premier Genreastign Inc.,"7115 Dodge Trail, Albuquerque, NM","711 Dodge Trl, Albuquerque, New Mexico",us
S1-424431910,S3-761583370,address_city|address_house|address_number|address_token|address_token|address_token,name_token:23735|address_token:5761|address_token:9656|name_token:28090|name_prefix:32613|address_token:415912,0,0,0,0.0,0.714,0,Metropolitan Trust,Mirairi,"237 Lynn Road, Johnson City, TN","237 Lynn Rd, Johnson City, Tennessee",us
S1-848059522,S3-192344380,address_token|address_token|address_token|name_core_exact|name_prefix|name_token,name_token:23944|name_prefix:34706|address_city:42837|address_token:59571|address_token:426525,1,1,1,1.0,0.429,0,"Cornerstone, Inc","Cornerstone, [Incorporated]","8424 Vogue Lane, Houston, TX","Vogue Ln, <NULL>, Houston, Texas",us
S1-582001279,S2-628682415,name_prefix|name_token|name_token,name_token:12751|name_token:24750|address_token:17324|name_prefix:11508|name_token:7834,1,1,1,0.667,0.0,0,Total Apparel Dynamics Inc,Total Apparel,"229 Pleasant Street, Joliet, IL",,us
S1-819024852,S3-833579099,address_house|address_number|address_token|address_token|address_token|address_token,address_token:71663|name_token:5809|name_prefix:5874|name_token:13480,0,0,0,0.0,0.625,0,Cultural Project,Cu1tural Ptrjóetc,"3905 Lick Creek Road, Anna, IL","3905 Lick Creek Road, null, Anna, Illinois",us
S1-819024852,S3-839407844,address_house|address_number|address_token|address_token|address_token|address_token|name_prefix|name_token,address_token:71663|name_token:5809|name_prefix:5874|name_token:13480,1,1,1,0.333,0.625,0,Cultural Project,Cultural [Partners],"3905 Lick Creek Road, Anna, IL","null, Anna, 3905 Lick Creek Rd, Illinois",us
S1-248986382,S3-64399720,address_city|address_token|address_token|address_token|name_prefix|name_token,name_token:16917|name_token:8549|name_prefix:5655|address_token:1000019,1,1,1,0.333,0.5,0,Veterans Ministries,Veterans [Center],"2010 Ponderosa Drive, Jonesboro, AR","Ponderosa Drive, Jonesboro, Arkansas",us
S1-226596234,S3-426769820,address_token|address_token|name_prefix,name_prefix:20490|address_token:9253|address_city:6039|name_token:35311|name_token:215715,1,1,1,0.0,0.429,0,Regional Workshop Group,#régionalworkshop,"3820 Esplanade Avenue, Gilbert, AZ","Esplanade Ave, NULL, Gilbert, Arizona",us
S1-949665270,S3-117585227,address_house|address_number|address_token|name_token|name_token,address_house:10049|name_token:145118|address_number:18140|name_token:215715,0,0,0,0.5,0.429,0,Fleming Holdings Group LLC,Fremnig Holdings Group LLC,"23 Morency Avenue, Westport, MA","23 Morency Ave, Westort, Massachusetts",us
S1-713691244,S2-358947242,address_city|address_house|address_number|address_token|address_token|address_token|address_token|name_prefix,address_token:304447|address_token:9877,0,0,0,0.0,0.833,0,Flint Inc,Flit Inc,"3267 Canyon Court, Lenoir, NC","3267-A CANYON CT, LENOIR, NC",us
S1-713691244,S2-208616457,address_city|address_token|address_token|address_token|name_prefix|name_token,address_token:304447|address_token:9877,1,0,0,0.5,0.8,0,Flint Inc,FLINT INC SERVICE,"3267 Canyon Court, Lenoir, NC","CANYON COURT, LENOIR, NC",us
S1-713691244,S3-377085630,address_city|address_house|address_number|address_token|address_token|address_token|address_token,address_token:304447|address_token:9877,0,0,0,0.0,0.571,0,Flint Inc,Firtn Inc,"3267 Canyon Court, Lenoir, NC","3267 Canyon Court, Lenoir, North Carolina",us
S1-352225017,S3-180782993,address_number|address_token|address_token|address_token|name_prefix|name_token,address_token:176303|name_prefix:18564|address_number:18136|address_city:7849|address_house:9784|address_token:5298|name_token:31067,1,1,1,0.333,0.556,0,Smith Bulkers LLC,Smith Buklers LLC,"Unit 13, Athens, 1809 Velma Road, TN","1808 Velma Rd, Unit 13, Athens, Tennessee",us
S1-63272257,S3-400704635,name_prefix|name_token,name_token:5917|name_prefix:16008|address_city:5661|address_token:9320,1,1,0,0.333,0.0,0,Morgan Energetics LLC,Morgan LLC Partners,"7958 Westfall Street, Canton, OH",,us
S1-412491603,S2-404479111,name_token|name_token|name_token,name_prefix:16480|address_token:61644|name_token:22570|name_token:10107,0,0,0,0.75,0.0,0,Beach Rapid Research LLC,The  Beach Rapid Research LLC,"515 Main Street, Greensburg, IN",,us
S1-671930738,S2-999391901,address_token|address_token|address_token,name_token:26583|name_prefix:57846|name_token:17280|address_token:119632|name_token:14670,0,0,0,0.0,0.667,0,Integrated Education Worldwide LLC,NOVIDELTA,"5432 Wierfield Place, Trotwood, OH","TROTWOOD, OH, 735 WIERFIELD PL",us
S1-410444094,S2-617949342,address_city|address_house|address_number|address_token|address_token|address_token|address_token|name_prefix|name_token|name_token,address_house:11067|name_prefix:37235|name_token:66812|address_city:7323|name_token:161239|name_token:22891|address_token:28585|address_token:304447|address_token:19919|address_token:38797|address_number:18943,1,1,1,0.5,1.0,0,Primary Care Medicine LLC,Primary Cnoslare Medicine LLC,"25 Pennsylvania Court, Little Rock, AR","25 PENNSYLVANIA CT, LITTLE ROCK, AR",us
S1-941571009,S3-435708646,address_token|address_token|name_prefix|name_token|name_token,name_prefix:12900|address_token:304447|address_token:9153|name_token:23338|name_token:6457|address_token:11457|address_number:7578|name_token:16356,1,1,0,0.4,0.5,0,Peak Payment Labs Inc.,Peak Pmfnt Labs lnc.,"63 Shore Road, Clinton, CT","Shore Road, Connecticut, Clinton",us
S1-941571009,S3-146764246,address_house|address_number|address_token|address_token|address_token|name_token|name_token|name_token,name_prefix:12900|address_token:304447|address_token:9153|name_token:23338|name_token:6457|address_token:11457|address_number:7578|name_token:16356,0,0,0,0.6,1.0,0,Peak Payment Labs Inc.,Arcnextavo formerly Peak Payment Labs Inc.,"63 Shore Road, Clinton, CT","Clinton, CT, 63 Shore Road",us
S1-361222699,S2-678345044,address_number|address_token|name_prefix,name_token:39214|name_token:22756|name_token:20949|name_prefix:21699,1,0,0,0.0,0.667,0,Foot & Ankle Physicians,footanklephysicians.com,"350 Mop Road, Billings, MO","BILLINGS, MO, 350A MOP RD",us
S1-684154818,S3-813134723,name_prefix|name_token,name_prefix:11644|address_token:1000019|name_token:5810,1,1,0,0.333,0.0,0,Young Procap,Young  Services,"1901 Kingsley Drive, Schaumburg, IL",,us
S1-429216070,S3-971252704,name_token|name_token|name_token,name_token:6493|name_prefix:15638|address_token:6229|name_token:5923|name_token:16465|address_number:7856,0,0,0,0.75,0.0,0,Literacy Fellowship II,The Literacy Fellowship II,"500 Locust Road, Eastham, MA",,us
S1-155386639,S2-551760025,address_city|address_house|address_token|address_token|address_token|address_token,name_token:11144|address_house:10489|address_token:49460|name_token:75567|address_city:25254|address_token:29155|address_token:426525,0,0,0,0.0,1.0,0,"Banks, Maggie, CPA, PC",cpamaggiebanks.com,"9 Briar Lane, East Hills, NY","9 BRIAR LN, EAST HILLS, NY",us
S1-902134662,S3-112947617,address_city|address_number|address_token|address_token|address_token|name_core_exact|name_prefix|name_token|name_token,address_token:10696|address_city:6553|name_token:161239|name_token:23302|address_token:1000019|name_prefix:21208,1,1,1,1.0,0.375,0,Surgical Care LLC,Surgical Care,"774 Regent Drive, Hempstead, NY","774D Regent Dr, Hempstead, New York",us
S1-204229796,S3-519228961,name_prefix|name_token|name_token,address_token:32089|name_token:15697|name_prefix:33424|name_token:28666|name_token:5923,1,1,1,0.5,0.0,0,Allied Federation II Co,Allied  Fedrrathion II Co,"1200 Columbia Street, Frankfort, IN",,us
S1-443727826,S2-11395980,address_house|address_number|address_token|address_token,name_token:5970|name_token:21287|address_token:176303|address_token:22436|address_city:22359|name_prefix:8189,0,0,0,0.0,0.444,0,Hunger Institute,Ciratavofaye,"1024 2nd Street, Unit APT 403, Sacramento, CA","1024 2ST ST, SACRAMENTO, CA",us
S1-805611150,S3-111150809,name_prefix|name_token|name_token|name_token,address_city:27541|name_token:24288|address_token:176303|address_token:112389|name_token:267771|address_token:97034|address_number:6770|address_token:24950|name_prefix:10494,1,1,1,0.75,0.0,0,Pioneer Nutrition Partners LLC,Pioneer Nutrition Partners Enterprises,"600 Brentwood Boulevard, Unit UNIT 4, Saint Louis, MO",,us
S1-639855237,S2-227293940,address_city|address_token|address_token,name_token:24180|name_token:9823|address_token:26717|name_token:21959|address_city:19259|name_prefix:10797,0,0,0,0.0,0.667,0,Innovative Electronics Digital LLC,ZEPHWEX,"5832 Martel Avenue, Dallas, TX","005832 MARTEL AVE, DALLAS, TX",us
S1-380257068,S3-604945970,address_house|address_number|address_token|address_token,address_number:5767,0,0,0,0.0,0.667,0,Cedar,Cr,"VT, Hardwick, 401 Wolcott Street","401 Wolcott St, Hardwick, Vermont",us
S1-380257068,S3-423849533,address_house|address_number|address_token|address_token,address_number:5767,0,0,0,0.0,0.667,0,Cedar,Cbtsar,"VT, Hardwick, 401 Wolcott Street","Vermont, Hardwick, 401 Wolcott St",us
S1-380257068,S3-283879588,address_house|address_number|address_token|address_token,address_number:5767,0,0,0,0.0,0.667,0,Cedar,Avigild,"VT, Hardwick, 401 Wolcott Street","401 Wolcott St, Hardwick, Vermont",us
S1-16523754,S3-603402095,address_city|address_token|address_token|address_token|address_token|address_token|name_token|name_token,address_token:130693|name_token:22570|address_token:6745|address_city:6983|name_prefix:10796|address_token:10429|address_token:119632|address_token:28276|name_token:6598,0,0,0,1.0,0.556,0,Rapid Investment Company,Ínvestment Rapid Company,"13412 Green Apple Place, Chesterfield County, VA","1341 Green Apple Place, Chesterfield County, Virginia",us
S1-800386497,S2-56933087,address_city|address_token|address_token|address_token|name_prefix,name_prefix:8022|address_city:46373|address_token:7335|address_token:126758,1,0,0,0.0,0.5,0,"Cook, Campos & Lizarraga Metals LLC",cookcamposlizarraga.com,"1021 Nelson Circle, New Castle, DE","001021 NELSON CIR, PO BOX 3904, NEW CASTLE, DE",us
S1-861226438,S3-152203297,address_city|address_house|address_number|address_token|address_token|name_prefix|name_token|name_token,name_token:10844|address_number:9526|address_token:17324|name_prefix:22070|name_token:35448|address_house:5324,1,1,1,0.667,0.667,0,Blue Grill LLC,Blue Grill LLC Service,"48 Pleasant Street, Andover, MA","#48 Pleasant Street, Andover, Massachusetts",us
S1-665707307,S3-782970539,address_city|address_house|address_number|address_token|address_token|address_token|name_prefix|name_token,address_token:8987|address_number:5354|name_token:49943|address_token:12581|name_prefix:28584|name_token:15943,1,1,1,0.333,0.625,0,Family Fund,Family Fd,"218 Hughes Branch Road, Huntington, WV","218 Hughes Branch Road, Huntington, West Virginia",us
S1-665707307,S2-300419315,address_city|address_token|address_token|address_token|name_core_exact|name_prefix|name_token|name_token,address_token:8987|address_number:5354|name_token:49943|address_token:12581|name_prefix:28584|name_token:15943,1,1,1,1.0,0.833,0,Family Fund,Family Fúnd LLC,"218 Hughes Branch Road, Huntington, WV","HUGHES BRANCH RD, HUNTINGTON, WV",us
S1-553307341,S3-683253955,name_prefix|name_token,address_token:6109|address_token:30340|name_token:5809|name_prefix:5874|name_token:13480,1,1,1,0.333,0.0,0,Cultural Project LLC,Cultural Praoect LLC,"615 Georgias Landing Parkway, Garner, NC",,us
S1-553307341,S3-679495439,address_token|address_token|address_token|address_token|name_token|name_token,address_token:6109|address_token:30340|name_token:5809|name_prefix:5874|name_token:13480,0,0,0,0.667,0.444,0,Cultural Project LLC,Council Cultural Project-LLC,"615 Georgias Landing Parkway, Garner, NC","North Carolina, Garner, 627 Georgias Landing Parkway",us
S1-966283230,S2-925793601,address_number|address_token|address_token|address_token|name_prefix|name_token,name_token:6493|address_token:176303|name_prefix:15638|name_token:22786,1,1,1,0.333,0.333,0,Literacy Association,Literacy Asscocimraion,"TX, Unit 237, Mineral Wells, 3001 2nd Street","3001 1/2 2TH SAINT, MINERAL WELLS, TX",us
S1-32984805,S3-728060059,address_city|address_token|address_token|name_prefix,address_city:7853|address_token:32089|name_prefix:10058,1,0,0,0.0,0.429,0,Bell Clearthink LLC,bellclearthink.com,"711 Glade Street, Columbia, TN","71 Glade Street, Columbia, Tennessee",us
S1-359940032,S3-524470761,address_token|address_token|address_token|address_token|name_prefix|name_token,name_prefix:27319|name_token:102956|address_token:27522|address_token:40482|name_token:25824|address_token:1000019,0,0,0,0.333,0.571,0,Health Alliance,Hea1th [Alliance],"Cedar Falls, 2124 Barkwood Drive, IA","Barkwood Dr, Cedar Falls, Iowa",us
S1-359940032,S3-372784023,address_house|address_number|address_token|address_token|address_token|address_token|address_token|name_prefix|name_token,name_prefix:27319|name_token:102956|address_token:27522|address_token:40482|name_token:25824|address_token:1000019,1,1,1,0.333,0.455,0,Health Alliance,Health Allance,"Cedar Falls, 2124 Barkwood Drive, IA","2124-C Barkwood Drive, PO Box 9615, Cedar Falls, Iowa",us
S1-558543126,S2-842028529,address_number|address_token|address_token|address_token|name_prefix,name_prefix:17553|name_token:6734|address_token:304447|address_token:6052|address_house:5886|address_number:10801,1,1,1,0.0,0.625,0,Brothers and Clark,brothersclark.com,"44 Bee Hunter Court, Amherst, NY","44A BEE HUNTER COURT, EAST AMHERST, NY",us
S1-841013705,S3-956451789,address_token|address_token|name_prefix,name_token:5917|address_token:59571|name_prefix:41078|address_city:16134,1,1,1,0.0,0.5,0,Marmolejos and Morgan,marmolejosmorgan.com,"Houston, 3545 Cline Street, TX","Cline St, Houston, Texas",us
S1-951773596,S2-902653293,address_number|name_prefix|name_token,address_number:28545|name_token:22786|name_token:14670|name_prefix:5128,1,1,0,0.333,0.222,0,Education Association,EDUCATI0N ASSOCIATION,"20061 10th Avenue, Shoreline, WA","SEATTLE CDP, WA, 020061 10ND AVENUE",us
S1-951773596,S2-29433937,address_number|name_prefix|name_token,address_number:28545|name_token:22786|name_token:14670|name_prefix:5128,1,1,1,0.333,0.222,0,Education Association,Education Ascsciation,"20061 10th Avenue, Shoreline, WA","020061 10ND AVE, SEATTLE CDP, WA",us
S1-951773596,S2-521504218,address_number|name_prefix|name_token,address_number:28545|name_token:22786|name_token:14670|name_prefix:5128,1,1,1,0.333,0.222,0,Education Association,Education Associatino,"20061 10th Avenue, Shoreline, WA","020061 10ND AVE, SEATTLE CDP, WA",us
S1-884664582,S3-122439892,address_house|address_number|address_token|address_token|address_token|name_token|name_token|name_token,name_token:9644|address_token:9881|address_token:130693|address_token:30865|address_city:6009|name_token:7387|name_prefix:31643,0,0,0,0.75,0.4,0,Commission on Sanitation,The Commission on Sanitation,"4962 Darlington Heights Rd, Prince Edward County, VA","4962- Darlington Heights Rd, Culen, Virginia",us
S1-884664582,S3-703867541,address_house|address_number|address_token|address_token|address_token|name_token|name_token|name_token,name_token:9644|address_token:9881|address_token:130693|address_token:30865|address_city:6009|name_token:7387|name_prefix:31643,0,0,0,0.75,0.4,0,Commission on Sanitation,The Commission On Sanitation,"4962 Darlington Heights Rd, Prince Edward County, VA","4962- Darlington Heights Rd, Culen, Virginia",us
S1-864483889,S2-817535594,address_token|name_core_exact|name_exact|name_prefix|name_token|name_token,address_token:6215|address_number:12604|address_house:7790|name_prefix:16645|name_token:30869,1,1,1,1.0,0.5,0,First Zion,First Zíon,"41 Florence Road, Easthampton, MA","Florence Rd, EASTHAPTON, MA",us
S1-864483889,S2-434008664,address_house|address_number|address_token|name_prefix|name_token,address_token:6215|address_number:12604|address_house:7790|name_prefix:16645|name_token:30869,1,1,0,0.333,0.667,0,First Zion,Fírst-Zaeon,"41 Florence Road, Easthampton, MA","41 FLORENCE ROAD, EASTHAPTON, MA",us
S1-843832605,S3-755994738,address_token|address_token|address_token|name_prefix|name_token,address_token:27522|name_token:9823|address_token:415912|address_token:119632|address_token:19975|name_token:41747|name_prefix:16083,1,1,0,0.333,0.333,0,Capital Electronics LLC,Capita1 Electronics LLC,"City Of Madison, 5721 Cedar Place, WI","5720 Cedar Place, Wisconsin, Madison",us
S1-653064707,S2-379709989,address_token|address_token|address_token|name_prefix|name_token|name_token,address_token:7999|address_number:5571|address_token:38512|address_token:176303|address_city:22359|address_token:415912|address_number:5847|name_token:25110,1,1,0,0.5,0.5,0,Temple Presbyterian Church,Temple Service Presbyterian,"230 Spring Street, Unit 2 APT 225, Winchester City, VA","SPRING STREET, WINCHESTER CITY, VA",us
S1-653064707,S2-585848251,name_prefix|name_token|name_token|name_token,address_token:7999|address_number:5571|address_token:38512|address_token:176303|address_city:22359|address_token:415912|address_number:5847|name_token:25110,1,1,0,1.0,0.0,0,Temple Presbyterian Church,Temple Church Présbyterian,"230 Spring Street, Unit 2 APT 225, Winchester City, VA",,us
S1-678469109,S3-266904367,name_prefix|name_token|name_token,address_token:6128|address_city:5556|address_token:11223|name_token:26137,1,1,1,0.5,0.0,0,Fuller Midwest Quantumsphere Inc,Fuller Midwest Inc Center,"1203 Fairview Avenue, WA, Spokane",,us
S1-6895340,S3-167940005,name_prefix|name_token|name_token,name_token:22762|address_city:20683|address_token:176303|address_token:33961|address_token:6600|address_number:24594,1,1,1,0.667,0.0,0,Guzman Crystal Array,Guzman Crystal,"1320 12th Avenue, Unit Apartment A, Fargo, ND",,us
S1-87045710,S3-978659869,address_token|address_token|name_prefix,name_token:28539|address_token:38797,1,0,0,0.0,0.333,0,Pena Liberty LLC,penaliberty.com,"11221 Galla Rock Road, Dardanelle, AR","1122 Galla Rock Rd, Dardanelel, Arkansas",us
S1-552778349,S3-827132735,address_house|address_number|address_token|address_token|name_token|name_token|name_token,name_prefix:37235|address_token:14404|name_token:267771|name_token:161239|name_token:22891|address_token:14977,0,0,0,0.429,1.0,0,Primary Care Partners,Orbiecto formerly known as Primary Care Partners,"Rochester, NY, 273 Jefferson Avenue","273 Jefferson Avenue, Rochester, NY",us
S1-552778349,S3-666964270,address_house|address_number|address_token|address_token|name_core_exact|name_prefix|name_token|name_token|name_token,name_prefix:37235|address_token:14404|name_token:267771|name_token:161239|name_token:22891|address_token:14977,1,1,1,1.0,0.571,0,Primary Care Partners,Primary Care Partners  Corporation,"Rochester, NY, 273 Jefferson Avenue","273 Jefferson Ave, Rochester, New York",us
S1-552778349,S3-914960853,address_house|address_number|address_token|address_token|name_prefix|name_token|name_token,name_prefix:37235|address_token:14404|name_token:267771|name_token:161239|name_token:22891|address_token:14977,1,1,1,0.5,0.571,0,Primary Care Partners,Primary Partners Ccshe,"Rochester, NY, 273 Jefferson Avenue","273 Jefferson Avenue, Rochester, New York",us
S1-552778349,S2-99592127,address_number|address_token|address_token|name_core_exact|name_prefix|name_token|name_token|name_token,name_prefix:37235|address_token:14404|name_token:267771|name_token:161239|name_token:22891|address_token:14977,1,1,1,1.0,0.714,0,Primary Care Partners,Primary Care Partners Co,"Rochester, NY, 273 Jefferson Avenue","ROCHESTER, PMB 6618, NY, 273 JEFFERSON AVE",us
S1-798223387,S2-638348863,address_token|address_token|name_prefix|name_token,name_token:11972|name_token:15697|address_token:97034|name_prefix:11644,1,1,0,0.333,0.5,0,Youth Federation LLC,Youth Fderaieon  LLC,"4607 Monrovia Boulevard, Monrovia, MD","004607 MONROVIA BLVD, <NULL>, MONROVIA, MD",us
S1-466112442,S3-594139647,address_city|address_token|address_token|name_prefix|name_token,address_token:176303|name_token:132212|name_prefix:23937|address_token:5305|name_token:21404,1,0,0,0.333,0.375,0,Orthopedic Associates,Orth0pedic Associates,"21045 Mcdowell Road, Unit 338, Buckeye, AZ","Mcdowell Rd, Buckeye, Arizona",us
S1-954138561,S2-921310887,address_city|address_house|address_number|address_token|address_token|address_token|name_prefix,name_token:292790|address_number:7810|name_prefix:32079|address_token:19919|name_token:48229,1,1,0,0.0,1.0,0,Valley Center,valleycenter.com,"90 Little Neck Road, Ipswich, MA","90 LITTLE NECK RD, IPSWICH, MA",us
S1-655943832,S3-556805296,address_house|address_number|address_number|address_postal|address_token|address_token|address_token|name_prefix|name_token,address_number:9533|address_token:176303|name_token:23735|name_token:28948|address_token:5670|name_prefix:26535,1,1,1,0.333,0.5,1,Cascade Trust,Cascade Ttsut,"13144 Royal Palm Way, Unit 205, Farragut, TN","13144 Royal Palm Way, # 205, Concord, Tennessee",us
S1-937437575,S2-775073205,name_prefix|name_token|name_token,name_prefix:7180|name_token:14127|address_city:23824|address_token:304447|address_token:8207|name_token:154670,1,1,1,0.5,0.0,0,Office of Finance,OFFICE OF FRNENOCE,"1123 Maverick Court, Fl 1, Chandler, AZ",,us
S1-937437575,S2-145760756,address_token|address_token|name_prefix|name_token|name_token,name_prefix:7180|name_token:14127|address_city:23824|address_token:304447|address_token:8207|name_token:154670,1,1,1,0.667,0.375,0,Office of Finance,Office of,"1123 Maverick Court, Fl 1, Chandler, AZ","MAVERICK CT, CHANLDER, AZ",us
S1-937437575,S2-623220140,address_house|address_number|address_token|address_token|name_prefix|name_token|name_token,name_prefix:7180|name_token:14127|address_city:23824|address_token:304447|address_token:8207|name_token:154670,1,1,1,0.667,0.333,0,Office of Finance,Office  of,"1123 Maverick Court, Fl 1, Chandler, AZ","1123 MAVERIK CT, CHANLDER, AZ",us
S1-684902908,S3-495564651,address_number|address_token|name_prefix|name_token,name_prefix:17553|address_number:8346|name_token:18225,1,1,1,0.333,0.333,0,Brown Seas LLC,Brown LLC Services,"4776 80, Muscadine, AL","776 80, Muscadine, Alabama",us
S1-41802911,S3-495801124,name_prefix|name_token|name_token,name_prefix:19891|name_token:93447|name_token:31450|address_token:1000019,1,1,1,0.667,0.0,0,East Xsolla LP,East Xsolla,"750 Hillside Drive, Sherman, TX",,us
S1-2815733,S2-79103566,address_house|address_number|address_token|address_token|address_token|address_token|name_prefix|name_token,address_house:7851|name_token:29288|address_token:304447|address_token:8315|name_prefix:18416|name_token:14116|address_token:415912|address_number:12094,1,1,1,0.333,1.0,0,Mountain League,Mountain Laaeeu,"103 Gateway Court, Chesapeake City, VA","103 GATEWAY COURT, VA, CHESAPEAKE CITY",us
S1-2815733,S3-825686351,address_city|address_house|address_number|address_token|address_token|address_token|address_token|name_prefix|name_token,address_house:7851|name_token:29288|address_token:304447|address_token:8315|name_prefix:18416|name_token:14116|address_token:415912|address_number:12094,1,1,1,0.333,0.625,0,Mountain League,Mountain Lee,"103 Gateway Court, Chesapeake City, VA","103-C Gateway Court, Chesapeake City, Virginia",us
S1-2815733,S2-146342939,address_house|address_number|address_token|address_token|address_token|address_token|name_token,address_house:7851|name_token:29288|address_token:304447|address_token:8315|name_prefix:18416|name_token:14116|address_token:415912|address_number:12094,0,0,0,0.333,1.0,0,Mountain League,M0untain Léague,"103 Gateway Court, Chesapeake City, VA","CHESAPEAKE CITY, VA, 103 GATEWAY COURT",us
S1-2815733,S2-474753248,address_city|address_house|address_number|address_token|address_token|address_token|address_token|name_prefix|name_token,address_house:7851|name_token:29288|address_token:304447|address_token:8315|name_prefix:18416|name_token:14116|address_token:415912|address_number:12094,1,1,1,0.333,1.0,0,Mountain League,Mountain  Partners,"103 Gateway Court, Chesapeake City, VA","103 GATEWAY CT, CHESAPEAKE CITY, VA",us
S1-681148247,S2-67219617,address_token|address_token|address_token|name_prefix|name_token|name_token|name_token,name_token:39214|address_city:23824|name_prefix:20950|name_token:102956|address_token:12922|address_token:1000019|name_token:22039,1,1,1,0.6,0.571,0,Womens Health Physicians Inc,WOMENS HEALTH PHYSICIANS ÍNC TRUST,"3557 Berrywood Drive, Fl 1, Dayton, OH","BERRYWOOD DR, DAYTON, OH",us
S1-681148247,S3-913951447,address_city|address_token|address_token|name_exact|name_prefix|name_token|name_token|name_token,name_token:39214|address_city:23824|name_prefix:20950|name_token:102956|address_token:12922|address_token:1000019|name_token:22039,1,1,1,0.75,0.4,0,Womens Health Physicians Inc,Womens Health Physicians ÍNC,"3557 Berrywood Drive, Fl 1, Dayton, OH","03557 Berrywood Dr, Fl. 1, Daytno, Ohio",us
S1-681148247,S3-821843366,address_city|address_token|address_token|name_prefix|name_token|name_token,name_token:39214|address_city:23824|name_prefix:20950|name_token:102956|address_token:12922|address_token:1000019|name_token:22039,1,0,0,0.5,0.4,0,Womens Health Physicians Inc,Women Health Physicians Inc,"3557 Berrywood Drive, Fl 1, Dayton, OH","03557 Berrywood Dr, Fl. 1, Daytno, Ohio",us
S1-838058147,S2-5883287,address_city|address_house|address_number|address_token|address_token|address_token|address_token|name_prefix|name_token|name_token|name_token,address_house:10762|name_token:292790|name_token:21454|address_token:130693|name_prefix:22876|name_token:23127|name_token:21674|address_token:426525|address_number:17636,1,1,1,0.667,0.75,0,Ear Nose & Throat Center,Ear Nose & Trhait [Center],"VA, 30 Belle Meade Lane, Rockbridge County","30 BELLE MEADE LN, ROCKBRIDGE BATHS, VA",us
S1-838058147,S3-709745591,address_city|address_token|address_token|address_token|address_token|address_token|name_prefix|name_token|name_token|name_token,address_house:10762|name_token:292790|name_token:21454|address_token:130693|name_prefix:22876|name_token:23127|name_token:21674|address_token:426525|address_number:17636,1,1,1,0.8,0.556,0,Ear Nose & Throat Center,Ear Nose & Throat,"VA, 30 Belle Meade Lane, Rockbridge County","80 Belle Meade Lane, Rockbridge County, Virginia",us
S1-838058147,S3-98736932,address_city|address_token|address_token|address_token|address_token|address_token|name_prefix|name_token|name_token|name_token,address_house:10762|name_token:292790|name_token:21454|address_token:130693|name_prefix:22876|name_token:23127|name_token:21674|address_token:426525|address_number:17636,1,0,0,0.667,0.556,0,Ear Nose & Throat Center,Ear Neao and Center Throat,"VA, 30 Belle Meade Lane, Rockbridge County","80 Belle Meade Ln, Rockbridge County, Virginia",us
S1-462425186,S2-259004997,address_city|address_token|address_token|address_token|address_token|address_token|name_core_exact|name_exact|name_prefix|name_token|name_token,address_token:7816|name_prefix:21918|name_token:27180|address_token:415912|address_token:14767|name_token:215715|address_city:19064|address_token:96498|address_token:57397,1,1,1,1.0,0.778,0,Eye Group,Eye Gróup,"2825 Adams Street, South Salt Lake City, UT","002825 ADAMS ST, SOUTH SALT LAKE CITY, UT",us
S1-462425186,S2-138451278,address_token|address_token|address_token|address_token|name_prefix|name_token,address_token:7816|name_prefix:21918|name_token:27180|address_token:415912|address_token:14767|name_token:215715|address_city:19064|address_token:96498|address_token:57397,0,0,0,0.5,0.5,0,Eye Group,EYE,"2825 Adams Street, South Salt Lake City, UT","002825 ADAMS SAINT, SALT LAKE CITY, UT",us
S1-462425186,S3-824766864,address_city|address_house|address_number|address_token|address_token|address_token|address_token|address_token|address_token|name_token|name_token,address_token:7816|name_prefix:21918|name_token:27180|address_token:415912|address_token:14767|name_token:215715|address_city:19064|address_token:96498|address_token:57397,0,0,0,0.4,1.0,0,Eye Group,Fluxarc t/a Eye Group,"2825 Adams Street, South Salt Lake City, UT","2825 Adams Street, South Salt Lake City, UT",us
S1-350056398,S3-526126806,address_house|address_number|address_token|name_prefix,name_token:21248|address_house:5474|address_token:5882|address_number:8604|name_prefix:21434|name_token:33040|name_token:8612,1,1,0,0.0,0.667,0,Silver Auto Body,Silverautobodycom,"150 5th Street, Mansfield, OH","Mansfield, Ohio, 150 5th Street",us
S1-329840056,S2-553341540,address_token|address_token|name_prefix|name_token|name_token,address_token:130693|name_prefix:10410|name_token:25001|address_number:5426|address_token:1000019,1,1,1,0.5,0.375,0,Express Loan LLC,EXPRESS LOAN L.L.C.,"134 Wayside Drive, Augusta County, VA","WAYSIDE DR, WEYERS CAVE, VA",us
S1-329840056,S2-627705282,address_token|address_token|name_prefix|name_token,address_token:130693|name_prefix:10410|name_token:25001|address_number:5426|address_token:1000019,1,1,1,0.333,0.375,0,Express Loan LLC,Express-Loogan LLC,"134 Wayside Drive, Augusta County, VA","WAYSIDE DR, WEYERS CAVE, VA",us
S1-309113917,S2-514321376,address_house|address_number|address_token|address_token|address_token|name_prefix|name_token,name_token:42955|name_prefix:65027|name_token:54128|name_token:68067,1,1,1,0.2,0.714,0,Pediatric Dental Specialists,Pediatric Dttl 5pecialists,"2995 Hillcrest Road, Dubuque, IA","2995 HILLCREST RD, PMB 7171, DUBUQUE, IA",us
S1-466074708,S2-479658206,address_city|address_token|address_token|address_token|address_token|name_token|name_token,name_token:8187|name_token:21419|address_number:10734|name_prefix:34706|address_token:24430|address_token:176303|address_token:7119|address_token:1000019|address_token:5457,0,0,0,0.5,0.625,0,Corporate Cargo Ventures LLC,C0rporate Cargo Ventures Llc,"1325 Delaware Drive, Unit 112, Apache Junction, AZ","DELAWARE DRIVE, APACHE JUNCTION, AZ",us
S1-392844816,S3-719197648,address_city|address_house|address_number|address_token|address_token|name_token|name_token,name_prefix:37235|name_token:267771|name_token:161239|address_number:10760|name_token:22891|address_house:6377|address_token:7101,0,0,0,0.5,0.571,0,Primary Care Partners Inc.,Center Primary Partners Inc.,"300 Alexandria Avenue, Ticonderoga, NY","300 Alexandria Ave, Ticonderoga, New York",us
S1-392844816,S3-35169899,address_city|address_house|address_number|address_token|address_token|name_token|name_token|name_token,name_prefix:37235|name_token:267771|name_token:161239|address_number:10760|name_token:22891|address_house:6377|address_token:7101,0,0,0,0.5,1.0,0,Primary Care Partners Inc.,Orbirizawex t/a Primary Care Partners Inc.,"300 Alexandria Avenue, Ticonderoga, NY","300 Alexandria Avenue, Ticonderoga, NY",us
S1-392844816,S2-431283622,address_city|address_token|address_token|name_prefix|name_token|name_token,name_prefix:37235|name_token:267771|name_token:161239|address_number:10760|name_token:22891|address_house:6377|address_token:7101,1,1,1,0.5,0.667,0,Primary Care Partners Inc.,Primary  Care Pasts Inc.,"300 Alexandria Avenue, Ticonderoga, NY","00 ALEXANDRIA AVE, TICONDEROGA, NY",us
S1-898923432,S2-501004528,name_prefix|name_token|name_token,name_prefix:17863|name_token:26137|address_token:28348|address_city:18866,1,1,1,0.5,0.0,0,Sumrall Midwest Pro LLC,Sumrall Pro LLC Center,"5360 Capitol Avenue, Indianapolis, IN",,us
S1-888176402,S3-326440700,address_city|address_token|address_token|address_token|name_prefix,address_city:23824|address_token:32089|name_prefix:38157|name_token:28202|address_token:1000019,1,1,1,0.0,0.625,0,Brittani Chung Continental Futurecorp,bríttanichungcontinental.com,"4703 Millbrook Drive, Fl 1, Columbia, MO","Millbrook Drive, Fl. 1, Columbia, Missouri",us
S1-26898935,S2-467073556,name_prefix|name_token,address_city:10125|name_token:24544|address_token:16179,1,1,1,0.75,0.0,0,X 9 Reliable Cap LLC,X  9 Reliable,"12214 Granite Avenue, Tulsa, OK",,us
S1-717189128,S2-608338054,address_token,address_token:176303|name_token:93447|name_token:29288|address_number:6405|address_token:151460|name_token:7834,0,0,0,0.0,0.571,0,Koenig's Mountain Apparel LP,Jaxonyxnex,"Washington, 1911 R Street, Unit 302A, DC","R St, WASHINGTON, DC",us
S1-144329727,S2-58192396,address_number|name_prefix|name_token|name_token,name_token:22666|name_token:102956|name_token:49943|name_prefix:28584|address_number:5653,1,1,1,0.5,0.4,0,Family Grand Health LLC,Family Grand Healcth LLC,"830 307, Wingo, KY","307, KY, WIGO",us
S1-708429112,S2-508668024,address_token|address_token|name_core_exact|name_prefix|name_token|name_token|name_token,address_token:9880|name_token:66812|name_prefix:57846|name_token:21456|name_token:78307|address_token:14810,1,1,1,1.0,0.333,0,Internal Medicine Clinic,INTERNAL MEDICINE CLINIC LTD,"TX, Montgomery, 17536 Rabon Chapel Road","0017546 RABON CHAPEL RD, PO BOX 8743, MNTGOMERY CITY, TX",us
S1-223791216,S3-691432184,address_city|address_token|address_token|address_token|address_token|name_prefix|name_token|name_token,address_token:5761|address_token:40482|name_token:9420|address_city:40839|name_token:154670|address_token:415912|name_prefix:7406,1,1,1,0.667,0.6,0,Board of Buildings,Board of,"810 Lynn Street, City Of Chippewa Falls, WI","808 Lynn St, City Of Chippewa Falls, Wisconsin",us
S1-223791216,S3-523033531,address_city|address_token|address_token|address_token|address_token|name_prefix|name_token|name_token,address_token:5761|address_token:40482|name_token:9420|address_city:40839|name_token:154670|address_token:415912|name_prefix:7406,1,1,1,0.5,0.6,0,Board of Buildings,Board of Behsdings,"810 Lynn Street, City Of Chippewa Falls, WI","808 Lynn Street, City Of Chippewa Falls, Wisconsin",us
S1-223791216,S3-69213303,address_city|address_house|address_number|address_token|address_token|address_token|address_token|name_prefix|name_token,address_token:5761|address_token:40482|name_token:9420|address_city:40839|name_token:154670|address_token:415912|name_prefix:7406,1,0,0,0.333,1.0,0,Board of Buildings,Board,"810 Lynn Street, City Of Chippewa Falls, WI","810 Lynn Street, City Of Chippewa Falls, WI",us
S1-118263403,S3-381265632,name_token|name_token|name_token|name_token,address_token:176303|name_prefix:7183|address_number:28545|address_number:7119|address_city:31695|address_token:151460|name_token:75567|name_token:154670|name_token:6962,0,0,0,0.8,0.0,0,Department of Sanitation PC,The Department of Sanitation PC,"3534 10th Street, Unit 220, Washington, DC",,us
S1-194038310,S3-650447855,address_city|address_house|address_number|address_number|address_token|address_token|address_token|address_token|name_prefix|name_token|name_token,name_token:8822|name_prefix:11068|address_token:49460|address_city:25254|address_token:8857|name_token:14246,1,1,1,0.667,0.625,0,Cure Pub,Cure Pub Partners,"6800 1520 Road E, Georgetown, IL","6800 1520 Rd East, Georgetown Township, Illinois",us
S1-4663491,S2-920713021,name_prefix,address_token:22450|address_token:5263|address_city:25344|address_token:40159|address_token:7335,1,0,0,0.5,0.0,0,Y/S Arcelormittal LLC,Y/S LLC Services,"6509 Castle Pines Road, Fort Worth, TX",,us
S1-649865891,S3-687976211,address_city|address_house|address_number|address_token|address_token,name_token:13425|name_token:6493|address_token:176303|address_number:8499|address_house:6517|name_prefix:15638|address_token:33961,0,0,0,0.0,0.4,0,Literacy Committee,lcommittee.com,"117 Schuyler Street, Unit Apartment 1, Oswego, NY","117 Schuyler St, Oswego, New York",us
S1-835292110,S2-64258798,address_house|address_number|address_token,address_city:10145|address_token:14059,0,0,0,0.0,0.3,0,Birch LLC,Bidch LLC,"9100 2nd Street, Albuquerque, NM","9100 1/2 SECOND STREET, NORTH VALLEY, NM",us
S1-835292110,S2-640773267,name_prefix|name_token,address_city:10145|address_token:14059,1,0,0,0.5,0.0,0,Birch LLC,Birch Llc Enterprises,"9100 2nd Street, Albuquerque, NM",,us
S1-675353048,S3-61086508,address_city|address_house|address_token|address_token|address_token|name_token|name_token|name_token,name_prefix:65027|address_house:11050|name_token:20993|name_token:161239|address_token:304447|name_token:68067|address_city:13073|address_token:21929,0,0,0,0.6,1.0,0,Pediatric Dentistry Care LLC,Nexpyra Formerly Pediatric Dentistry Care LLC,"3 Wallace Court, Boston, MA","3 Wallace Court, Boston, MA",us
S1-675353048,S2-502007577,address_house|address_token|address_token|name_core_exact|name_exact|name_prefix|name_token|name_token|name_token,name_prefix:65027|address_house:11050|name_token:20993|name_token:161239|address_token:304447|name_token:68067|address_city:13073|address_token:21929,1,1,1,1.0,0.667,0,Pediatric Dentistry Care LLC,Pediatric Déntistry Care LLC,"3 Wallace Court, Boston, MA","CHARLETSOWN, ##3 WALLACE CT, MA",us
S1-675353048,S3-302779321,address_city|address_token|address_token|address_token|name_core_exact|name_prefix|name_token|name_token|name_token,name_prefix:65027|address_house:11050|name_token:20993|name_token:161239|address_token:304447|name_token:68067|address_city:13073|address_token:21929,1,1,1,1.0,0.429,0,Pediatric Dentistry Care LLC,Pediatric Dentistry Care,"3 Wallace Court, Boston, MA","5 Wallace Ct, Boston, Massachusetts",us
S1-675353048,S2-788221765,address_house|address_token|address_token|name_core_exact|name_prefix|name_token|name_token|name_token,name_prefix:65027|address_house:11050|name_token:20993|name_token:161239|address_token:304447|name_token:68067|address_city:13073|address_token:21929,1,1,1,1.0,0.667,0,Pediatric Dentistry Care LLC,Pediatric Dentistry Care,"3 Wallace Court, Boston, MA","##3 WALLACE COURT, CHARLETSOWN, MA",us
S1-675353048,S2-486758504,address_house|address_token|address_token|name_prefix|name_token|name_token|name_token,name_prefix:65027|address_house:11050|name_token:20993|name_token:161239|address_token:304447|name_token:68067|address_city:13073|address_token:21929,1,1,1,1.0,0.667,0,Pediatric Dentistry Care LLC,Pediatric Pediatric (Dentistry-Care),"3 Wallace Court, Boston, MA","##3 WALLACE CT, CHARLETSOWN, MA",us
S1-156764516,S2-413236236,address_token|name_prefix|name_token|name_token,name_token:39214|address_token:176303|address_number:22652|address_token:10696|name_token:29121|address_token:13652|name_token:28090|address_token:33961|name_token:75567|name_prefix:53144,1,1,1,0.5,0.222,0,Cardiology Metropolitan Physicians PC,Cardiology Metropolitan,"1391 Broadway, Unit Apartment A15, Hempstead, NY","HEWELTT TOWNSHIP, NY, BROADWAY",us
S1-940559340,S3-526667807,address_city|address_house|address_number|address_token|address_token|name_token,address_number:6275|name_token:8822|name_token:32267|name_prefix:38157|address_token:7775,0,0,0,0.333,0.667,0,Bright Pub,Boight Pub,"79 Pearl Street, Newton, MA","#79 Pearl Street, Newton, Massachusetts",us
S1-940559340,S2-474289563,address_city|address_house|address_number|address_token|name_prefix|name_token,address_number:6275|name_token:8822|name_token:32267|name_prefix:38157|address_token:7775,0,0,0,0.333,0.667,0,Bright Pub,BRIHOT PUB,"79 Pearl Street, Newton, MA","79 PEALR ST, NEWTON, MA",us
S1-940559340,S3-90711186,address_city|address_house|address_number|address_token|address_token|name_token,address_number:6275|name_token:8822|name_token:32267|name_prefix:38157|address_token:7775,0,0,0,0.333,0.667,0,Bright Pub,Brgioht Pub,"79 Pearl Street, Newton, MA","#79 Pearl St, Newton, Massachusetts",us
S1-122257153,S3-746246256,address_city|address_house|address_number|address_token|name_prefix|name_token|name_token,address_city:6057|address_token:10910|address_number:15681|address_house:8482|name_prefix:18685|name_token:8386|name_token:8798,1,1,1,0.4,0.667,0,Maid Diner Inc,Maid Diner (Inc) | www.maiddiner.com,"28 M Street, Auburn, WA","28- M St, Auburn, Washington",us
S1-122257153,S2-123720545,address_house|address_number|name_prefix,address_city:6057|address_token:10910|address_number:15681|address_house:8482|name_prefix:18685|name_token:8386|name_token:8798,1,0,0,0.0,0.667,0,Maid Diner Inc,#maiddiner,"28 M Street, Auburn, WA","28 M STREET, AUBBURN, WA",us
S1-677119908,S3-487461051,address_house|address_number|address_number|address_token|address_token|address_token,address_city:17076|address_token:26525,0,0,0,0.0,0.667,0,Ironclad LLC,lrnlad  LLC (ID: 19679),"2017 Road 5601, Cleveland, TX","Cleveland, Texas, 2017. Road 5601",us
S1-677119908,S2-515139613,name_prefix|name_token,address_city:17076|address_token:26525,1,1,1,0.5,0.0,0,Ironclad LLC,Ironclad LLC Trading,"2017 Road 5601, Cleveland, TX",,us
S1-677119908,S2-151689300,address_house|address_number|address_number|address_token|address_token|address_token,address_city:17076|address_token:26525,0,0,0,0.0,0.667,0,Ironclad LLC,lRONCLAD LLC,"2017 Road 5601, Cleveland, TX","2017 ROD 5601, CLEVELAND, TX",us
S1-677119908,S2-980408732,address_city|address_house|address_number|address_number|address_token|address_token|address_token,address_city:17076|address_token:26525,0,0,0,0.0,1.0,0,Ironclad LLC,IREODNL LLC,"2017 Road 5601, Cleveland, TX","2017 ROAD 5601, CLEVELAND, TX",us
S1-781356873,S3-997035417,address_token|address_token|address_token,address_token:7169|address_token:9793,0,0,0,0.0,0.571,0,72 Hour Locksmith LLC,Gildfaye,"5107 Cambridge Street, Sugar Land, TX","Texas, Sugar Land, Cambridge Street",us
S1-895047029,S3-377001936,address_token|address_token|address_token|address_token|address_token,name_token:23944|address_token:11233|address_token:304447|address_token:38723|address_token:26219|name_prefix:7952,0,0,0,0.0,0.556,0,A Cornerstone Miluna,cornerstonemiluna.com,"Winston-salem, NC, 2123 Saponi Village Court","Saponi Village Ct, Winston-Salem, North Carolina",us
S1-85390769,S2-247205905,address_city|address_token|address_token|name_prefix|name_token|name_token,name_prefix:11155|address_token:26717|address_token:119632|name_token:75567|address_city:19259,1,1,0,0.5,0.429,0,Shaw Insight PC,SHAW INNBIST PC,"627 Bayshore Place, Dallas, TX","329 BAYSHOHE PL, DALLAS, TX",us
S1-67067148,S3-360833238,name_prefix|name_token|name_token|name_token,address_token:95719|name_token:25444|name_token:24716|address_token:10546|name_prefix:17290,1,1,1,0.5,0.0,0,Johnson Keystone Pennymac P.C.,Johnson-Keystone Pennymac PC,"4682 4650, West Haven, UT",,us
S1-631599475,S3-943369144,name_prefix|name_token|name_token,name_token:28628|name_prefix:57846|address_token:1000019,1,1,1,1.0,0.0,0,Interstate Anadolu LLC,Interstate Interstate Anadolu,"432 Lamarck Drive, Cheektowaga, NY",,us
S1-930478263,S3-661247735,address_token|address_token|name_core_exact|name_prefix|name_token|name_token,name_prefix:30258|address_token:38512|name_token:42955|name_token:26551,1,1,1,1.0,0.5,0,Chiropractic Specialists LLC,Chiropractic Specialists,"2106 Settlers Way, Spring, TX","Settlers Way, Spring, Texas",us
S1-799825379,S3-900524928,address_city|address_house|address_number|address_token|address_token|address_token|name_prefix,address_token:61644|name_token:66812|address_city:12718|name_prefix:65027|address_token:21879|name_token:68067,1,1,1,0.0,0.667,0,Pediatric Medicine,pediatricmedicine.com,"1235 Main Street, Richmond, IN","1235 Main St, Richmond, Indiana",us
S1-746797656,S3-996189536,address_number|address_token|address_token|address_token|address_token|name_prefix|name_token|name_token,name_prefix:17863|address_number:19267|address_house:10879|address_token:304447|name_token:48623|name_token:20722|address_token:1000019|address_token:96498|address_token:9153,1,1,1,0.5,0.444,0,"Summit Industries, LLC","Summit Industries,-L.L.C.","22 Lake Shore Drive, Brookfield, CT","Brookfield CITY, 22A Lake Shore Drive, Connecticut",us
S1-746797656,S2-254321841,address_house|address_number|address_token|address_token|address_token|address_token|name_prefix|name_token|name_token,name_prefix:17863|address_number:19267|address_house:10879|address_token:304447|name_token:48623|name_token:20722|address_token:1000019|address_token:96498|address_token:9153,1,1,1,0.5,0.625,0,"Summit Industries, LLC","Summit Industries, L.L.C.","22 Lake Shore Drive, Brookfield, CT","CT, CANDLEWOOD SHORES, #22 LAKE SHORE DRIVE",us
S1-444276884,S3-395446014,name_prefix|name_token|name_token,address_token:48079|name_token:11384|name_prefix:11068|name_token:14246,1,1,1,0.667,0.0,0,Cure Cafe,Cure Cafe Trading,"Town Of Nasewaupee, 4225 Hammarstrom Road, WI",,us
S1-870801935,S2-513889868,address_number|address_token|name_prefix,name_token:32417|name_prefix:20848|address_number:21166,1,1,0,0.0,0.8,0,"Golden Income, LLC",goldenincomecom,"13220 Us 20A, Wauseon, OH","US 20A, WAUSEON, OH",us
S1-822367065,S3-657724653,name_prefix|name_token|name_token|name_token,address_token:93152|name_token:24286|address_number:5767|name_prefix:22583|address_token:5644|name_token:22367|name_token:215715|address_token:1000019,1,1,1,0.6,0.0,0,Dermatology Preferred Group LLC,Dermatology Preferred Group L.L.C.,"401 Menlo Park Drive, Garland, TX",,us
S1-887841170,S2-74567927,address_city|address_token|address_token|address_token|address_token|address_token,address_token:41428|address_token:5263|address_token:1000019|address_token:38723|address_city:12852,0,0,0,0.0,0.778,0,7-Legged Dog,7LEGGEDDOG.COM,"1517 River Pines Drive, Village Of Bellevue, WI","517 RIVER PINES DRIVE, VILLAGE OF BELLEVUE, WI",us
S1-869768384,S2-834549679,name_prefix|name_token|name_token,address_token:176303|name_token:102956|name_prefix:21952|name_token:28150|name_token:25501,1,1,1,0.5,0.0,0,Vision Desert Health,Vision Dfsrrt Health Health,"3600 Jaeger Road, Unit 5201, Lorain, OH",,us
S1-148463401,S2-376298019,address_city|address_token|address_token|address_token|name_prefix|name_token,name_prefix:11746|name_token:9881|address_token:10443|name_token:24230|address_city:17536|address_token:52857|address_token:415912,1,1,1,0.333,0.833,0,Platinum Media,PLATINUM CENTER,"3231 Lexington Avenue, Kansas City, MO","LEXINGTON AVE, KANSAS CITY CITY, MO",us
S1-808780300,S2-825467481,name_prefix|name_token|name_token,name_token:6734|address_city:13384,1,1,1,0.667,0.0,0,Erna Clark Water LLC,Erna Clark,"12833 Albee Road, NY, Collins",,us
S1-763887145,S3-673549140,name_prefix|name_token|name_token,name_prefix:11746|address_number:13095|address_house:7496|name_token:10102|name_token:8798,1,1,1,0.667,0.0,0,Red Diner,Red Diner & Co,"34 Tannery Road, Southwick, MA",,us
S1-321089820,S2-991987415,address_city|address_number|address_token|address_token|address_token|name_token,name_token:5085|address_city:10125|address_token:16179|address_number:6001|address_token:119632,0,0,0,0.333,0.8,0,Scott Concord Co,Cénter Scott Co,"902 84th Place, Tulsa, OK","84TH PLACE, TULSA, OK",us
S1-640119544,S3-232224500,address_house|address_number|address_token|name_prefix|name_token|name_token,name_token:5898|name_token:13991|address_token:61644|address_number:10734|address_house:8031|name_prefix:5065,1,1,1,0.667,0.429,0,Historical Program,Historical Historical Program LP,"112 Main Street, Kokomo, IN","112 Main St, Kokkomo, Indiana",us
S1-263193910,S3-122310651,name_prefix|name_token|name_token,address_number:7782|name_prefix:65027|name_token:267771|name_token:54128|name_token:68067|address_token:6208|address_house:5886|address_city:13384,1,1,1,0.5,0.0,0,Pediatric Dental Partners LLC,Pediatric Déntal LLC Center,"Kingston, 122 Chester Street, NY",,us
S1-263193910,S3-559802865,address_token|address_token|name_core_exact|name_prefix|name_token|name_token|name_token,address_number:7782|name_prefix:65027|name_token:267771|name_token:54128|name_token:68067|address_token:6208|address_house:5886|address_city:13384,1,1,1,1.0,0.375,0,Pediatric Dental Partners LLC,Pediatric Dental Partners,"Kingston, 122 Chester Street, NY","New York, 12 Chester St, Kingston",us
S1-263193910,S3-21321472,address_token|address_token|name_prefix|name_token|name_token,address_number:7782|name_prefix:65027|name_token:267771|name_token:54128|name_token:68067|address_token:6208|address_house:5886|address_city:13384,1,1,1,0.667,0.375,0,Pediatric Dental Partners LLC,Pediatric (Dental),"Kingston, 122 Chester Street, NY","12 Chester Street, Kingston, New York",us
S1-259765347,S2-624586272,address_city|address_number|address_token|address_token|name_prefix,name_prefix:17553|name_token:292790|name_token:102956|address_city:16631|address_number:7944|address_token:23527|address_token:19538|name_token:20839,1,1,1,0.0,0.571,0,Brooklyn Center Urology Health,BROOKLYNCENTERUROLO6Y.COM,"3206 61st Avenue, Brooklyn Center, MN","61ND AVENUE, BROOKLYN CENTER, MN",us
S1-999928900,S2-657583293,address_house|address_number|address_token|name_prefix|name_token|name_token,name_prefix:21918|address_number:22652|address_house:13987|name_token:27180|name_token:132212|name_token:161239|address_token:6534,1,0,0,0.5,0.571,0,Eye Care Associates Corp,Eye Ce Associates Corp,"15 Gatelot Avenue, Brookhaven, NY","15  GATELOT AVE, LAKE RONKONKOMA, NY",us
S1-999928900,S3-735103333,address_house|address_number|address_token|name_prefix,name_prefix:21918|address_number:22652|address_house:13987|name_token:27180|name_token:132212|name_token:161239|address_token:6534,0,0,0,0.0,0.333,0,Eye Care Associates Corp,eyecareassociates.com,"15 Gatelot Avenue, Brookhaven, NY","15 Gatelot Avenue, Lake Ronkonkoma, New York",us
S1-353465462,S3-712933771,name_prefix|name_token|name_token|name_token,address_city:12489|address_token:22436|name_token:22860|name_prefix:65027|address_token:304447|name_token:54128|name_token:68067|name_token:215715,1,1,1,0.6,0.0,0,Pediatric Dental Certified Group LLC,Pediatric Dental Cgeitiefd Group LLC,"3201 Tobari Court, Sacramento, CA",,us
S1-113759988,S2-485727372,address_token|address_token|address_token|name_prefix,address_token:20662|address_token:10696|address_city:6553|name_prefix:11802|address_token:119632,1,1,0,0.0,0.571,0,Zepheus Briacell Inc,@zepheusbriacell,"730 Maple Place, Hempstead, NY","0730 MAPLE PL, NULL, HEMPSTEAD, NY",us
S1-556624619,S3-201893806,address_number|address_token|name_prefix|name_token|name_token,name_prefix:16087|address_token:176303|address_number:11095|name_token:23890|name_token:28849,1,1,1,0.5,0.3,0,American Value LLC,American Value L.L.C.,"702 Chillum Road, Unit 201, Hyattsville, MD","0702 Chillum Rd, # 201, Hyatstville, Maryland",us
S1-199232920,S2-969193469,name_prefix|name_token|name_token,address_token:31236|address_city:23174|name_prefix:25867|name_token:49845,1,1,1,0.6,0.0,0,Coldiron & Knight PLLC,Coldiron and Knght PLLC,"3736 Belmont Avenue, Phoenix, AZ",,us
S1-695325611,S3-964024557,address_city|address_house|address_number|address_token|address_token|name_prefix|name_token,name_prefix:34431|name_token:13782|address_number:7578|name_token:46528,1,1,0,0.333,0.571,0,Harbor Guild,Harbor Center,"63 Mellen Street, Chicopee, MA","63-67 Mellen St, Chicopee, Massachusetts",us
S1-695325611,S3-382110278,name_prefix|name_token,name_prefix:34431|name_token:13782|address_number:7578|name_token:46528,1,1,0,0.25,0.0,0,Harbor Guild,Harbor Services Trading,"63 Mellen Street, Chicopee, MA",,us
S1-234923296,S2-32536230,address_city|address_house|address_number|address_token|address_token|address_token|address_token|name_prefix,name_prefix:30258|address_token:6401|name_token:132212|name_token:161239|address_token:1000019|address_token:27825|name_token:26551,1,1,1,0.0,1.0,0,Chiropractic Care Associates,CHIROPRACTICCAREASSOCIATES.COM,"4026 Mountain Drive, Princeton, TX","4026 MOUNTAIN DR, PRINCETON, TX",us
S1-468966999,S3-362172453,address_city|address_token|address_token|address_token|name_core_exact|name_prefix|name_token|name_token,address_city:78486|address_token:330861|name_prefix:25482,1,1,1,1.0,0.5,0,Grace Cathedral,Grace Cathedral (LLC),"599 Goundry Street, North Tonawanda, NY","Goundry St, North Tonawanda, New York",us
S1-468966999,S3-972205245,address_city|address_house|address_number|address_token|address_token|address_token,address_city:78486|address_token:330861|name_prefix:25482,0,0,0,0.0,0.625,0,Grace Cathedral,Onyxbrix,"599 Goundry Street, North Tonawanda, NY","599 Goundry St, North Tonawanda, New York",us
S1-531516187,S2-639838123,address_token|address_token|name_prefix|name_token|name_token|name_token,name_token:26583|name_token:15970|name_token:26446|name_prefix:24828|address_token:426525,1,1,1,1.0,0.714,0,Strategic Integrated Business,Strategic Integrated Integrated ((Business)),"1166 Sky Top Lane, Powell, TN","POWELL, 116 SKY TOP LN, TN",us
S1-415899395,S3-225928727,name_prefix|name_token,address_city:5648|address_token:7817|name_token:22614|address_token:1000019|name_prefix:12761,1,1,1,0.333,0.0,0,"Trusted Allstate, Inc",Trusted Inc Center,"571 Haskell Drive, Akron, OH",,us
S1-709163952,S3-705069613,name_prefix|name_token|name_token|name_token,address_token:29132|address_number:5571|address_token:176303|address_token:62864|name_token:9400|name_prefix:9034|address_token:1000019|name_token:10067|name_token:49943,1,1,1,0.75,0.0,0,Upper Family Practice,Upper Family Practice LP,"230 Forest Ridge Drive, Unit UNIT D, Whitefish, MT",,us
S1-5850960,S3-106086675,address_house|address_number|address_token|address_token|address_token|address_token|name_prefix,name_token:13425|name_prefix:34431|address_token:415912|address_token:1000019|address_city:40839|name_token:46528,1,1,0,0.0,0.5,0,Harbor Committee,harborcommittee.com,"1208 Capitol Drive, City Of Appleton, WI","1208. Capitol Drive, Appleton, Wisconsin",us
S1-5850960,S3-179774985,address_token|address_token|address_token|name_core_exact|name_prefix|name_token|name_token,name_token:13425|name_prefix:34431|address_token:415912|address_token:1000019|address_city:40839|name_token:46528,1,1,1,1.0,0.375,0,Harbor Committee,Harbor Committee Corp,"1208 Capitol Drive, City Of Appleton, WI","Capitol Drive, Appleton, Wisconsin",us
S1-5850960,S3-384655318,address_city|address_house|address_number|address_token|address_token|address_token|address_token|address_token|name_prefix|name_token,name_token:13425|name_prefix:34431|address_token:415912|address_token:1000019|address_city:40839|name_token:46528,1,1,0,0.333,0.75,0,Harbor Committee,Harbor Harbor Partners,"1208 Capitol Drive, City Of Appleton, WI","1208. Capitol Drive, City Of Appleton, Wisconsin",us
S1-227523407,S2-547399043,address_token|name_prefix|name_token,address_token:29132|name_prefix:10783|address_token:415912|name_token:18740,1,1,0,0.333,0.333,0,Jones Plum LLC,Jones LLC Services,"425 9th Street, Forest City, IA","426 NINTH ST, FORESTT CITY, IA",us
S1-383600044,S3-305826435,address_house|address_number|address_token|name_prefix|name_token,address_token:20662|address_number:6498,1,1,1,0.5,0.429,0,Obsidian,Obsidian LP,"304 Maple Street, Marshall, IL","304 Maple Street, Marsshall, Illinois",us
S1-383600044,S3-364039539,address_house|address_number|address_token|name_prefix|name_token,address_token:20662|address_number:6498,1,1,1,0.5,0.429,0,Obsidian,Obsidian Services,"304 Maple Street, Marshall, IL","304 Maple St, Marsshall, Illinois",us
S1-814267410,S3-673453802,address_city|address_token|address_token|name_prefix,address_token:29132|address_token:93152|address_number:9073|address_house:6953|name_token:25914|name_token:13821|name_prefix:16955,1,1,1,0.0,0.5,0,Piedmont Coalition,piedmontcoalition.com,"121 Hay Street, Park Forest, IL","00121 Hay Street, Park Forest, Illinois",us
S1-814267410,S3-943600931,name_prefix|name_token,address_token:29132|address_token:93152|address_number:9073|address_house:6953|name_token:25914|name_token:13821|name_prefix:16955,1,1,1,0.333,0.0,0,Piedmont Coalition,Piedmont Conaftion,"121 Hay Street, Park Forest, IL",,us
S1-384693646,S2-890357760,address_city|address_token|address_token|address_token|name_prefix|name_token|name_token,address_token:7763|name_prefix:34431|name_token:23352|address_city:12870|address_token:20776|name_token:46528,1,1,1,0.667,0.833,0,Harbor Legacy Deep LLC,HARBOR LEGACY,"6410 Butte Stone Street, Tucson, AZ","BUTTE STONE STREET, TUCSON, AZ",us
S1-160098087,S3-394350051,address_token|address_token,address_number:9299|address_token:5588|address_house:5215|address_token:176303|name_token:10151|address_city:7577|name_prefix:6036,0,0,0,0.0,0.375,0,Matthews & Lopez Starry LLC,F1uxzetaarc,"70 Bradford Street, MA, Everett, Unit 1","Bradford Street, Everett, Massachusetts",us
S1-967123932,S3-659330124,address_token|name_token|name_token,address_token:10696|name_token:132212|address_city:6553|address_token:25727|name_prefix:16955,0,0,0,0.667,0.222,0,Pierce Associates LLC,The Pierce Associates LLC,"3311 Austin Avenue, Hempstead, NY","Wantgh, 331 Austin Avenue, New York",us
S1-76431258,S3-256483520,address_city|address_house|address_number|address_token|address_token|address_token|name_prefix,address_token:176303|name_token:16917|name_prefix:25482,1,0,0,0.0,0.5,0,Grace Ministries,graceministries.com,"7420 Coal Mine Avenue, Unit C, Columbine, CO","7420 Coal Mnie Avenue, # C, Columbine, Colorado",us
S1-145431699,S3-981896471,address_city|address_house|address_number|address_token|address_token|name_core_exact|name_prefix|name_token,address_token:8857|address_number:6176|name_prefix:53144|address_token:415912|address_city:6227,1,1,1,1.0,0.667,0,"Cardinal, Inc","Cardinal,","213 Sioux Street, Sioux City, IA","213 Sioux Street, Sioux City, Iowa",us
S1-145431699,S2-502549171,address_city|address_house|address_number|address_token|address_token|name_core_exact|name_prefix|name_token,address_token:8857|address_number:6176|name_prefix:53144|address_token:415912|address_city:6227,1,1,1,1.0,1.0,0,"Cardinal, Inc","CARDINAL,","213 Sioux Street, Sioux City, IA","213 SIOUX ST, SIOUX CITY, IA",us
S1-557996865,S3-201609093,address_token|address_token|name_prefix,name_token:22860|name_token:45100|address_city:9966|address_token:304447|address_token:10546|name_prefix:11986|address_number:5349,1,1,1,0.0,0.571,0,Certified Global Sierra,certifiedglobalsierra.com,"86 Springside Avenue, CT, New Haven","Springside Ave, New Haven, Connecticut",us
S1-547785972,S3-130956431,name_prefix|name_token|name_token,address_token:6099|address_token:1000019|address_token:6719,1,1,1,0.667,0.0,0,Ted Powell Quantumsphere,Ted Pówell,"9801 Tyler Drive, Mckinney, TX",,us
S1-851145855,S3-68937164,name_prefix|name_token|name_token|name_token|name_token_sort,name_token:8745|name_prefix:11594|name_token:11010|address_token:6099|address_city:16134,1,1,1,1.0,0.0,0,Bessy's Bike Shop,Bessy's Shop Bike,"801 Odell Street, TX, Mckinney",,us
S1-507649576,S3-657395162,name_prefix|name_token,address_token:62864|name_prefix:11068|name_token:14246|name_token:7970,1,1,0,0.2,0.0,0,Cure Yoga,Cure Yoa (ID: 4422),"2099 Jones Ridge Road, Speedwell, TN",,us
S1-925379857,S2-504777892,address_token|address_token|address_token|name_prefix|name_token,name_prefix:16342|name_token:48538|name_token:21287|address_token:6466|address_token:28276,1,1,1,0.333,0.833,0,Highland Institute LLC,Highland Iabnlttute LLC,"905 Causey Way, Bowling Green, KY","CAUSEY WAY, BOWLING GREEN, KY",us
S1-659292731,S3-763268221,address_city|address_house|address_number|address_token|address_token|address_token|address_token|name_prefix|name_token,name_token:7765|address_city:5532|address_token:8801|address_token:1000019|name_prefix:21434|address_token:415912|name_token:33040,1,1,1,0.333,0.714,0,Silver Bistro,Silver Bistr0,"441 Windward Drive, Roanoke City, VA","441 Windward Dr, Roanoke City, Virginia",us
S1-659292731,S2-814015263,address_house|address_number|address_token|address_token|address_token|name_prefix|name_token|name_token,name_token:7765|address_city:5532|address_token:8801|address_token:1000019|name_prefix:21434|address_token:415912|name_token:33040,1,1,1,0.667,0.714,0,Silver Bistro,Silver Bistro Center,"441 Windward Drive, Roanoke City, VA","VA, ROANOKE CDP, 441 WINDWARD DRIVE",us
S1-729005603,S3-177546446,address_city|address_token|address_token|name_core_exact|name_prefix|name_token|name_token,name_token:29121|name_token:161239|address_token:19975|name_prefix:53144,1,1,1,1.0,0.429,0,Cardiology Care LLC,LLC Cardiology Cáre,"426 Madison Avenue, Sunnyside, WA","42 Madison Avenue, Sunnyside, Washington",us
S1-409335302,S3-704285950,address_city|address_house|address_number|address_token|address_token|address_token|name_prefix,name_prefix:17076,1,0,0,0.0,0.667,0,Beth Cathedral,#Bethcathedral,"7677 Lander Avenue, Hilmar, CA","7677 Lander Ave, Hilmar, California",us
S1-578348052,S3-717436058,address_city|address_house|address_number|address_token|address_token,name_token:8462|address_house:8548|name_prefix:11068|name_token:14246|address_number:15286,0,0,0,0.0,1.0,0,Cure Tavern,Dovagild,"32 Dean Road, Wayland, MA","32 Dean Road, Wayland, MA",us
S1-578348052,S3-147265378,name_prefix|name_token|name_token,name_token:8462|address_house:8548|name_prefix:11068|name_token:14246|address_number:15286,1,1,1,0.667,0.0,0,Cure Tavern,Cure  Tavern & Co,"32 Dean Road, Wayland, MA",,us
S1-40045989,S3-494160047,address_token|address_token|address_token|name_prefix,address_token:176303|address_token:7671|address_number:28545|address_token:1000019,1,1,0,0.667,0.375,0,"S & S Circle, LLC",S & S,"2325 Willowbrook Drive, Unit C10, Murfreesboro, TN","Willowbrook Dr, Murfreesboro, Tennessee",us
S1-986315465,S2-689602671,address_city|address_house|address_number|address_token|address_token|address_token|name_prefix|name_token,name_token:292790|name_prefix:27319|name_token:25056|address_token:82080|address_city:5544|address_token:38797,1,1,1,0.333,1.0,0,Heartland Center,Heartland Cdgéte,"330 Pendleton Street, Rock Hill, SC","330 PENDLETON ST, ROCK  HILL, SC",us
S1-986315465,S3-494591767,address_number|address_token|address_token|address_token|name_prefix|name_token,name_token:292790|name_prefix:27319|name_token:25056|address_token:82080|address_city:5544|address_token:38797,1,1,1,0.333,0.444,0,Heartland Center,Heartland Services,"330 Pendleton Street, Rock Hill, SC","South Carolina, Rock Hill, 330B Pendleton St",us
S1-256190314,S3-412292181,address_house|address_number|address_token|address_token|address_token|address_token|name_prefix|name_token|name_token|name_token|name_token,name_token:21454|address_token:130693|name_token:267771|address_city:11097|name_prefix:22876|address_token:16263|name_token:23127|name_token:21674,1,1,1,0.714,0.5,0,Ear Nose & Throat Partners LLC,Ear Nose & Throat Partners L.L.C.,"4055 Thornton Street, Fairfax County, VA","Virginia, 4055 Thornton Saint, Fairfax County",us
S1-256190314,S2-944526582,address_token|name_token|name_token|name_token|name_token,name_token:21454|address_token:130693|name_token:267771|address_city:11097|name_prefix:22876|address_token:16263|name_token:23127|name_token:21674,0,0,0,0.833,0.375,0,Ear Nose & Throat Partners LLC,THE EAR NOSE & THROAT PARTNERS LLC,"4055 Thornton Street, Fairfax County, VA","04055 THORNTON STREET, ANNANDALE, VA",us
S1-587068152,S3-529299647,address_city|address_token|address_token|address_token|name_prefix|name_token,address_token:176303|name_prefix:32079|address_token:7401|name_token:23890|address_token:1000019|address_token:5800,1,1,0,0.333,0.333,0,Value Dynamix,Value Center,"1975 University Drive, Unit 274, Tempe, AZ","01975 University Drive, Tempe, Arizona",us
S1-918640049,S3-552720411,address_house|address_number|address_token|name_prefix|name_token|name_token,name_token:132212|name_token:161239|name_token:23302|address_token:8049|name_prefix:21208,1,1,1,0.5,0.429,0,Surgical Care Associates,Surgical Ciare Associates,"609 Third Street, Pana, IL","609 Third St, PAA, Illinois",us
S1-918640049,S3-177064453,address_house|address_number|address_token|name_prefix|name_token|name_token|name_token,name_token:132212|name_token:161239|name_token:23302|address_token:8049|name_prefix:21208,1,1,1,0.75,0.429,0,Surgical Care Associates,Surgical Care Associates LP,"609 Third Street, Pana, IL","609 Third St, PAA, Illinois",us
S1-918640049,S3-616788376,address_house|address_number|address_token|name_prefix|name_token|name_token,name_token:132212|name_token:161239|name_token:23302|address_token:8049|name_prefix:21208,1,1,1,0.5,0.429,0,Surgical Care Associates,Surgical Associates Partners,"609 Third Street, Pana, IL","609 Third Street, PAA, Illinois",us
S1-806426927,S3-559764367,address_city|address_house|address_number|address_token|address_token|name_prefix|name_token|name_token,name_token:132212|name_prefix:21952|name_token:161239|address_token:330861|name_token:28150|address_number:6378,1,1,1,0.667,0.444,0,Vision Care Associates,Vision  Care,"128 N Cloquet Road, Esko, MN","128 N Cloquet Road, Eskoo CITY, Minnesota",us
S1-806426927,S2-213297011,name_prefix|name_token|name_token,name_token:132212|name_prefix:21952|name_token:161239|address_token:330861|name_token:28150|address_number:6378,1,1,1,0.667,0.0,0,Vision Care Associates,Vision-Care,"128 N Cloquet Road, Esko, MN",,us
S1-806426927,S3-748135945,address_city|address_house|address_number|address_token|address_token|name_token|name_token,name_token:132212|name_prefix:21952|name_token:161239|address_token:330861|name_token:28150|address_number:6378,0,0,0,0.5,0.444,0,Vision Care Associates,Care Vision Assccociatos,"128 N Cloquet Road, Esko, MN","128 North Cloquet Road, Eskoo CITY, Minnesota",us
S1-806426927,S3-648325695,address_city|address_house|address_number|address_token|address_token|name_prefix|name_token|name_token,name_token:132212|name_prefix:21952|name_token:161239|address_token:330861|name_token:28150|address_number:6378,1,1,1,0.667,0.444,0,Vision Care Associates,Vision Care,"128 N Cloquet Road, Esko, MN","128 N Cloquet Road, Eskoo CITY, Minnesota",us
S1-869559527,S2-995294125,address_token|address_token,none,0,0,0,0.0,0.5,0,LK Trailblazer Inc,Vantagelumcalo,"9008 Catboat Street, Huntersville, NC","9009 CATBOAT ST, N/A, HUNTERSVILLE, NC",us
S1-54355335,S3-985816886,name_prefix|name_token|name_token|name_token,name_prefix:31405|name_token:16071|address_token:6965|name_token:25110|address_number:7449,1,1,1,0.75,0.0,0,Congregation Community Church,CONGREGATION COMMUNITY CHURCH Trading,"67 Tompkins Avenue, Hastings-on-hudson, NY",,us
S1-54355335,S3-854634139,name_prefix|name_token|name_token,name_prefix:31405|name_token:16071|address_token:6965|name_token:25110|address_number:7449,1,1,1,0.5,0.0,0,Congregation Community Church,Congregation Community & Co,"67 Tompkins Avenue, Hastings-on-hudson, NY",,us
S1-474955294,S2-169620416,address_token|address_token|address_token|address_token|name_prefix|name_token|name_token,name_token:10953|name_token:23875|name_prefix:25071|address_token:9475|address_city:7449|address_token:9655|address_token:415912,1,1,1,0.667,0.6,0,Northern Royal Saul,Northern Royal,"5225 Underwood Avenue, Baton Rouge City, LA","005225 UNDERWOOD AVE, N/A, BATON ROUGE CITY, LA",us
S1-602630259,S3-545374427,name_prefix|name_token,address_house:8158|address_number:13820,1,1,0,0.333,0.0,0,Quque Ingredients LLC,Quque LLC Center,"33 Tanglewood Road, Catonsville, MD",,us
S1-917587037,S3-282489773,address_house|address_number|address_token|name_prefix,address_token:10696|address_city:6553|name_token:161239|name_prefix:20356|name_token:215715|name_token:21755,1,1,0,0.0,0.333,0,Urgent Care Group,Urgentcaregroupcom,"380 Langley Avenue, Hempstead, NY","380 Langley Ave, West Heempstead, New York",us
S1-917587037,S3-312541063,address_house|address_number|address_token|name_prefix|name_token|name_token,address_token:10696|address_city:6553|name_token:161239|name_prefix:20356|name_token:215715|name_token:21755,1,1,1,0.667,0.2,0,Urgent Care Group,Urgent Care Inc,"380 Langley Avenue, Hempstead, NY","380 Langley Alenue, West Heempstead, New York",us
S1-450208390,S3-180357597,name_prefix|name_token,name_prefix:34706|name_token:8416|name_token:7765,1,1,1,0.333,0.0,0,Corner Bistro!,Corner Bstr!,"157 167, Monticello, KY",,us
S1-450208390,S3-362941775,address_house|address_number|address_number|name_prefix|name_token|name_token,name_prefix:34706|name_token:8416|name_token:7765,1,1,1,0.667,0.333,0,Corner Bistro!,Corner Bistro! LP,"157 167, Monticello, KY","157 167, Montiello, Kentucky",us
S1-835609888,S2-817564728,address_number|address_token|address_token|name_core_exact|name_exact|name_prefix|name_token|name_token,name_token:8783|address_token:176303|name_token:11581|name_prefix:8991|address_number:6254|address_city:6225|address_token:9934,1,1,1,1.0,0.571,0,Twisted Seafood,TWISTED SÉAFOOD,"5151 95th Avenue, Unit 1084, Glendale, AZ","GLENDALE, AZ, 95TH AVE",us
S1-835609888,S3-902188069,address_city|address_number|address_number|address_number|address_token|address_token|address_token|address_token|name_prefix|name_token|name_token,name_token:8783|address_token:176303|name_token:11581|name_prefix:8991|address_number:6254|address_city:6225|address_token:9934,1,1,1,0.667,0.625,0,Twisted Seafood,Twisted Seafood Center,"5151 95th Avenue, Unit 1084, Glendale, AZ","# 1084, 5151- 95th Ave, Glendale, Arizona",us
S1-508458577,S2-780241033,address_city|address_token|address_token|address_token|name_prefix|name_token,name_token:102956|address_city:5882|address_token:8534|name_prefix:23937|address_token:1000019|name_token:21404,1,1,1,0.333,0.667,0,Orthopedic Health LLC,Orthopedic Healfh LLC,"3038 Westchester Drive, Clarksville, TN","03038 WESTCHESTER DRIVE, CLARKSVILLE, TN",us
S1-508458577,S2-126745575,address_city|address_token|address_token|address_token|name_prefix|name_token|name_token,name_token:102956|address_city:5882|address_token:8534|name_prefix:23937|address_token:1000019|name_token:21404,1,1,1,1.0,0.667,0,Orthopedic Health LLC,Orthopedic Health Health,"3038 Westchester Drive, Clarksville, TN","03038 WESTCHESTER DR, CLARKSVILLE, TN",us
S1-210452990,S2-811486373,address_house|address_number|name_prefix|name_token|name_token|name_token,address_number:6232|name_token:22819|name_token:132212|name_token:161239|name_prefix:20700|address_city:15303|address_token:25477|name_token:28025,1,1,1,0.6,0.571,0,Oncology Empire Care Associates LLC,Oncology Empire Care  LLC Services,"221 Amy Ave, Louisville, KY","221 AMY AVE, LUISVILLE CDP, KY",us
S1-300465535,S3-94130960,address_token|address_token|name_prefix,name_token:21424|address_token:71663|name_prefix:38157|address_token:10367|address_token:9199,1,1,1,0.0,0.333,0,Bricklayers Local 933,bricklayerslocal933.com,"1317 Wilson Creek Road, Wayne, WV","Wilson Creek Rd, WYNE, West Virginia",us
S1-577088768,S3-157463454,name_prefix|name_token|name_token,name_token:24453|name_prefix:14575|name_token:26566,1,1,1,0.5,0.0,0,Bay Choice Ameren Inc,Bay Choice Admgrren Inc,"14299 Gould Street, Crosslake, MN",,us
S1-701225415,S2-696267392,address_city|address_token|address_token|name_prefix|name_token|name_token,address_city:10145|address_token:14059|name_prefix:30258|address_token:8315|name_token:6222|name_token:27991|name_token:16465,1,1,1,0.75,0.667,0,Children's Premier Fellowship,Children's Premier,"5220 Chesapeake Road, Albuquerque, NM","##5054 Chesapeake Rd, ALBUQUERQUE, NM",us
S1-701225415,S3-586436725,address_token|address_token|name_prefix|name_token|name_token|name_token,address_city:10145|address_token:14059|name_prefix:30258|address_token:8315|name_token:6222|name_token:27991|name_token:16465,1,1,1,0.6,0.375,0,Children's Premier Fellowship,Children'5 Premier Fellowship Co,"5220 Chesapeake Road, Albuquerque, NM","5054 Chesapeake Road, New Mexico, Albuquerque",us
S1-354783297,S3-54616634,address_city|address_house|address_number|address_token|address_token|address_token|address_token|name_prefix,name_token:292790|name_prefix:65027|name_token:54128|address_city:15303|name_token:68067|address_token:25477|address_token:426525,1,1,1,0.0,0.667,0,Pediatric Dental Center,#pediatricdental,"7101 Watson Ln, Louisville, KY","##7101 Watson Ln, Louisville, Kentucky",us
S1-568381384,S2-796165108,address_city|address_token|address_token|address_token|address_token|name_token,name_prefix:20004|address_token:82080|name_token:132212|address_number:5426|address_token:1000019|name_token:20839,0,0,0,0.333,0.714,0,Urology Associates Inc.,Center Urology Inc.,"134 Luther Drive, Mars Hill, NC","NC, 13 LUTHER DR, MARS HILL",us
S1-313000585,S2-250205807,address_city|address_token|address_token|address_token|name_prefix|name_token,address_token:67312|address_city:9140|address_token:9906|name_token:25501|name_token:22786|address_token:426525|name_prefix:16125,1,1,1,0.333,0.667,0,Desert Association LLC,Desert Ass0ciation LLC,"2895 William Lane, San Tan Valley, AZ","02895 WILLIAM LN, SAN TAN VALLEY CITY, AZ",us
S1-735771354,S3-971414170,name_prefix|name_token|name_token,address_token:176303|address_token:8854|address_token:82080|name_token:19540|name_token:9494|name_token:27991|address_token:57933|name_prefix:38423,1,1,1,0.5,0.0,0,Premier Energy International,Premier Eoiiy International,"7911 Indian Head Highway, Unit 505, Oxon Hill, MD",,us
S1-441055279,S2-315289213,name_prefix|name_token,address_city:7404|address_token:20592|name_token:15697|address_token:16193|address_token:8871|name_token:29743|name_prefix:16807,1,1,1,0.333,0.0,0,Federal Federation,FEDERAL-FEDERATI0N,"1837 Harrison Avenue, Lincoln, NE",,us
S1-875884529,S2-913733764,address_house|address_number|address_token|address_token|name_prefix|name_token|name_token,name_prefix:18564|address_number:9685|address_house:7269|address_token:96498|name_token:31067|name_token:18740,1,1,1,0.75,0.714,0,"Smith, Jones and Wallace","SMITH, JÓNES &","114 Kasoag Lake Road, Williamstown, NY","114 KASOAG LAKE ROAD, ALTMAR, NY",us
S1-257614958,S3-699544310,address_token|address_token|address_token|address_token,address_token:10507|address_token:10630|address_token:415912,0,0,0,0.0,0.333,0,Howley Abrdn Inc,Veodeltaonyx,"5267 Blue Pearl Alley, St George City, UT","526 Blue Pearl Alley, <NULL>, Saint George, Utah",us
S1-418458066,S3-822216825,address_number|address_token|address_token|name_prefix|name_token|name_token|name_token,address_token:176303|address_token:93152|address_number:7449|name_token:132212|address_city:7577|name_prefix:23937|address_house:12180|name_token:22572|name_token:21404,1,1,1,0.6,0.625,0,Orthopedic Diamond Associates L.L.C.,Orthopedic Diamond Associates,"Unit 2, Brookline, 67 Park Street, MA","##67 Park St, # 2, Brookline, Massachusetts",us
S1-543270751,S2-407923723,address_token|address_token|address_token|name_prefix,name_prefix:11707|address_token:5836|address_token:426525,1,0,0,0.0,0.667,0,Lyris Lending LLC,lyrislending.com,"TX, Conroe, 834 Lightningbug Lane","534 LIGHTNINGBUG LN, CONROE, TX",us
S1-296875813,S2-4211880,name_prefix|name_token|name_token,address_number:28545|address_house:16385|address_token:304447|address_token:426525|name_prefix:25482,1,1,1,0.6,0.0,0,Grant & Snell Spectral,grant & sné1l spectral,"10 Linda Lane, Plainfield, CT",,us
S1-423240395,S2-442810255,name_prefix|name_token|name_token,address_token:52857|name_token:22860|name_token:42955|name_prefix:23937|address_token:415912|name_token:21404,1,1,1,0.5,0.0,0,Orthopedic Certified Specialists,Orthopedic Certified 5pecialists,"8624 Campbell Street, MO, Kansas City",,us
S1-177948566,S3-542385439,address_city|address_number|address_number|address_token,address_house:11067|address_number:23038|address_city:46373|name_prefix:25074|name_token:15076|name_token:9552|name_token:30892|address_token:234238|address_number:18943,0,0,0,0.0,0.571,0,Fresh Wellness Studios LLC,studiosfreshwellnesscom,"25 16 Street, New York, NY","25A 16 St, New York",us
S1-177948566,S2-696628548,address_city|address_house|address_number|address_number|address_token|name_prefix|name_token|name_token,address_house:11067|address_number:23038|address_city:46373|name_prefix:25074|name_token:15076|name_token:9552|name_token:30892|address_token:234238|address_number:18943,1,1,1,0.5,1.0,0,Fresh Wellness Studios LLC,Fresh Wellness Stdulios LLC,"25 16 Street, New York, NY","25 16 ST, NEW YORK, NY",us
S1-657408185,S2-642719636,address_city|address_token|address_token|name_prefix|name_token,name_prefix:9543|name_token:26732|name_token:11831,1,1,1,0.333,0.8,0,Downtown Deli,DOWNTOWN  DEI,"2920 Stephan Road, Kingman, AZ","STEPHAN RD, KINGMAN, AZ",us
S1-956156724,S3-224312258,address_city|address_token|address_token|address_token|name_prefix|name_token,name_token:29121|name_token:78307|name_prefix:53144|address_token:415912,1,1,1,0.333,0.571,0,"Cardiology Clinic, LLC",Cardiology Cornic LLC,"1000 Tazewell Street, Portsmouth City, VA","Tazewell Street, Portsmouth City, Virginia",us
S1-547164467,S3-611104426,address_house|address_number|address_token|address_token|name_prefix|name_token|name_token|name_token,name_token:21454|name_token:161239|address_token:25727|name_prefix:22876|name_token:23127|name_token:21674,1,1,1,0.8,0.429,0,Ear Nose & Throat Care,Ear Nose & Throat,"5002 F, Austin, TX","Austin, 5002 F, N/A, Texas",us
S1-547164467,S2-632171550,address_house|address_number|address_token|address_token|name_prefix,name_token:21454|name_token:161239|address_token:25727|name_prefix:22876|name_token:23127|name_token:21674,0,0,0,0.0,0.667,0,Ear Nose & Throat Care,earnosethroat.com,"5002 F, Austin, TX","5002 1/2 F, AUSTIN, TX",us
S1-547164467,S3-561926141,name_core_exact|name_prefix|name_token|name_token|name_token|name_token,name_token:21454|name_token:161239|address_token:25727|name_prefix:22876|name_token:23127|name_token:21674,1,1,1,1.0,0.0,0,Ear Nose & Throat Care,Ear Nose & Throat Care (LLC),"5002 F, Austin, TX",,us
S1-409264038,S3-281274347,address_token|name_prefix,address_city:11776|name_token:23203|address_token:24976|name_token:154814|address_token:20776|name_token:9381|name_prefix:11151,1,1,0,0.0,0.222,0,Custom Logistics Services,customlogisticsservices.com,"12857 Tucson Avenue, Mount Lemmon, AZ","Tucson Avenue, MT Lemmmon, Arizona",us
S1-72937767,S3-134886492,address_number,name_prefix:8023|address_token:8190|address_number:17636,0,0,0,0.0,0.125,0,Pronet LLC,Prboment LLC,"Middletown, NY, 43931 30","043931 30, Margaretville, New York",us
S1-962601233,S2-879476041,address_city|address_house|address_number|address_token|address_token|name_prefix,address_number:8113|address_token:7552|address_city:31235|name_token:26585|address_token:49460|name_token:75567|name_prefix:41078|address_house:6344,1,1,1,0.0,0.714,0,"Marianne Santos, O.D., DDS PC",mariannesantosodcom,"119 East Street, Great Barrington, MA","119 EAST STREET, GREAT ARRINGTON, MA",us
S1-132072282,S2-561609687,address_token|address_token|address_token|address_token|name_prefix|name_token|name_token|name_token,address_city:23824|address_token:112389|name_token:9074|name_prefix:34706|name_token:8416|address_token:24950|address_token:1000019|name_token:7392,1,1,1,0.75,0.625,0,Corner Ice Cream,Corner Ice Cream Partners,"2846 Lawndell Drive, Fl 0, Saint Louis, MO","LAWNDELL DRIVE, SAINT LOUIS, MO",us
S1-550143867,S3-185631735,address_token|address_token|name_prefix,none,1,1,1,0.0,0.5,0,Messenger Culture,messengerculture.com,"153 Meandering Way, Houma, LA","Meandering Way, Houma, Louisiana",us
S1-793344584,S3-444022520,address_house|address_number|address_number|address_token|address_token|address_token|name_prefix|name_token|name_token,name_token:8187|address_token:176303|name_token:27197|name_token:25914|address_number:6294|address_token:6005|address_house:8726|name_prefix:16955|address_number:15315|name_token:28585,1,1,1,0.4,0.625,0,Piedmont Tri-State Cargo,Piedmont Cargo Services,"Unit #26, OR, 2875 214th Avenue, Beaverton","Unit #26, Beaverton, 214th Ave, Oregon",us
S1-746646222,S3-491238682,address_number|address_token|name_prefix|name_token|name_token,address_token:5081|name_token:9785|address_number:23038|name_token:26006|address_token:24182|name_token:20722|address_city:16408|name_prefix:38423,1,1,1,0.667,0.222,0,Precision Analytics Industries,Precision  Analytics,"4404 16th Avenue, Portland, OR","4402 16th Ave, Porrtland CITY, Oregon",us
S1-746646222,S3-69254894,address_number|address_token,address_token:5081|name_token:9785|address_number:23038|name_token:26006|address_token:24182|name_token:20722|address_city:16408|name_prefix:38423,0,0,0,0.0,0.222,0,Precision Analytics Industries,analyticsprecision.com,"4404 16th Avenue, Portland, OR","4402 16th Avenue, Porrtland CITY, Oregon",us
S1-746646222,S3-747962663,address_number|address_token|name_prefix|name_token|name_token,address_token:5081|name_token:9785|address_number:23038|name_token:26006|address_token:24182|name_token:20722|address_city:16408|name_prefix:38423,1,1,1,0.5,0.222,0,Precision Analytics Industries,Precision Analytics - 8546152913,"4404 16th Avenue, Portland, OR","4402 16th Avenue, Porrtland CITY, Oregon",us
S1-405781255,S3-740193797,address_city|address_house|address_number|address_token|address_token|address_token|name_token,name_token:22819|name_token:161239|name_prefix:20700|address_city:19498|address_token:28624|address_token:16962,0,0,0,0.333,0.625,0,Oncology Care Inc,Services Oncology Inc,"191 Cattail Hollow Road, Springfield, WV","191 Cattail Hollow Road, Springfield, West Virginia",us
S1-759403257,S2-940845282,name_prefix|name_token|name_token|name_token,name_token:26288|name_prefix:15414|name_token:11768|address_token:151460|name_token:8058,1,1,1,1.0,0.0,0,Horizon Design Brands LLC,HORIZON HORIZON DESIGN BRANDS,"3321 O Street, DC, Washington",,us
S1-461937416,S2-194809274,name_prefix|name_token|name_token,name_token:28025|address_token:9881|address_token:130693|address_token:9906|address_city:6009|address_token:8905|name_token:7384|name_prefix:13881|address_token:426525,1,1,1,0.5,0.0,0,Sanchez Empire Canary,SANCHEZ CANARY CENTER,"11688 Sandal Wood Lane, Prince William County, VA",,us
S1-669147780,S2-503459781,address_token|address_token,address_token:27522|name_token:132212|address_token:6302|address_token:1000019|address_token:29155,0,0,0,0.0,0.333,0,Diify Associates,Wexbelo,"9624 Charleston Drive, Cedar Hills, UT","09624 CHARLESTON DRIVE, PLEASANT GROVE, UT",us
S1-518455813,S2-432984831,address_token|address_token|name_prefix|name_token|name_token|name_token,address_token:176303|name_token:11951|name_token:15970|name_prefix:5344|address_number:11651|address_token:7819,1,1,1,0.6,0.571,0,Electronic Business Concepts LLC,Electronic Business Concepts L.L.C.,"605 Himes Avenue, Unit 108, Frederick, MD","FREDERICK, MD, HIMES AVENUE",us
S1-359313268,S3-812842832,name_prefix|name_token,address_token:71663|address_token:130693|address_city:6983|address_token:10429|name_token:28666|name_prefix:33424,1,1,0,0.5,0.0,0,Allied Corporation,Allied Corporation Enterprises,"8642 Bethany Creek Avenue, Chesterfield County, VA",,us
S1-604210634,S3-17227598,name_prefix|name_token,address_token:5081|address_number:23038|name_prefix:15956|name_token:14231,1,1,0,0.25,0.0,0,Garcia Exploration LLC,Garcia LLC Center Enterprises,"2206 16th Street, Bentonville, AR",,us
S1-331063059,S2-561194361,name_prefix|name_token|name_token,address_number:5740|name_token:93447|name_prefix:27872|address_token:9615,1,1,1,0.5,0.0,0,Vang Prudential LP,Vang-Prudentia1 LP,"308 2nd Street, Hamilton, ND",,us
S1-777998481,S3-986281099,address_city|address_token|address_token|address_token|name_prefix|name_token|name_token,name_token:12408|name_token:267771|name_token:45100|name_prefix:17519|address_city:5059|address_token:7877|address_token:426525,1,1,0,0.5,0.429,0,Global Equity Partners LLC,Global Global Ebquty Partners LLC,"603 Kimberly Lane, Jacksonville, NC","Kimberly Ln, Jacksonville, North Carolina",us
S1-777998481,S2-361237878,address_city|address_token|address_token|address_token|name_core_exact|name_prefix|name_token|name_token|name_token,name_token:12408|name_token:267771|name_token:45100|name_prefix:17519|address_city:5059|address_token:7877|address_token:426525,1,1,1,1.0,0.667,0,Global Equity Partners LLC,GLOBAL EQUITY PARTNERS,"603 Kimberly Lane, Jacksonville, NC","0603 KIMBERLY LANE, JACKSONVILLE, NC",us
S1-120669517,S3-392098506,address_city|address_token|address_token|name_prefix|name_token,name_token:10014|address_city:46373|address_token:5247|address_token:7335,1,1,1,0.333,0.571,0,Pelfrey Investments LLC,Pelfrey LLC Partners,"920 Clayton Street, New Castle, DE","Clayton Street, New Castle, Delaware",us
S1-252502825,S3-50156328,address_house|address_number|address_token|name_prefix|name_token|name_token,address_house:11067|name_token:24438|address_token:9267|name_token:13930|address_token:304447|name_prefix:12312|name_token:9548|address_number:18943,1,1,1,0.75,0.444,0,Davis's Better Coffee,Davis'S Better,"25 Old Smith Road, Litchfield, CT","25 Old Smith Rd, Thomaston Ccity, Connecticut",us
S1-161561111,S2-249725859,address_token|address_token|address_token,name_token:24788|name_token:8288|name_prefix:15296|address_token:1000019|address_city:6736|address_token:10064,0,0,0,0.0,0.667,0,Barbe's Smart Hypnosis,Korvantagemira,"905 Regents Drive, Mobile, AL","AL, MOBILE, 1209 REGENTS DR",us
S1-826379391,S3-182198415,address_house|address_number|address_token|name_core_exact|name_prefix|name_token|name_token|name_token,name_token:14127|name_prefix:7180|address_token:8750|address_token:88980|name_token:154670,1,1,1,1.0,0.375,0,Office of Buildings,Office of Buildings Inc,"550 Independence Way, Cecil Township, PA","550 Independence Way, Canonsburg, Pennsylvania",us
S1-826379391,S2-562027793,address_house|address_number|address_token|name_prefix|name_token|name_token|name_token,name_token:14127|name_prefix:7180|address_token:8750|address_token:88980|name_token:154670,1,1,0,1.0,0.5,0,Office of Buildings,Office Buildings óf,"550 Independence Way, Cecil Township, PA","550 INDEPENDENEC WAY, CANONSBURG TOWNSHIP, PA",us
S1-602171707,S3-365211691,address_city|address_house|address_number|address_token|address_token|address_token,name_token:21424|address_token:130693|name_token:28857|address_number:8976|address_city:5369|name_token:7550|address_token:7145|address_house:6688|address_token:8905,0,0,0,0.0,0.714,0,Teamsters Union Local No 811,Noviumbra,"210 Wood Road, Henrico County, VA","210 Wood Rd, Henrico County, Virginia",us
S1-218549795,S2-495508130,name_prefix|name_token|name_token,address_token:67312|name_token:66812|address_number:6405|address_city:6661|name_token:49943|name_prefix:28584|name_token:24788|address_token:426525,1,1,1,0.5,0.0,0,Family Smart Medicine Inc,FAMILY SMART MEDCINE INC,"302 Valley Lane, Des Arc, AR",,us
S1-132860700,S2-758396597,address_city|address_number|address_token|name_prefix|name_token,address_city:5780|name_token:21287|name_prefix:13928|address_token:13638|name_token:25092|address_number:21616,1,1,1,0.333,0.571,0,Gulf Institute,GULF  INSITDE,"316 14th Avenue, Rio Rancho, NM","14ND AVE, RIO RANCHO, NM",us
S1-496582135,S3-945748468,address_house|address_number|address_token|address_token|address_token|name_prefix|name_token|name_token|name_token,name_token:21454|address_token:46466|name_prefix:22876|name_token:23127|name_token:21674|name_token:215715,1,1,1,0.8,0.625,0,Ear Nose & Throat Group,Ear Nose & Throat,"1467 J Avenue, Council Grove, KS","1467 J Ave, <NULL>, Council Grove, Kansas",us
S1-496582135,S2-519205569,address_city|address_token|address_token|name_prefix|name_token|name_token|name_token,name_token:21454|address_token:46466|name_prefix:22876|name_token:23127|name_token:21674|name_token:215715,1,1,1,0.8,0.714,0,Ear Nose & Throat Group,Ear Nose  & Throat Inc,"1467 J Avenue, Council Grove, KS","##1474 J AVENUE, COUNCIL GROVE, KS",us
S1-394873364,S2-41088018,address_house|address_number|address_token|address_token|address_token|name_prefix|name_token|name_token|name_token,address_token:126758|name_prefix:65027|name_token:132212|name_token:161239|name_token:54128|name_token:68067|address_token:22478|address_city:14834,0,0,0,0.6,0.5,0,Pediatric Dental Care Associates Inc,PEDlATRIC DENTAL CARE ASSOCIATES INC,"7209 Bentley Circle, Raleigh, NC","7209 BENTLEY CIR, NULL, RALEIHG CDP, NC",us
S1-904488489,S3-323743361,address_house|address_number|address_token|address_token|address_token|address_token|address_token|name_prefix,address_token:176303|address_token:130693|address_token:30340|name_token:132212|name_prefix:21952|name_token:161239|address_token:5399|name_token:28150|address_token:14977,1,1,0,0.0,0.583,0,Vision Care Associates,@visioncare,"6440 Thomas Jefferson Parkway, Unit STE 2, Fluvanna County, VA","6440 Thomas Jefferson Parkway, Unit STE 2, Palmya, Virginia",us
S1-904488489,S3-569839610,address_house|address_number|address_token|address_token|address_token|address_token|name_prefix|name_token|name_token,address_token:176303|address_token:130693|address_token:30340|name_token:132212|name_prefix:21952|name_token:161239|address_token:5399|name_token:28150|address_token:14977,1,1,1,0.667,0.5,0,Vision Care Associates,Vision Care,"6440 Thomas Jefferson Parkway, Unit STE 2, Fluvanna County, VA","6440 Thomas Jefferson Parkway, # STE 2, Palmyra, Virginia",us
S1-904488489,S2-940210863,address_house|address_number|address_token|address_token|address_token|address_token|name_prefix|name_token|name_token|name_token,address_token:176303|address_token:130693|address_token:30340|name_token:132212|name_prefix:21952|name_token:161239|address_token:5399|name_token:28150|address_token:14977,1,1,0,0.75,0.462,0,Vision Care Associates,Vision Associates Care #45994,"6440 Thomas Jefferson Parkway, Unit STE 2, Fluvanna County, VA","6440 1/2 Thomas Jefferson Pkwy, null, PALMYRRA, VA",us
S1-904488489,S2-724259031,address_token|address_token|address_token|name_token|name_token,address_token:176303|address_token:130693|address_token:30340|name_token:132212|name_prefix:21952|name_token:161239|address_token:5399|name_token:28150|address_token:14977,0,0,0,0.5,0.333,0,Vision Care Associates,ASSOCIATES CFE VISION,"6440 Thomas Jefferson Parkway, Unit STE 2, Fluvanna County, VA","THOMAS JEFFERSON PARKWAY, null, PALMYRRA, VA",us
S1-135152140,S3-878808723,address_house|address_number|address_token|address_token|address_token|address_token|name_prefix|name_token,address_token:130693|address_token:7145,1,0,0,0.5,0.714,0,Bison,Bison (Services),"VA, Henrico County, 3750 Bolling Road","#3750 Bolling Road, Henrico County, Virginia",us
S1-135152140,S3-462187687,address_house|address_number|address_token|address_token,address_token:130693|address_token:7145,0,0,0,0.0,0.375,0,Bison,Bioon,"VA, Henrico County, 3750 Bolling Road","#3750 Bolling Road, Richmond, Virginia",us
S1-514298055,S2-212327625,address_city|address_token|address_token|address_token|name_prefix|name_token,name_prefix:31405|name_token:16917|address_token:28276|address_token:6466,1,1,1,0.333,0.714,0,Congregation Ministries,Congregation (Services),"825 Witt Road, Bowling Green, KY","823 WITT ROAD, BOWLING GREEN, KY",us
S1-735353587,S3-19947913,address_city|address_house|address_number|address_token|address_token|address_token|name_prefix,address_token:7816|name_token:30971|address_token:19597|name_prefix:25071|name_token:13821|name_token:23998|address_city:78486|name_token:5331|address_token:330861|name_token:49943,1,0,0,0.0,0.714,0,North Adams Family Elite Coalition,northadamsfamily.com,"156 State Street, North Adams, MA","156 State Street, N. Adams, Massachusetts",us
S1-103015855,S2-120766466,name_prefix|name_token,address_token:48079|address_number:8499|address_house:6517|name_token:45100|name_prefix:17519|address_token:1000019|name_token:20593|address_token:10280,1,1,1,0.333,0.0,0,Global Network Inc,Global Netwoork Inc,"117 Don Quixote Drive, Charles Town, WV",,us
S1-202891826,S3-592781810,address_city|address_number|address_token|address_token|address_token|name_core_exact|name_prefix|name_token|name_token|name_token,name_prefix:8943|name_token:8014|name_token:8462|address_token:30865|address_city:13553|address_token:19947|name_token:7722|address_token:12174,1,1,1,1.0,0.5,0,Back Alley Tavern,Back Alley Tavern Co,"4017 Liberty Heights Avenue, Baltimore, MD","4017c Liberty Heights Ave, Baltimore, Maryland",us
S1-202891826,S2-799289314,address_house|address_number|address_token|address_token|address_token|name_prefix|name_token|name_token|name_token,name_prefix:8943|name_token:8014|name_token:8462|address_token:30865|address_city:13553|address_token:19947|name_token:7722|address_token:12174,1,1,1,0.75,0.625,0,Back Alley Tavern,Back Alley Tavern (Services),"4017 Liberty Heights Avenue, Baltimore, MD","4017  LIBERTY HEIGHTS AVE, GWYNN OAK, MD",us
S1-208920096,S2-55572077,name_core_exact|name_exact|name_prefix|name_token|name_token|name_token_sort,address_token:25477|name_token:154670,1,1,1,1.0,0.0,0,Borough Of,Borough-Of,"Louisville, KY, 5112 Shepherdsville Rd",,us
S1-61739928,S3-309076068,address_house|address_number|address_number|address_postal|address_token|address_token|name_prefix,name_prefix:20950|name_token:102956|name_token:66812|name_token:22039,1,1,0,0.0,0.286,1,Womens Health Medicine LLC,womenshealthmedicine.com,"10444 3168, Winona, TX","10444 3168, Winoan CDP, Texas",us
S1-471588561,S3-606678333,address_number|address_token|address_token|name_core_exact|name_prefix|name_token|name_token,name_token:132212|name_prefix:22583|name_token:22367|address_number:11542,1,1,1,1.0,0.429,0,Dermatology Associates,Dermatology Associates-Inc.,"ND, Richardton, 9110 42nd Street","42nd St, Richardton, North Dakota",us
S1-471588561,S3-434822540,address_house|address_number|address_number|address_token|address_token|address_token|name_prefix|name_token,name_token:132212|name_prefix:22583|name_token:22367|address_number:11542,1,1,1,0.333,0.375,0,Dermatology Associates,Dermatology Associaces,"ND, Richardton, 9110 42nd Street","North Dakota, 9110 42nd Saint, Richardton",us
S1-454096099,S3-977527628,address_house|address_number|address_token|address_token|name_core_exact|name_prefix|name_token|name_token,name_prefix:21918|name_token:102956|name_token:27180|address_number:5667|address_token:8136|address_token:1000019|address_token:6534,1,1,1,1.0,0.3,0,Eye Health Inc.,Eye-Health,"Brookhaven, NY, 99 Magnolia Drive","99 Magnolia Drive, Rocky Point CITY, New York",us
S1-454096099,S3-192310647,address_house|address_number|address_token|name_prefix|name_token,name_prefix:21918|name_token:102956|name_token:27180|address_number:5667|address_token:8136|address_token:1000019|address_token:6534,1,0,0,0.333,0.182,0,Eye Health Inc.,Eye  Inc. Center,"Brookhaven, NY, 99 Magnolia Drive","New York, 99 Mganolia Drive, Rocky Point CITY",us
S1-232000773,S3-950933358,name_core_exact|name_prefix|name_token|name_token,address_token:176303|address_token:130693|address_number:5751|address_number:26773|name_token:13782|name_token:41747|name_prefix:16083,1,1,1,1.0,0.0,0,Capital Guild,Capital Guild Corporation,"28320 County 11th Street, Unit 160, Wellton, AZ",,us
S1-642486196,S2-835265880,address_house|address_number|address_token|address_token|address_token|address_token|name_token|name_token|name_token,name_prefix:9064|name_token:8456|address_token:130693|name_token:10429|address_token:13502|address_token:304447|address_city:6009|name_token:8333|address_token:9881|address_token:9906|name_token:11831,0,0,0,0.6,0.556,0,Rev It Up Deli,It Rev Up Dg,"7452 Port Tavern Court, Prince William County, VA","7452 PORT TAVERN CT, MANASSAS, VA",us
S1-642486196,S3-142886171,address_token|address_token|address_token|address_token|address_token|address_token|name_prefix|name_token|name_token|name_token|name_token,name_prefix:9064|name_token:8456|address_token:130693|name_token:10429|address_token:13502|address_token:304447|address_city:6009|name_token:8333|address_token:9881|address_token:9906|name_token:11831,1,1,1,0.8,0.6,0,Rev It Up Deli,Rev It Up Deli  LP,"7452 Port Tavern Court, Prince William County, VA","Prince William County, 745 Port Tavern Court, Virginia",us
S1-132222720,S3-587417288,address_token|address_token|name_prefix,address_house:5474|address_token:176303|address_number:8604|address_token:7018|name_token:25092|name_token:30931|name_prefix:29711,1,1,1,0.0,0.5,0,Heritage Gulf Eagle LLC,heritagegulfeagle.com,"150 Heather Road, Troy, Unit B, OH","Heather Rd, # B, Troy, Ohio",us
S1-102339621,S2-417304606,address_token|address_token|address_token|name_prefix|name_token|name_token|name_token,name_token:145118|address_token:30482|address_token:6302|name_prefix:10296|name_token:215715|address_token:1000019,1,1,1,0.75,0.714,0,Canzoneri Holdings Group,Canzoneri Holdings Group Services,"294 Gap View Drive, Charleston, WV","CHARLESTON, 94 GAP VIEW DRIVE, WV",us
S1-948737119,S3-835480922,address_house|address_number|address_token|name_prefix|name_token,name_prefix:20004|name_token:42955|name_token:20839,1,1,1,0.333,0.429,0,Urology Specialists,Urology Srpécildsts,"777 Barton Road, Edgewood, NM","777 Barton Road, Barton, New Mexico",us
S1-687615009,S3-388507548,name_prefix|name_token|name_token|name_token,address_city:23824|name_prefix:5311|name_token:16917|name_token:14097|address_token:5862|name_token:5197|address_token:5667|address_token:126758,1,1,0,1.0,0.0,0,Animal Welfare Ministries,Animal Mínistries Welfare,"1828 Lakewood Circle, Fl 1, Olympia, WA",,us
S1-487072479,S3-713476150,address_city|address_number|address_token|address_token|address_token|address_token|address_token|name_prefix,name_token:10844|address_token:176303|address_token:62864|address_number:5136|name_prefix:18685|name_token:13223|name_token:10294,1,0,0,0.0,0.636,0,Main Street Grill,mainstreetgrill.com,"12300 Rosslare Ridge Road, Unit CONDO 405, Lutherville, MD","Rosslare Ridge Road, Unit Condo 405, Lutherville Timonium, Maryland",us
S1-217013505,S3-290717537,name_prefix|name_token|name_token,name_token:25444|address_number:5097|address_token:6534|name_prefix:12903|address_token:38723|address_token:1000019|name_token:35448,1,0,0,0.5,0.0,0,Keystone Blue Recruiting LLC,Keyst0ne BLUE Recruiting LLC,"410 Village Drive, Brookhaven, NY",,us
S1-839014251,S3-410592007,address_token|address_token|address_token|address_token|name_prefix|name_token|name_token|name_token|name_token,address_token:17069|name_token:28111|address_token:176303|name_token:27991|address_token:6682|address_token:97034|address_number:5767|name_prefix:22964|name_token:215715|address_number:8976|address_token:8871|name_token:31278,1,1,1,1.0,0.333,0,Physical Therapy Premier Group,PHYSICAL THERAPY PREMIER GROUP GROUP,"401 Harrison Oaks Boulevard, Unit 210, Cary, NC","493C Harrison Oaks Boulevard, N/A, Cary, North Carolina",us
S1-839014251,S3-604318522,address_house|address_number|address_number|address_token|address_token,address_token:17069|name_token:28111|address_token:176303|name_token:27991|address_token:6682|address_token:97034|address_number:5767|name_prefix:22964|name_token:215715|address_number:8976|address_token:8871|name_token:31278,0,0,0,0.0,0.333,0,Physical Therapy Premier Group,therapypremierphysical.com,"401 Harrison Oaks Boulevard, Unit 210, Cary, NC","401 Hacrison Oaks Blvd, # 210, CAYR, North Carolina",us
S1-85423522,S3-179623894,address_city|address_house|address_number|address_token|address_token|name_prefix|name_token,address_number:8258|name_token:45100|name_prefix:17519|name_token:13480|address_token:21929|address_house:5850,1,1,1,0.333,0.667,0,Global Project,Global Prdject,"301 Boston Avenue, Bartlesville, OK","301 Boston Avenue, Bartlesville, Oklahoma",us
S1-85423522,S2-449411292,address_city|address_house|address_number|address_token|address_token|name_token,address_number:8258|name_token:45100|name_prefix:17519|name_token:13480|address_token:21929|address_house:5850,0,0,0,0.333,1.0,0,Global Project,6lobal  Project,"301 Boston Avenue, Bartlesville, OK","301 Boston Ave, BARTLESVILLE, OK",us
S1-85423522,S3-996704271,address_city|address_house|address_number|address_token|address_token|name_prefix|name_token|name_token,address_number:8258|name_token:45100|name_prefix:17519|name_token:13480|address_token:21929|address_house:5850,1,1,1,0.667,0.667,0,Global Project,Global Project Federation,"301 Boston Avenue, Bartlesville, OK","301 Boston Avenue, Bartlesville, Oklahoma",us
S1-219671059,S3-1748456,name_prefix|name_token,address_token:93152|address_house:8548|address_token:11680|name_prefix:7300|address_number:15286|address_token:426525,1,1,1,0.333,0.0,0,Benjamin Table,Benjamin (Service),"32 Larned Lane, Orchard Park, NY",,us
S1-100911551,S3-501565312,address_token|address_token|address_token|address_token|name_prefix|name_token|name_token,name_token:25007|address_token:32679|name_token:28090|address_token:6259|name_prefix:32613|address_token:25147,1,1,1,0.667,0.444,0,Metropolitan Prime Brand,Metropolitan (Prime),"8301 Hood Mesa Trail, Farmington, NM","830 Hood Mesa Trail, Farmington, New Mexico",us
S1-100911551,S3-275167820,address_token|address_token|address_token|name_prefix,name_token:25007|address_token:32679|name_token:28090|address_token:6259|name_prefix:32613|address_token:25147,1,1,1,0.0,0.231,0,Metropolitan Prime Brand,metropolitanprimebrand.com,"8301 Hood Mesa Trail, Farmington, NM","830 Hood Mesa Trl, PO Box 1237, Farmington, New Mexico",us
S1-100911551,S2-198906343,name_prefix|name_token|name_token,name_token:25007|address_token:32679|name_token:28090|address_token:6259|name_prefix:32613|address_token:25147,1,1,1,0.667,0.0,0,Metropolitan Prime Brand,Metropolitan Prime,"8301 Hood Mesa Trail, Farmington, NM",,us
S1-739578621,S3-19960505,address_city|address_house|address_number|address_token,address_city:31695|address_token:151460|address_house:11010|address_number:20603,0,0,0,0.0,0.333,0,Abbott Innovation Inc,Innovationabbott.Com,"18 9th Street, Washington, DC","18 Ninth St, Washington, District of Columbia",us
S1-493328441,S2-819439853,address_city|address_token|address_token|name_prefix,name_token:66812|name_prefix:65027|name_token:20993|name_token:68067|address_city:31093|address_token:42719,1,1,1,0.0,0.667,0,Pediatric Dentistry Medicine LLC,PEDIATRICMEDICINEDENTISTRY.COM,"1257 Kildare Avenue, Chicago, IL","01257 KILDARE AVENUE, CHICAGO, IL",us
S1-540986879,S2-993788083,address_city|address_token|address_token|name_prefix|name_token|name_token,name_token:25824|address_token:20221|address_token:8857|name_token:7834|name_token:29743|name_prefix:16807,1,1,1,0.667,0.667,0,"Federal Apparel Alliance, LLC",Federal Apparel,"1610 Church Street, Georgetown, TX","1618 CHURCH STREET, GEORGETOWN, TX",us
S1-540986879,S3-629907305,address_city|address_token|address_token|name_prefix|name_token|name_token,name_token:25824|address_token:20221|address_token:8857|name_token:7834|name_token:29743|name_prefix:16807,1,1,1,0.5,0.429,0,"Federal Apparel Alliance, LLC","Federal Alliance, Llc-Services","1610 Church Street, Georgetown, TX","1618 Church St, Georgetown, Texas",us
S1-462716896,S3-908432955,address_token|address_token|address_token|name_prefix,name_token:26585|address_city:8350|address_token:13502,1,1,0,0.0,0.333,0,"Hurley, Henrieta, DDS",hurleyhenrietadds.com,"604 Mcpherson Street, Port Townsend, WA","804 Mcpherson Saint, Port Townsend, Washington",us
S1-589828610,S2-551152215,address_house|address_number|address_postal|address_token|address_token|name_token,address_token:48079|address_city:18707|name_token:22819|name_prefix:20700|name_token:215715|address_token:1000019,0,0,0,0.333,0.5,1,Oncology Group,Ofcoogy Group,"27103 Ora Drive, Town Of Norway, WI","27103- ORA DRIVE, WATERFORD, WI",us
S1-589828610,S2-68683284,name_prefix|name_token,address_token:48079|address_city:18707|name_token:22819|name_prefix:20700|name_token:215715|address_token:1000019,1,1,1,0.5,0.0,0,Oncology Group,ONCOLOGY LLC,"27103 Ora Drive, Town Of Norway, WI",,us
S1-589828610,S3-866801611,address_house|address_number|address_postal|address_token|address_token|name_token,address_token:48079|address_city:18707|name_token:22819|name_prefix:20700|name_token:215715|address_token:1000019,0,0,0,0.333,0.333,1,Oncology Group,Onfoogy-Group,"27103 Ora Drive, Town Of Norway, WI","27103 Ora Dr, Waterford, Wisconsin",us
S1-819238413,S3-181326860,name_prefix|name_token|name_token|name_token,name_token:13792|name_token:26020|address_token:6101|name_prefix:15485|name_token:5923,1,1,1,0.6,0.143,0,Prairie Charities II LLC,Prairie Charities II L.L.C.,"4450 9, Anderson, IN","4444. 9, Adnerson, Indiana",us
S1-819238413,S3-345204774,address_token|name_prefix|name_token|name_token,name_token:13792|name_token:26020|address_token:6101|name_prefix:15485|name_token:5923,1,1,1,0.5,0.333,0,Prairie Charities II LLC,Prairie II LLC Center,"4450 9, Anderson, IN","04450 9, Anderson, Indiana",us
S1-497442317,S2-817990649,address_city|address_token|address_token|address_token|address_token|name_core_exact|name_prefix|name_token|name_token|name_token,address_city:13182|name_token:39214|name_token:22756|name_token:20949|address_token:1000019|address_token:96498|name_prefix:21699,1,1,1,1.0,0.833,0,Foot & Ankle Physicians Inc,Foot & Ankle Physicians,"27889 Peninsula Drive, Lake Arrowhead, CA","PENINSULA DR, LAKE ARROWHEAD, CA",us
S1-497442317,S2-530940019,address_city|address_token|address_token|address_token|address_token|name_prefix|name_token|name_token,address_city:13182|name_token:39214|name_token:22756|name_token:20949|address_token:1000019|address_token:96498|name_prefix:21699,1,1,1,0.75,0.833,0,Foot & Ankle Physicians Inc,Foot and Ankle,"27889 Peninsula Drive, Lake Arrowhead, CA","CA, PENINSULA DR, LAKE ARROWHEAD",us
S1-286099765,S2-196867024,address_token|address_token|address_token|name_prefix,address_token:415912|address_token:12875,0,0,0,0.333,0.5,0,7-Corners LLC,LLC 7-Cnocens,"4321 Lindenwood Road, Union City, TN","4308 LINDENWOOD RAOD, UNION CITY, TN",us
S1-933840066,S2-982833213,address_city|address_token|address_token,address_token:7491|address_token:15143|name_token:15159,0,0,0,0.0,0.667,0,Reasoner & Horn Laboratories L.L.C.,CIRANEXEVO,"1516 Jackson Street, Decatur, AL","001516 JACKSON ST, DECATUR, AL",us
S1-666169882,S2-997764782,address_house|address_number|address_number|address_token|address_token|name_prefix|name_token,address_number:9299|name_token:8462|name_prefix:9543|name_token:26732,1,1,1,0.333,0.667,0,Downtown Tavern,Downtown Trtnr Trtnr,"3315 70th Street, Moorhead, MN","MOORHEAD, MN, 3315 70ST STREET",us
S1-219454391,S3-776033111,address_house|address_number|address_token|name_prefix|name_token,name_token:10160|name_prefix:15638|address_city:10447|name_token:8798,1,0,0,0.333,0.3,0,Little Diner,Litt1e (Diner),"825 Vandalia Street, IL, Collinsville","825 1/2 Vandalia St, Collinsvill Township, Illinois",us
S1-902576757,S3-262641013,address_number|address_token|address_token|name_core_exact|name_prefix|name_token|name_token|name_token,address_city:27541|address_token:112389|name_token:132212|name_token:161239|name_prefix:23937|address_token:16299|name_token:21404,1,1,1,1.0,0.364,0,Orthopedic Care Associates Inc.,Orthopedic Care Associates,"704 Western Avenue, Saint Paul, MN","ST. Paul, PO Box 2745, 704 Western Ave, Minnesota",us
S1-902576757,S3-164165417,address_house|address_number|address_token|address_token,address_city:27541|address_token:112389|name_token:132212|name_token:161239|name_prefix:23937|address_token:16299|name_token:21404,0,0,0,0.0,0.5,0,Orthopedic Care Associates Inc.,Lyrasynlyra,"704 Western Avenue, Saint Paul, MN","704 Western Ave, ST. Paul, Minnesota",us
S1-192206392,S3-327722857,address_city|address_house|address_number|address_token|address_token|name_prefix|name_token,name_prefix:21918|name_token:27180|address_number:7215|address_token:12978|name_token:161239,1,0,0,0.333,0.571,0,"Eye Care, Inc",Eye Inc Services,"72 Silver Avenue, Stockton, UT","72-A Silver Avenue, Stockton, Utah",us
S1-192206392,S3-610077504,address_city|address_token|address_token|name_core_exact|name_prefix|name_token|name_token,name_prefix:21918|name_token:27180|address_number:7215|address_token:12978|name_token:161239,1,1,1,1.0,0.5,0,"Eye Care, Inc","Eye (Care,)","72 Silver Avenue, Stockton, UT","Silver Ave, Stockton, Utah",us
S1-178636959,S3-730656439,address_token|address_token|address_token|address_token,address_token:67312|address_token:32679|name_prefix:34431|address_token:6269,0,0,0,0.0,0.5,0,"Harrell, Madelina, L.C.S.W.",Ca1onovi,"8023 Winding Trail, Prescott Valley, AZ","023 Winding Trail, Prescott Valley, Arizona",us
S1-405110360,S3-869270766,address_house|address_number|address_token|address_token|name_token|name_token|name_token,name_token:21454|name_token:161239|name_prefix:22876|name_token:23127|name_token:21674,0,0,0,0.667,0.571,0,Ear Nose & Throat Care LLC,Services Ear Nose & Throat LLC,"837 Jockeycamp Run, Smithburg, WV","837 Jockeycamp Run, Smithburg, West Virginia",us
S1-266503305,S3-561842355,address_house|address_number|address_token|name_prefix,name_token:24288|name_prefix:19587|name_token:30566|address_number:13264|address_house:9789,1,0,0,0.0,0.333,0,South Pioneer Consulting,southpioneerconsulting.com,"110 Aldrich Street, Gowanda, NY","110 Aldrich St, Gowada CITY, New York",us
S1-266503305,S3-718680227,address_house|address_number|address_token|name_prefix|name_token|name_token,name_token:24288|name_prefix:19587|name_token:30566|address_number:13264|address_house:9789,1,1,1,0.667,0.333,0,South Pioneer Consulting,South Pioneer,"110 Aldrich Street, Gowanda, NY","110 Aldrich St, Gowada CITY, New York",us
S1-266503305,S2-45763478,name_prefix|name_token|name_token,name_token:24288|name_prefix:19587|name_token:30566|address_number:13264|address_house:9789,1,1,0,0.5,0.0,0,South Pioneer Consulting,South-Consulting Center,"110 Aldrich Street, Gowanda, NY",,us
S1-266503305,S3-718978285,address_house|address_number|address_token|name_prefix,name_token:24288|name_prefix:19587|name_token:30566|address_number:13264|address_house:9789,1,0,0,0.0,0.2,0,South Pioneer Consulting,southpioneerconsulting.com,"110 Aldrich Street, Gowanda, NY","110 Aldrich Saint, Gowada CITY, New York",us
S1-914206621,S2-665131940,address_city|address_token|address_token|address_token|name_prefix|name_token|name_token,address_token:176303|address_city:6823|name_token:267771|address_token:12119|name_token:22756|name_token:20949|address_token:1000019|name_prefix:21699,1,1,1,0.6,0.571,0,Foot & Ankle Partners LLC,FOOT & PARTNERS LLC SERVICES,"9259 Raintree Drive, Unit UNIT 2068, Scottsdale, AZ","RAINTREE DR, SCOTTSDALE, AZ",us
S1-747133556,S2-897317482,address_house|address_number|address_postal|address_token|address_token|address_token|address_token|address_token|name_prefix|name_token,address_token:176303|name_prefix:21918|name_token:27180|name_token:267771|address_token:21573|address_number:6175|address_token:426525,1,0,0,0.333,0.667,1,Eye Partners,EYE CENTER,"16330 Cherokee Bend Lane, Unit LOT 83, Moundville, AL","16330 CHEROKEE BEND LN, MOUNDVILLE, AL",us
S1-747133556,S3-846864233,name_core_exact|name_exact|name_prefix|name_token|name_token,address_token:176303|name_prefix:21918|name_token:27180|name_token:267771|address_token:21573|address_number:6175|address_token:426525,1,1,1,1.0,0.0,0,Eye Partners,Eye Pártners,"16330 Cherokee Bend Lane, Unit LOT 83, Moundville, AL",,us
S1-984428346,S3-536486905,address_city|address_house|address_number|address_token|address_token|name_prefix|name_token,address_token:20289|name_token:23735|name_token:26566|name_prefix:14575|address_city:13457,1,0,0,0.333,0.571,0,Bay Trust,Bay Tst,"562 Lasalle Avenue, Buffalo, NY","562 Lasalle Ave, Buffalo, New York",us
S1-80004846,S2-113016504,name_prefix|name_token|name_token,name_prefix:8022|address_token:14150|name_token:41747,1,1,1,0.5,0.0,0,"Cooke Capital Markets, LLC",Cooke Capital LLC Sérvices,"867 Rua Way, Pike Road, AL",,us
S1-150794084,S3-971959261,address_city|address_token|address_token|address_token|address_token|name_prefix,address_token:38512|address_token:9267|address_city:25344|address_token:27825|address_token:40159,1,1,0,0.0,0.556,0,Austin Farms Inc.,austinfarms.com,"4810 Spring Mountain Road, Fort Smith, AR","810 Spring Mountain Road, Fort Smith, Arkansas",us
S1-104305706,S3-324215913,address_city|address_token|address_token|address_token|name_prefix|name_token|name_token,name_prefix:20950|name_token:102956|address_token:62864|name_token:267771|address_token:19538|name_token:22039,1,1,1,0.5,0.571,0,Womens Health Partners,Womens Hertah Partners,"723 Center Ridge Road, Bryan, OH","Ohio, Center Ridge Rd, Bryan",us
S1-581967370,S3-342585604,address_house|address_number|address_token|address_token,address_number:13095|address_house:7496|address_token:1000019|address_token:6534,0,0,0,0.0,0.333,0,"Susanne Campbell, M.D.",scmd.c0m,"34 Wedgewood Drive, Brookhaven, NY","##34 Wedgewood Dr, Croam CITY, New York",us
S1-123256846,S3-284542811,address_house|address_number|address_token|name_prefix|name_token|name_token|name_token,name_token:27592|name_prefix:17992|address_token:5123|name_token:14231|name_token:8496,1,1,0,0.667,0.222,0,"Perez, Lambert and Garcia Rocky","Perez, Lbset & Garcia Rocky","NY, Yonkers, 146 Dunwoodie Street","146 Duwnoodie Saint, Yonkers, New York",us
S1-654992893,S3-464657497,address_city|address_house|address_number|address_token|address_token|address_token|address_token|name_prefix,address_city:9140|address_token:97034|name_prefix:18926|address_token:5670,0,0,0,0.0,0.75,0,Quartz LLC,Quafrtz LLC,"4517 Royal Oak Boulevard, San Marcos, TX","4517 Royal Oak Blvd, San Marcos, Texas",us
S1-135859624,S3-298150363,address_token|name_prefix,name_prefix:41078,1,1,0,0.0,0.2,0,Marlene Cook Air Inc,marlenecookair.com,"7600 Beaujean Road, Chautauqua, NY","600 Beaujean Rd, Mayville Township, New York",us
S1-206770912,S2-16906625,address_city|address_token|address_token|address_token|name_prefix,name_prefix:17553|address_city:6270|address_token:9363|name_token:18225|address_token:126758,1,0,0,0.0,0.667,0,Brown Science Inc,brownscience.com,"5011 Fallbrook Circle, Huntsville, AL","501 FALLBROOK CIRCLE, HUNTSVILLE, AL",us
S1-898195522,S3-683686404,address_house|address_number|address_token|address_token|name_prefix|name_token|name_token,name_token:292790|name_prefix:65027|address_number:13559|address_house:7453|name_token:54128|name_token:68067,1,1,1,0.667,0.571,0,Pediatric Dental Center,Pediatric Dental,"NY, Westfield, 36 Academy Street","##36 Academy St, Westfield, New York",us
S1-898195522,S3-934130207,address_token|address_token|name_core_exact|name_exact|name_prefix|name_token|name_token|name_token,name_token:292790|name_prefix:65027|address_number:13559|address_house:7453|name_token:54128|name_token:68067,1,1,1,1.0,0.429,0,Pediatric Dental Center,Pediatric Déntal Center,"NY, Westfield, 36 Academy Street","Academy St, Westfield, New York",us
S1-898195522,S2-737736393,address_token|address_token|name_prefix|name_token|name_token,name_token:292790|name_prefix:65027|address_number:13559|address_house:7453|name_token:54128|name_token:68067,1,1,1,0.667,0.8,0,Pediatric Dental Center,Pediatric Dental,"NY, Westfield, 36 Academy Street","ACADEMY STREET, WESTFIELD, NY",us
S1-236878707,S3-872370354,address_city|address_house|address_number|address_token|address_token|name_prefix|name_token|name_token,address_house:7875|name_token:22549|address_number:12556|name_prefix:24139|name_token:6402|name_token:11940|address_city:40839|address_token:415912|address_number:24594,1,1,0,0.5,0.636,0,Clear Packaging Innovations,>> Clear Innovations Center,"102 12th Street, City Of Fond Du Lac, WI","102- Twelfth St, City Of Fond Du Lac, Wisconsin",us
S1-236878707,S3-713318852,address_city|address_house|address_number|address_token|address_token|name_prefix|name_token|name_token,address_house:7875|name_token:22549|address_number:12556|name_prefix:24139|name_token:6402|name_token:11940|address_city:40839|address_token:415912|address_number:24594,1,1,1,0.5,0.636,0,Clear Packaging Innovations,Clear Packaging Invtis,"102 12th Street, City Of Fond Du Lac, WI","102- Twelfth Street, City Of Fond Du Lac, Wisconsin",us
S1-381427520,S2-149332210,address_city|address_token|address_token|name_core_exact|name_prefix|name_token|name_token,address_city:78486|address_token:330861|name_prefix:22070|name_token:35448|name_token:8798,1,1,1,1.0,0.833,0,Blue Diner,Blue Díner Corp,"524 Rea Street, North Andover, MA","REA STREET, NORTH ANDOVER, MA",us
S1-16316212,S2-362928108,name_prefix|name_token,address_token:5023|name_prefix:14575|name_token:26566|address_token:6343,1,0,0,0.333,0.0,0,Bay Guardian LLC,Bay LLC  Center,"595 Salisbury Road, Hendersonville, NC",,us
S1-713423630,S2-913301767,address_token|address_token,address_token:151460|name_prefix:14522,0,0,0,0.0,0.8,0,Optniex Inc.,Orbitavo,"Washington, 3130 Rittenhouse Street, DC","RITTENHOUSE ST, WASHINGTON, DC",us
S1-298616444,S3-532141003,address_number|address_token|address_token|name_prefix|name_token,name_token:13991|name_prefix:33629|address_number:7533|name_token:27514|address_token:426525,1,1,1,0.333,0.222,0,Great Program,Great  Proogcam,"57 Skybrook Lane, Lewistown, MT","57D Skybrook Ln, Lewstown CITY, Montana",us
S1-298616444,S3-927577997,address_number|address_token|address_token|name_prefix|name_token,name_token:13991|name_prefix:33629|address_number:7533|name_token:27514|address_token:426525,1,1,0,0.333,0.222,0,Great Program,Great Porgrnma,"57 Skybrook Lane, Lewistown, MT","57D Skybrook Ln, Lewstown CITY, Montana",us
S1-668447063,S3-947722125,address_house|address_number|address_token|address_token|address_token|name_prefix|name_token|name_token,address_token:10161|name_token:9886|address_city:6844|name_prefix:8375|name_token:13792|address_token:1000019,1,1,1,0.667,0.375,0,Housing Charities,Housing Charities Trust,"1263 Oakland Drive, Atlanta, GA","1263-1267 Oakland Dr, Atl, Georgia",us
S1-668447063,S3-807543068,address_house|address_number|address_token|address_token|address_token|name_prefix|name_token,address_token:10161|name_token:9886|address_city:6844|name_prefix:8375|name_token:13792|address_token:1000019,1,1,1,0.333,0.375,0,Housing Charities,Housing Caarities,"1263 Oakland Drive, Atlanta, GA","1263-1267 Oakland Dr, Atl, Georgia",us
S1-668447063,S3-241487561,name_prefix|name_token|name_token,address_token:10161|name_token:9886|address_city:6844|name_prefix:8375|name_token:13792|address_token:1000019,1,1,1,0.667,0.0,0,Housing Charities,Housing Charities & Co,"1263 Oakland Drive, Atlanta, GA",,us
S1-55937961,S3-110034038,address_token|address_token|address_token,address_token:5141|address_token:5305|name_token:13930|name_token:132212|name_token:54128|address_city:7299|name_prefix:12312,0,0,0,0.0,0.571,0,Davis Dental Associates Inc,Onyxhalocira,"Tolleson, 10923 Lower Buckeye Road, AZ","Lower Buckeye Road, Tolleson, Arizona",us
S1-864125658,S3-439198928,address_city|address_token|address_token|address_token|name_prefix,name_token:25765|name_prefix:11365|address_token:62864|address_city:14663|address_token:25727,1,0,0,0.0,0.5,0,Safe River Corporation,saferiver.com,"1708 Timber Ridge Road, Austin, TX","1707 Timber Ridge Road, Austin, Texas",us
S1-864125658,S3-663703680,address_city|address_token|address_token|address_token|name_prefix|name_token,name_token:25765|name_prefix:11365|address_token:62864|address_city:14663|address_token:25727,1,1,0,0.333,0.5,0,Safe River Corporation,Safe Rhovr Corporation,"1708 Timber Ridge Road, Austin, TX","1707 Timber Ridge Rd, Austin, Texas",us
S1-371515864,S2-799052776,name_prefix|name_token|name_token|name_token,name_token:23931|name_token:39214|address_token:20221|address_token:6302|address_token:1000019|name_token:28150|name_prefix:16521,1,1,1,0.6,0.0,0,Charleston Vision Ace Physicians LLC,Charleston Vision Ace Phrsciianns LLC,"5322 1/2 Church Drive, Charleston, WV",,us
S1-973018554,S3-619618461,address_token|address_token|address_token|name_prefix|name_token,address_city:14663|name_token:15159|address_token:25727|address_token:126758,0,0,0,0.333,0.375,0,OT Laboratories,OT (Center),"10125 Milla Circle, Austin, TX","Austin Tonship, 0125 Milla Cir, Texas",us
S1-677512489,S2-3725315,address_city|address_token|address_token|name_prefix|name_token|name_token,address_token:5560|name_token:7980|name_token:75567|name_token:30931|name_prefix:29711|address_token:9656,1,1,1,0.667,0.8,0,Heritage Hill PC,HERITAGE HILL,"1203 Johnson Avenue, Sterling, IL","JOHNSON AVENUE, STERLING, IL",us
S1-752973029,S2-400042149,address_token|name_prefix|name_token,address_token:61644|name_prefix:19086|name_token:15697|address_city:8350|address_token:13502|name_token:29884,1,1,1,0.333,0.3,0,Atlantic Federation,Atlantic  Federati0n,"1806 Main Road, Port Hueneme, CA","MAIN ROAD, NAVAL BASE POINT MUGU, CA",us
S1-301018684,S2-848268582,address_token|name_prefix|name_token|name_token,address_token:41428|name_prefix:10187|name_token:11862|name_token:7915|name_token:49845,1,1,1,0.333,0.5,0,Big Nails PLLC,Big Nails P.L.L.C.,"7520 River Run, Acton, TX","RIVER RUN, GRANBUURY, TX",us
S1-652094362,S2-922982662,address_city|address_token|address_token|address_token|address_token,address_city:7404|address_token:20592|name_token:15159|name_token:12216|address_token:16193|name_token:215715|address_token:1000019|name_token:27991|name_prefix:38423,0,0,0,0.0,0.667,0,Premier Learning Laboratories Group,Fayebrix,"7216 Shirl Drive, Lincoln, NE","7218 SHIRL DRIVE, LINCOLN, NE",us
S1-422423642,S3-305535577,name_prefix|name_token|name_token,name_token:16071|address_token:415912|name_token:16142|address_city:40839|address_token:19975|name_prefix:31643,1,1,1,0.5,0.0,0,Community Society,Community Society Corp (ID: 27051),"2933 Hermina Street, City Of Madison, WI",,us
S1-798186586,S2-418603827,address_house|address_number|address_token,address_number:18136|address_house:9784|name_token:28202|address_token:88980,0,0,0,0.0,0.571,0,Venus Collins Continental Travel Inc,Ev0vera,"13 Leyda Avenue, Fallowfield Township, PA","13 LEYDA AVENUE, CHARLEEROI, PA",us
S1-275124734,S3-783811296,name_prefix|name_token,name_prefix:20896|address_token:130693|name_token:26998|address_token:426525,1,0,0,0.333,0.0,0,Patriot Pantages LLC,Patri0t Pantages,"18151 Golf Lane, Culpeper County, VA",,us
S1-151643465,S3-434639614,address_house|address_number|address_token|address_token|name_prefix|name_token|name_token,name_token:39214|name_prefix:20950|address_token:8854|name_token:102956|name_token:22039,1,1,0,0.5,0.444,0,Womens Health Physicians Inc,Womens Physicians Inc Services,"2105 Indian Run Road, Marietta, OH","2105 Indian Run Road, Muskingum Twp, Ohio",us
S1-351934416,S3-556657083,address_city|address_token|address_token|address_token|address_token|name_prefix|name_token|name_token|name_token,name_token:21454|name_token:267771|address_token:32188|name_prefix:22876|name_token:23127|name_token:21674|address_token:59571|address_token:426525,1,1,1,0.667,0.571,0,Ear Nose & Throat Partners,Ear Nose & Throat Parters,"7610 Granite Terrace Lane, Houston, TX","Granite Terrace Lane, Houston, Texas",us
S1-264989002,S3-367367390,address_number|address_token|address_token|address_token|address_token|name_token,address_token:61644|name_token:27991|address_token:176303|address_token:33961|name_token:18244|name_token:10233|address_number:6340,0,0,0,0.2,1.0,0,"N 2 Premier Property Solutions, LLC",Premier,"76 1/2 Main Street, Unit Apartment 2, Geneseo, NY","Unit Apartment 2, Geneseo, NY, 76 1/2 Main Street",us
S1-16965482,S2-67620371,address_city|address_house|address_number|address_token|address_token|address_token|name_prefix,name_token:27197|address_city:11776|address_house:5833|address_token:24976|address_number:7542|address_token:7049|name_prefix:21521|name_token:28585,0,0,0,0.0,1.0,0,Tri-State Portfolio LLC,#tristateportfolio,"209 Euclid Avenue, Mount Prospect, IL","209 EUCLID AVE, MOUNT PROSPECT, IL",us
S1-250457429,S3-244317959,name_prefix|name_token|name_token|name_token,name_token:102956|name_prefix:65027|name_token:54128|name_token:68067|address_number:14544|address_house:8983|address_token:426525,1,1,1,0.75,0.0,0,Pediatric Dental Health,Pediatric-Dental Health Enterprises,"40 Anna Marie Lane, Hartsville, TN",,us
S1-734700692,S3-120958058,address_city|address_token|address_token|address_token|address_token|name_prefix|name_token|name_token,name_token:39214|address_token:11284|address_token:130693|address_token:5006|address_token:82080|name_token:161239|name_prefix:20356|address_number:9685|address_house:7269|name_token:21755,1,1,1,0.667,0.556,0,Urgent Care Physicians LLC,Urgent Care,"114 County Line Road, Laurel Hill, NC","County Line Road, Laurel Hill, North Carolina",us
S1-734700692,S2-159810466,address_city|address_house|address_number|address_token|address_token|address_token|address_token|name_prefix|name_token|name_token,name_token:39214|address_token:11284|address_token:130693|address_token:5006|address_token:82080|name_token:161239|name_prefix:20356|address_number:9685|address_house:7269|name_token:21755,1,1,1,0.5,1.0,0,Urgent Care Physicians LLC,Urgent Care  LLC Center,"114 County Line Road, Laurel Hill, NC","114 COUNTY LINE ROAD, LAUREL HILL, NC",us
S1-916771489,S3-463488591,name_token|name_token,address_number:5953|name_token:8783|address_city:7404|address_token:20592|name_token:11581|name_prefix:8991|address_token:16193,0,0,0,0.667,0.0,0,Twisted Seafood Inc,The Twisted Seafood Seafood Inc,"2320 89th Street, Lincoln, NE",,us
S1-467722032,S3-389926797,address_city|address_house|address_number|address_number|address_token|address_token|name_prefix|name_token,address_token:8583|address_number:20603,1,0,0,0.5,0.667,0,"Raven, Inc",Raven Inc Services,"274 18th Street, Lafayette, OR","Oregon, 274 18th St, Lafayette",us
S1-467722032,S3-508696487,address_city|address_house|address_number|address_number|address_token|address_token|name_prefix|name_token,address_token:8583|address_number:20603,1,0,0,0.5,0.667,0,"Raven, Inc","Raven,-Inc Service","274 18th Street, Lafayette, OR","274 18th St, Lafayette, Oregon",us
S1-467722032,S2-374423191,address_city|address_number|address_token|name_prefix|name_token,address_token:8583|address_number:20603,1,0,0,0.5,0.429,0,"Raven, Inc","Raven, lnc","274 18th Street, Lafayette, OR","275 18ST ST, LAFAYETTE, OR",us
S1-315228911,S3-929276393,name_prefix|name_token|name_token,name_prefix:21918|name_token:27180|name_token:215715,1,1,1,0.667,0.0,0,Eye Group,Eye  Group Industries,"2502 Pardon Avenue, Owensboro, KY",,us
S1-737348765,S3-335035834,address_token|address_token|name_prefix,address_token:5457|address_token:1000019,0,0,0,0.0,0.222,0,Sapphire LLC,Sapehire-LLC,"237 Community Drive, Riverside, OH","Dayton Townsship, 0237 Community Dr, Ohio",us
S1-737348765,S3-786657229,address_token|address_token|name_prefix|name_token,address_token:5457|address_token:1000019,1,1,1,0.5,0.222,0,Sapphire LLC,Sapphire.Com,"237 Community Drive, Riverside, OH","0237 Community Dr, Dayton Townsship, Ohio",us
S1-737348765,S3-99995573,address_token|address_token,address_token:5457|address_token:1000019,0,0,0,0.0,0.222,0,Sapphire LLC,Saaphei Saaphei LLC,"237 Community Drive, Riverside, OH","0237 Community Dr, Dayton Townsship, Ohio",us
S1-737348765,S3-134643312,address_token|address_token,address_token:5457|address_token:1000019,0,0,0,0.0,0.222,0,Sapphire LLC,Sadpre LLC,"237 Community Drive, Riverside, OH","0237 Community Dr, Dayton Townsship, Ohio",us
S1-737348765,S3-97953606,address_token|address_token|name_prefix|name_token,address_token:5457|address_token:1000019,1,1,1,0.333,0.222,0,Sapphire LLC,Sapphire L.L.C.,"237 Community Drive, Riverside, OH","0237 Community Dr, Dayton Townsship, Ohio",us
S1-13290583,S3-940438119,name_prefix|name_token|name_token|name_token,name_prefix:7032|name_token:7741|name_token:267771|name_token:8605,1,1,1,1.0,0.0,0,Moore's Pilates Partners,Moore'S Moore'S Pilates Partners,"4615 4th St Extension, Dennison, OH",,us
S1-578809637,S2-666607180,address_house|address_number|address_token|address_token|name_core_exact|name_prefix|name_token|name_token,address_number:9299|address_house:5215|name_token:32267|name_prefix:38157|address_token:10367|name_token:8798,1,1,1,1.0,1.0,0,Bright Diner,Bright Diner Inc.,"70 Wayne Street, Phelps, NY","PHELPS, 70 WAYNE ST, NY",us
S1-578809637,S3-134048811,address_city|address_house|address_number|address_token|address_token|name_token|name_token,address_number:9299|address_house:5215|name_token:32267|name_prefix:38157|address_token:10367|name_token:8798,0,0,0,0.333,1.0,0,Bright Diner,Veraecto d/b/a Bright Diner,"70 Wayne Street, Phelps, NY","70 Wayne Street, Phelps, NY",us
S1-537701816,S2-795039779,address_city|address_token|address_token|address_token|address_token|address_token|address_token|name_prefix|name_token|name_token,address_token:176303|address_token:9880|name_prefix:16645|address_token:9800|address_token:97034|address_token:82080|address_token:6073|name_token:26566|name_token:30869,1,1,1,0.5,0.727,0,First Bay Strategy Inc,First Bay Inc Services,"602 Martin Luther King Jr Boulevard, Unit 415, Chapel Hill, NC","MARTIN LUTHER KING JR BOULEVARD, CHAPEL HILL, NC",us
S1-524530553,S3-627650890,name_prefix|name_token|name_token,name_token:12754|name_prefix:41078,1,1,1,0.75,0.0,0,Martinez and Caldwell Arrived Inc,Martinez  & Caldwell,"623 Eiserman Avenue, Branson, MO",,us
S1-548942003,S2-158117061,name_prefix|name_token|name_token,name_token:27514|address_number:10669,1,1,1,0.5,0.0,0,Ahmed Great Jab Inc,Ahmed Great Inc Services,"1551 60th Street, Casper, WY",,us
S1-364049476,S3-242684122,address_city|address_house|address_number|address_token|address_token|name_prefix,address_number:6833|name_prefix:18486|address_house:5174|address_city:24174|name_token:28849|address_token:36903|name_token:6549,1,0,0,0.0,0.625,0,Hall American Robinhood LLC,hallamericanrobinhood.com,"131 Jim Page Road, Columbus, NC","131 Jim Page Road, Columbus, North Carolina",us
S1-314502412,S3-744291600,address_token,address_number:6116|address_token:304447|name_token:46528,0,0,0,0.0,0.286,0,Gavoex Harbor Pembina,harborpembina.com,"87 Hitchcock Road, Southington, CT","Hitchcock Rd, Souuthington, Connecticut",us
S1-379276686,S3-46487843,address_city|address_token|address_token,name_prefix:10554|name_token:11581|name_token:35311|address_token:7049|address_token:9199,0,0,0,0.0,0.429,0,Kelly Regional Seafood,Novievodelta,"2153 Prospect Road, Wilson, NY","Prospect Road, Wilson, New York",us
S1-78778627,S2-666170949,address_token|address_token|address_token|name_prefix|name_token|name_token,address_token:8654|address_token:7535|name_token:26006|address_token:1000019|name_token:6377,1,1,1,0.5,0.571,0,Helwig Precision Materials LLC,HELWIG  PRECISION LLC CENTER,"2407 Harbor Pass Drive, Pearland, TX","HARBOR PASS DRIVE, PEARALND, TX",us
S1-317197270,S3-925985352,address_city|address_token|address_token|address_token|name_prefix|name_token,address_city:5648|address_token:7817|address_token:97034|name_prefix:31643|address_number:6287,1,1,0,0.5,0.429,0,"Compass, Inc","*** Compass, Inc Sérvice","73 Frank Boulevard, Akron, OH","Frank Blvd, Akron CITY, Ohio",us
S1-317197270,S2-495858415,address_house|address_number|address_token|address_token|address_token|name_prefix|name_token,address_city:5648|address_token:7817|address_token:97034|name_prefix:31643|address_number:6287,1,1,0,0.5,0.714,0,"Compass, Inc","Compass, Inc Service","73 Frank Boulevard, Akron, OH","73 FRANK BLVD, PMB 5885, AKRON, OH",us
S1-317197270,S3-176817163,address_city|address_token|address_token|address_token,address_city:5648|address_token:7817|address_token:97034|name_prefix:31643|address_number:6287,0,0,0,0.0,0.375,0,"Compass, Inc","Inc Coimpss,","73 Frank Boulevard, Akron, OH","0073 Frank Blvd, Akron CITY, Ohio",us
S1-317197270,S2-620891169,address_city|address_house|address_number|address_token|address_token|address_token|name_prefix|name_token,address_city:5648|address_token:7817|address_token:97034|name_prefix:31643|address_number:6287,1,1,0,0.5,1.0,0,"Compass, Inc","Compass, Inc Services","73 Frank Boulevard, Akron, OH","73 Frank Boulevard, AKRON, OH",us
S1-378968983,S2-144721697,address_token|address_token,none,0,0,0,0.0,0.8,0,"Piper and Nicklas Spartacus, LLC",PNS,"605 Lark Avenue, KS, Sublette","KS, LARK AVE, SUBLETTE",us
S1-383892523,S3-723259794,address_house|address_number|address_token|address_token|address_token|address_token|name_prefix|name_token|name_token,address_city:12489|address_token:22436|name_prefix:25074|name_token:11384|address_token:10910|address_token:97034|name_token:30892,1,1,1,0.667,0.444,0,Fresh Cafe,Fresh Cafe Services,"5867 Auburn Boulevard, Sacramento, CA","5867 Auburn Boulevard, N/A, Sacramento CITY, California",us
S1-383892523,S3-834774507,address_house|address_number|address_token|address_token|address_token|address_token|name_prefix|name_token,address_city:12489|address_token:22436|name_prefix:25074|name_token:11384|address_token:10910|address_token:97034|name_token:30892,1,1,0,0.333,0.444,0,Fresh Cafe,Fresh Ce,"5867 Auburn Boulevard, Sacramento, CA","5867 Auburn Blvd, N/A, Sacramento CITY, California",us
S1-383892523,S3-883619147,address_city|address_house|address_number|address_token|address_token|address_token|address_token,address_city:12489|address_token:22436|name_prefix:25074|name_token:11384|address_token:10910|address_token:97034|name_token:30892,0,0,0,0.0,1.0,0,Fresh Cafe,Miraectokelo,"5867 Auburn Boulevard, Sacramento, CA","5867 Auburn Boulevard, Sacramento, CA",us
S1-383892523,S2-757720488,address_token|address_token|name_prefix|name_token,address_city:12489|address_token:22436|name_prefix:25074|name_token:11384|address_token:10910|address_token:97034|name_token:30892,1,1,0,0.333,0.5,0,Fresh Cafe,Fresh  Cgfhgae,"5867 Auburn Boulevard, Sacramento, CA","AUBURN BOULEVARD, CARMICHAEL, CA",us
S1-266994447,S2-491456417,address_city|address_token|address_token|name_prefix|name_token|name_token,address_city:16570|name_prefix:65027|address_token:22073|name_token:20993|name_token:161239|name_token:68067,1,1,1,0.5,0.8,0,Pediatric Dentistry Care LLC,Pediatric Dentistry Cre LLC,"5631 Kirby Avenue, Cincinnati, OH","KIRBY AVE, CINCINNATI, OH",us
S1-233116239,S2-505891377,address_house|address_number|address_token|address_token|name_prefix,address_city:20683|address_token:93152|name_token:24914|address_token:176303|address_token:10696|name_prefix:27872|address_number:8086|address_house:5861,1,1,1,0.0,0.714,0,Vanguard Stellar,#vanguardstellar,"124 Park Avenue, Unit Unit A, Hempstead, NY","NY, HEMPSTEAD, 124 PARK AVE",us
S1-233116239,S3-16681492,address_city|address_house|address_number|address_token|address_token|name_prefix,address_city:20683|address_token:93152|name_token:24914|address_token:176303|address_token:10696|name_prefix:27872|address_number:8086|address_house:5861,1,1,1,0.0,0.5,0,Vanguard Stellar,vanguardstellar.com,"124 Park Avenue, Unit Unit A, Hempstead, NY","124 Park Ave, # Unit A, Roossevelt, New York",us
S1-38966698,S2-286788707,address_house|address_number|address_token|address_token|address_token|name_prefix,name_token:292790|address_token:112389|name_prefix:30258|name_token:26551|address_token:1000019,1,1,1,0.0,0.714,0,Chiropractic Center Inc,chiropracticcenter.com,"882 Saint Andrews Drive, Valparaiso, IN","882 SAINT ANDREWS DR, VALPRAISO, IN",us
S1-633346467,S3-284782886,name_prefix|name_token,address_token:82080|address_token:1000019|address_token:12174,1,1,1,0.25,0.0,0,Lockhart & Townley,Lockhart Teonely +,"508 Hollister Drive, Liberty Hill, TX",,us
S1-701657645,S3-778166319,name_prefix,address_token:31236|name_prefix:5059|address_number:21616|address_city:23174,1,1,0,0.0,0.111,0,Watters Diversified LLC,wattersdiversified.com,"17402 14th Avenue, Phoenix, AZ","Fourteenth Ave, Phoeix CITY, Arizona",us
S1-472054042,S3-82575848,address_token|address_token|address_token|address_token|name_token|name_token|name_token|name_token_sort,address_token:6784|address_token:126758|address_token:82080|name_token:9420|address_token:304447|name_token:154670|address_number:6482|name_prefix:7406,0,0,0,1.0,0.5,0,Board of Labor,Labor of Board,"132 Sunrise Hill Circle, Orange, CT","Sunrise Hill Cir, <NULL>, Orange, Connecticut",us
S1-697365689,S3-931057556,address_city|address_token|address_token|address_token|address_token|name_prefix|name_token|name_token,name_token:26583|address_token:14852|address_city:11260|address_token:119632|address_token:1000019|name_token:30931|name_prefix:29711,1,1,1,0.5,0.5,0,Heritage Integrated Equipment Inc,Heritage Integrated Equmipmetn Inc,"2612 Princess Place Drive, Wilmington, NC","Princess Place Dr, Wilmington, North Carolina",us
S1-12310873,S2-483308925,address_house|address_number|address_token|address_token|name_token|name_token|name_token,address_house:7491|address_number:11095|address_city:5015|address_token:84633|name_token:26585|address_token:16544|name_token:75567,0,0,0,0.778,0.833,0,"Felecia Griego, L.C.S.W., DDS PC LLC","Grtiego,, Felecia L.C.S.W., DDS PC LLC","201 High Street, California, MO","201 High Street, NULL, CALIFORNIA, MO",us
S1-973157143,S3-118727629,address_token|name_prefix|name_token|name_token,name_prefix:21918|name_token:24914|name_token:27180|name_token:42955|address_token:7006,1,1,1,0.4,0.25,0,Eye Vanguard Specialists Inc,Eye Vanguard Spcilalists lnc,"3211 Weinbach Avenue, Evansville, IN","Weinbach Avenue, Evvansville Township, Indiana",us
S1-76103425,S2-153647373,address_token|address_token|name_token,name_prefix:33629|name_token:27514|name_token:16356,0,0,0,0.333,0.571,0,Great Labs LLC,PARTNERS GREAT LLC,"TN, 501 Seaton Way, Kodak","499 SEATON WAY, KODAK  TOWNSHIP, TN",us
S1-556974475,S3-426792402,address_token|address_token|address_token|address_token,name_prefix:16087|name_token:21287|address_token:5800|address_token:18010|address_house:5537|address_number:7598|name_token:28849|address_token:426525,0,0,0,0.0,0.571,0,American Institute,Calodovazeph,"206 Frankie Lane, AR, White Hall","Frankie Lane, White Hall, Arkansas",us
S1-331600340,S2-964793033,name_prefix|name_token|name_token|name_token,address_token:48079|name_token:27731|address_city:18707|name_token:66812|name_token:154670|address_token:30340|name_token:21455|name_prefix:29511,1,1,1,0.6,0.0,0,United School of Medicine,UNITED  SCH0OL OF MEDICINE,"1531 Addie Parkway, Town Of Algoma, WI",,us
S1-372182084,S2-357596093,address_token|address_token|name_token|name_token,name_token:21419|address_token:176303|name_token:18833|name_token:26266|address_token:5081|name_prefix:12820|address_token:426525,0,0,0,0.667,0.3,0,Advanced Trading Ventures L.L.C.,L.L.C. Advanced Trading Venture,"1801 Pinehurst Lane, Unit 10203, Mesquite, TX","001801 PINEHURST LN, MESUQITE CDP, TX",us
S1-372182084,S2-620593959,address_token|address_token|name_prefix|name_token|name_token,name_token:21419|address_token:176303|name_token:18833|name_token:26266|address_token:5081|name_prefix:12820|address_token:426525,1,1,1,0.667,0.3,0,Advanced Trading Ventures L.L.C.,ADVANCED TRADING-VEGNTRUES L.L.C.,"1801 Pinehurst Lane, Unit 10203, Mesquite, TX","001801 PINEHURST LN, MESUQITE CDP, TX",us
S1-411185653,S2-942611175,address_token|name_prefix|name_token,address_token:61644|address_token:176303|name_prefix:12312,1,1,0,0.25,0.333,0,Davanzo & Rivera Specialty Inc,#DAVANZO,"701 Main Street, Unit LOT 1, Wellington, OH","OH, WELLINGTTON, MAIN STREET",us
S1-418017181,S3-514241083,address_house|address_number|address_token|address_token|name_prefix|name_token|name_token,name_token:66812|name_prefix:57846|name_token:21456|name_token:215715,1,1,1,0.667,0.571,0,Internal Medicine Group,Internal Medicine,"NC, Whittier, 604 Firefly Road","604 Firefly Rd, Whittier, North Carolina",us
S1-418017181,S2-858734034,address_house|address_number|address_token|address_token|name_prefix,name_token:66812|name_prefix:57846|name_token:21456|name_token:215715,1,1,1,0.0,1.0,0,Internal Medicine Group,ínternalmedicine.com,"NC, Whittier, 604 Firefly Road","#604 FIREFLY RD, WHITTIER, NC",us
S1-577344188,S2-590987079,name_prefix|name_token|name_token,name_token:93447|name_prefix:13928|address_city:42837|name_token:25092|address_token:59571,1,1,1,0.5,0.0,0,Gulf Municipal LP,GULF MUNIGCIPL LP,"6112 Marxin Street, Houston, TX",,us
S1-631603661,S2-98034233,address_city|address_token|address_token|address_token,address_token:67312|address_token:8449|name_prefix:14575|name_token:26566,0,0,0,0.0,0.833,0,Bay Epr,8ay  Center,"192 Valley Ranch Road, Sherman, TX","VALLEY RANCH ROAD, SHERMAN, TX",us
S1-786411350,S3-417545086,address_house|address_number|address_token|name_prefix,address_token:18010|address_number:13136|address_house:8565|name_prefix:53144,1,0,0,0.0,0.375,0,Carie Marroquin Muzero LLC,cariemarroquinmuzero.com,"MN, 104 White Street, Watertown","##104 White St, Watertow Township, Minnesota",us
S1-516317816,S3-761628992,name_prefix|name_token|name_token,name_token:6770|name_token:26618|address_token:39875|address_number:5767|address_token:19919|name_token:30931|name_prefix:29711,1,1,1,0.5,0.0,0,Heritage Marine Enterprises LLC,Heritage Marine LLC Partners,"401 Little Springs Road, Roseburg, OR",,us
S1-465510953,S3-23051917,address_token|address_token|name_prefix|name_token|name_token,address_token:61644|name_token:24453|name_token:8273|name_token:215715|name_prefix:12038,1,1,0,0.5,0.333,0,Choice Marketing Group,Choice Center Group,"9199 Main Street, Brookfield, NY","009199 Main St, North Brookfield, New York",us
S1-801850186,S3-139609635,address_token|address_token|address_token|name_core_exact|name_prefix|name_token|name_token|name_token,name_token:9886|name_token:6918|name_prefix:16191|name_token:154670|address_token:126758,1,1,1,1.0,0.429,0,Bureau of Housing,Bureau of Housing [Corporation],"873 Kimberly Circle, Oberlin, OH","Oberlin, 87 Kimberly Circle, Ohio",us
S1-801850186,S3-846800421,address_token|address_token|address_token|name_prefix|name_token|name_token,name_token:9886|name_token:6918|name_prefix:16191|name_token:154670|address_token:126758,1,1,1,0.667,0.5,0,Bureau of Housing,Bureau Of,"873 Kimberly Circle, Oberlin, OH","Oberlin, Ohio, Kimberly Circle",us
S1-614917117,S3-423037068,address_city|address_number|address_token|address_token|name_prefix|name_token|name_token,name_token:26288|address_number:5403|name_token:32267|address_city:7583|name_prefix:38157|address_token:24810|address_number:10025,1,1,1,0.5,0.444,0,Bright Bright Horizon L.L.C.,Bright Bright Horizon Llc,"222 51st Street, Oak Island, NC","584 51st St, Oak Island, North Carolina",us
S1-614917117,S2-284594701,address_city|address_number|address_token|address_token|name_prefix|name_token,name_token:26288|address_number:5403|name_token:32267|address_city:7583|name_prefix:38157|address_token:24810|address_number:10025,1,1,1,0.25,0.833,0,Bright Bright Horizon L.L.C.,BRIGHT  BRIGHT,"222 51st Street, Oak Island, NC","51ST ST, OAK ISLAND, NC",us
S1-614917117,S3-703517433,address_city|address_number|address_token|address_token|name_prefix|name_token|name_token,name_token:26288|address_number:5403|name_token:32267|address_city:7583|name_prefix:38157|address_token:24810|address_number:10025,1,1,1,0.5,0.444,0,Bright Bright Horizon L.L.C.,Bright Bright Horizon,"222 51st Street, Oak Island, NC","584 51st St, Oak Island, North Carolina",us
S1-614917117,S2-351958328,address_number|address_token|address_token|name_prefix|name_token|name_token,name_token:26288|address_number:5403|name_token:32267|address_city:7583|name_prefix:38157|address_token:24810|address_number:10025,1,1,1,0.5,0.714,0,Bright Bright Horizon L.L.C.,Bright Bright Horizon,"222 51st Street, Oak Island, NC","OAK ISLAND, NC, 584 51ST STREET",us
S1-614917117,S2-758523077,address_city|address_number|address_token|name_prefix|name_token,name_token:26288|address_number:5403|name_token:32267|address_city:7583|name_prefix:38157|address_token:24810|address_number:10025,1,1,1,0.25,0.571,0,Bright Bright Horizon L.L.C.,Bright Bright,"222 51st Street, Oak Island, NC","51RD ST, OAK ISLAND, NC",us
S1-726858329,S2-346057526,address_number|address_token,address_token:10696|address_house:5239|address_city:6553|address_token:6052|address_number:9165|address_token:330861|name_token:30869|name_token:9953,0,0,0,0.0,0.333,0,"Keely Gonzales First Hospitality, Inc",gonzaleskeelyfirst.com,"North Hempstead, 49 Amherst Road, NY","PT. WASHINGTON, NY, 49C AMHERST RD",us
S1-428625804,S3-539452499,address_house|address_number|address_token|address_token|address_token|address_token|address_token|name_prefix,name_prefix:11746|address_token:97034|name_token:10102|address_city:15303|address_token:25477|name_token:7970,0,0,0,0.0,0.714,0,Red Yoga,redyoga.com,"2105 Arnold Palmer Blvd, Louisville, KY","2105 Arnold Palmer Blvd, Kentucky, Louisville",us
S1-594466819,S2-15260103,name_prefix|name_token|name_token,address_token:32679|address_token:12922|name_token:30892|name_prefix:6036,1,1,1,0.6,0.0,0,Mathilda's Fresh Petroleum,Mathilda's Center Fresh,"4293 Alex Trail, Dayton, OH",,us
S1-275207191,S2-243944217,name_prefix|name_token|name_token|name_token|name_token,name_token:6392|name_token:5687|name_prefix:6135|name_token:6581|name_token:15697|address_token:9934,1,1,1,0.8,0.0,0,Human Rights Federation VI,Human Rights Federation VI LP,"1321 Glendale Street, Bluefield, WV",,us
S1-195129599,S3-457949931,name_prefix|name_token|name_token,address_city:5425|address_token:7460|name_token:16268|name_prefix:27872|name_token:6084,1,1,1,0.5,0.0,0,Vancouver Wildlife Council,Vancouver Widllcfe Council,"1916 97th Avenue, Vancouver, WA",,us
S1-838410379,S3-300387948,address_city|address_house|address_number|address_token|address_token|name_prefix,name_prefix:34706|address_number:8697|address_house:6194|address_city:16631|address_token:23527,1,1,0,0.0,0.571,0,Correy's Sciences,#correyssciences,"130 Hicks Street, Brooklyn, NY","130 Hicks St, Brooklyn, New York",us
S1-682680073,S2-772476407,name_prefix|name_token|name_token|name_token|name_token,name_token:21248|name_token:78307|name_token:8612|name_token:8383|name_prefix:8384,1,0,0,1.0,0.286,0,Cozy Auto Body! Clinic,COZY INC. BÓDY! CLINIC AUTO,"1324 9, Wappinger, NY","324 9, WAPPINGERS FALLS, NY",us
S1-6848468,S2-138884486,name_prefix|name_token|name_token,name_token:15469|address_city:23824|address_token:20289|address_token:61644|name_token:77588|name_token:32267|name_prefix:38157|address_token:13075,1,1,1,0.5,0.0,0,Bright Cleaning Service,BRIGHT CTESNDIGN SERVICE,"3435 Main Street, Fl Floor 1, Buffalo, NY",,us
S1-742631861,S2-177693212,address_house|address_number|address_token|address_token|address_token|name_prefix|name_token,address_number:8499|address_token:176303|name_token:66812|name_prefix:21952|address_token:8207|address_city:7299|address_token:1000019|name_token:28150,1,1,1,0.333,0.714,0,Vision Medicine,Vision Mediiidne,"900 Canal Drive, AZ, Unit 117, Chandler","CHANDLER, AZ, 900 CANAL DR",us
S1-742631861,S3-463767033,name_prefix|name_token|name_token,address_number:8499|address_token:176303|name_token:66812|name_prefix:21952|address_token:8207|address_city:7299|address_token:1000019|name_token:28150,1,1,1,0.667,0.0,0,Vision Medicine,Vision Medicine Ventures,"900 Canal Drive, AZ, Unit 117, Chandler",,us
S1-742631861,S3-623287412,address_city|address_house|address_number|address_number|address_token|address_token|address_token|address_token|name_token|name_token,address_number:8499|address_token:176303|name_token:66812|name_prefix:21952|address_token:8207|address_city:7299|address_token:1000019|name_token:28150,0,0,0,0.5,1.0,0,Vision Medicine,Vantagexylo née Vision Medicine,"900 Canal Drive, AZ, Unit 117, Chandler","900 Canal Drive, AZ, Chandler, Unit 117",us
S1-520802732,S2-693400265,address_city|address_number|address_token|name_prefix|name_token|name_token,name_token:5039|address_token:176303|name_prefix:15296|address_token:27363|address_city:17852,1,1,1,0.5,0.333,0,Barnett Foods LLC,BARNETT FOODS L.L.C.,"705 6th Street, Unit 406, Nashville, TN","705A Sixth St, NASHVILLE, TN",us
S1-135473287,S2-545711344,name_prefix|name_token,address_city:46373|address_token:304447|address_token:10546,1,0,0,0.5,0.0,0,Moex,moex.com,"167 Wooster Street, New Haven, CT",,us
S1-45382087,S2-694705763,name_prefix|name_token,address_token:6035|address_token:119632,1,1,0,0.714,0.0,0,"Ruthi Owen, L.C.S.W.","Ruthi Onwn, L.C.S.W.","11801 227th Place, Kent, WA",,us
S1-690793567,S3-997632186,address_city|address_house|address_number|address_token|address_token|address_token,address_city:23824|name_token:13991|address_house:7805|address_number:13671|name_token:26020|address_token:7491|address_token:304447|name_prefix:15485,0,0,0,0.0,0.75,0,Prairie Program Inc,pprogram.com,"200 Lionspaw Court, Fl 0, Decatur, TX","200 Lionspaw Ct, Fl 0, Decatur, Texas",us
S1-690793567,S2-799029547,address_house|address_number|address_token|address_token|address_token|name_prefix,address_city:23824|name_token:13991|address_house:7805|address_number:13671|name_token:26020|address_token:7491|address_token:304447|name_prefix:15485,1,1,0,0.0,0.625,0,Prairie Program Inc,prairieprogram.com,"200 Lionspaw Court, Fl 0, Decatur, TX","200 LIONSPAW CT, DECATUR CITY, TX",us
S1-84925641,S2-85327526,address_token|address_token|address_token|address_token|name_prefix|name_token|name_token|name_token,name_prefix:7792|address_token:39875|address_token:49460|name_token:9767|address_token:10017,1,1,1,0.667,0.75,0,"Richardson, Cody and Richardson Engineering, L.L.C.","RICHARDSON, CODY & RICHARDSON ENGINEERING, LLC","East Hampton, 421 Springs Fireplace Road, NY","21 SPRINGS FIREPLACE ROAD, EAST HAMPTON, NY",us
S1-573819383,S2-339302093,address_city|address_house|address_number|address_token|address_token|name_prefix|name_token|name_token|name_token,name_token:66812|name_prefix:57846|name_token:42955|name_token:21456|address_house:6514|address_number:11323|address_token:6534,1,1,1,0.75,1.0,0,Internal Medicine Specialists Inc,Internal Medicine Specialists #75361,"39 Adelaide Avenue, Brookhaven, NY","39. ADELAIDE AVE, BROOKHAVEN, NY",us
S1-573819383,S3-304395111,address_token|address_token|name_prefix|name_token|name_token,name_token:66812|name_prefix:57846|name_token:42955|name_token:21456|address_house:6514|address_number:11323|address_token:6534,1,1,1,0.5,0.429,0,Internal Medicine Specialists Inc,Internal Medicine Seciatlsiits Inc,"39 Adelaide Avenue, Brookhaven, NY","Brookhaven, New York, Adelaide Ave",us
S1-573819383,S3-786746201,address_city|address_house|address_number|address_token|address_token|name_prefix|name_token|name_token,name_token:66812|name_prefix:57846|name_token:42955|name_token:21456|address_house:6514|address_number:11323|address_token:6534,1,1,1,0.5,0.571,0,Internal Medicine Specialists Inc,Internal Medicine Spefgicalistrs Inc,"39 Adelaide Avenue, Brookhaven, NY","39 Adelaide Avenue, Brookhaven, New York",us
S1-573819383,S3-521609744,address_house|address_number|address_token|name_core_exact|name_prefix|name_token|name_token|name_token,name_token:66812|name_prefix:57846|name_token:42955|name_token:21456|address_house:6514|address_number:11323|address_token:6534,1,1,1,1.0,0.333,0,Internal Medicine Specialists Inc,Internal Medicine Specialists,"39 Adelaide Avenue, Brookhaven, NY","39 Adelaide Avenue, East Moriches, New York",us
S1-109003461,S2-991045134,address_city|address_house|address_number|address_token|address_token|address_token,address_house:7851|address_city:10088|address_token:14852|address_token:426525|address_number:12094,0,0,0,0.0,1.0,0,Liva LLC,LVA LLC,"103 Maplewood Lane, Wilmington, DE","103 MAPLEWOOD LN, WILMINGTON, DE",us
S1-974695290,S3-340576372,address_house|address_number|address_number|name_prefix|name_token,name_prefix:20490|address_token:7452|address_number:8604|name_token:35311|address_house:6091|address_number:9836,1,1,1,0.333,0.286,0,Regional Altisource Corp,Corp Regional Altaitsorce,"55 150, Summit, UT","55 150, Summmit CITY, Utah",us
S1-974695290,S2-866943310,address_number|address_number|address_token|name_prefix,name_prefix:20490|address_token:7452|address_number:8604|name_token:35311|address_house:6091|address_number:9836,1,1,1,0.0,0.571,0,Regional Altisource Corp,regionalaltisource.com,"55 150, Summit, UT","PO BOX 2111, SUMMIT, UT, 55 150",us
S1-974695290,S3-532196593,address_number|name_prefix|name_token,name_prefix:20490|address_token:7452|address_number:8604|name_token:35311|address_house:6091|address_number:9836,1,1,1,0.333,0.143,0,Regional Altisource Corp,Regional Corp Services,"55 150, Summit, UT","150, Summmit CITY, Utah",us
S1-974695290,S2-1372799,address_house|address_number|address_number|address_token|name_prefix,name_prefix:20490|address_token:7452|address_number:8604|name_token:35311|address_house:6091|address_number:9836,1,1,0,0.0,0.571,0,Regional Altisource Corp,Regiona1 Corp Center,"55 150, Summit, UT","55 150, PO BOX 2111, SUMMIT, UT",us
S1-695318202,S3-738619177,address_number|address_token|address_token|address_token|name_prefix|name_token,address_token:67312|address_token:12502|name_prefix:19587|address_token:5247|name_token:10479|address_token:1000019,1,1,1,0.333,0.333,0,Southern Spruce Ltd,Southern  Ltd Service,"4581 Valley Brook Drive, Clayton, OH","4581b Valley Brook Drive, Englewwood, Ohio",us
S1-832098172,S2-469847368,address_house|address_token|address_token,address_token:176303|address_house:10688|address_number:21616,0,0,0,0.0,0.667,0,Roum LLC,Rfhimu LLC,"8 Larkspur, Unit 14, Youngsville, NC","NC, YOUNGSVILLE, 8 LARKSPUR",us
S1-832098172,S3-508552397,address_house|address_number|address_token|address_token,address_token:176303|address_house:10688|address_number:21616,0,0,0,0.0,0.444,0,Roum LLC,R0um L.L.C.,"8 Larkspur, Unit 14, Youngsville, NC","8 Lakspur, Unit 14, Youngsville, North Carolina",us
S1-63627534,S3-366849517,address_token|address_token|name_prefix|name_token|name_token,name_token:21898|name_token:25060|name_prefix:10848|address_city:16134,1,1,1,0.667,0.429,0,Secure Unified Pmv,Secure Unified,"Baytown, 511 Ward Road, TX","51 Ward Road, Baytown, Texas",us
S1-272069727,S3-806782407,address_house|address_number|address_number|address_token|address_token|address_token|name_prefix|name_token|name_token,address_token:48079|address_token:71663|name_token:22756|name_token:20949|name_token:215715|name_prefix:21699,1,1,1,0.75,0.5,0,Foot & Ankle Group,Foot &-Ankle,"1082 449, Town Creek, AL","Alabama, Town Creek, 1082 449, N/A",us
S1-733374744,S2-623502324,address_token|name_prefix|name_token|name_token,name_token:32267|name_token:145118|address_city:11776|name_prefix:38157|address_token:24976|name_token:12216,1,1,1,0.667,0.333,0,Bright Learning Holdings,BRIGHT LEARNING INC,"903 Breazeale Avenue, Mount Olive, NC","909  BREAZEALE AVE, MT OLVE, NC",us
S1-564136822,S2-860105807,name_prefix,address_city:16631|address_token:23527|address_number:9165,1,1,1,0.75,0.0,0,O E & O Truist,O E & O,"978 49 Street, Brooklyn, NY",,us
S1-564136822,S2-313976860,address_number|address_token,address_city:16631|address_token:23527|address_number:9165,0,0,0,0.6,0.8,0,O E & O Truist,& E O O Tbmut,"978 49 Street, Brooklyn, NY","BROOKLYN, NY, 49 ST",us
S1-684390453,S3-673200773,name_prefix|name_token,name_prefix:16480|address_token:25494|address_token:176303|address_token:41428|address_token:33961,1,1,1,0.333,0.0,0,Beaudin Pbc,Beaudin Center,"1015 Saw Mill River Road, Unit Apartment 402, Ardsley, NY",,us
S1-668418522,S3-592033622,name_prefix|name_token|name_token|name_token,name_token:5166|name_token:93447|name_prefix:11623|name_token:19540|address_token:5966|name_token:24788,1,1,1,0.75,0.0,0,Smart Transit International LP,Smart Transit International,"6090 Rodden Road, Hanover, IL",,us
S1-122298438,S3-767397715,name_prefix|name_token,address_token:10280,1,1,1,0.333,0.0,0,Lourenco Metals Inc,Lourenco Maeo1st Inc,"717 Charles Street, Glenville, NY",,us
S1-494580888,S2-356464049,address_token|address_token|address_token|address_token|address_token|name_prefix|name_token|name_token,name_token:8014|name_prefix:8943|address_token:93152|name_token:11592|name_token:7722|address_token:1000019,1,1,1,0.667,0.857,0,Back Alley Pizza,Back Alley,"248 Keystone Industrial Park Drive, Camdenton, MO","CAMDENTON, MO, KEYSTONE INDUSTRIAL PARK DRIVE",us
S1-910140770,S2-756475434,address_city|address_token|address_token|address_token|address_token|name_token|name_token|name_token,address_token:25494|name_prefix:9121|address_token:33685|address_token:415912|name_token:6363|name_token:154670|address_token:10017|name_token:17665,0,0,0,0.6,0.667,0,Division of Environmental Protection,DlVISION OF ENVIRONMENTAL PRÓTECTION,"VA, 471 Wind Mill Point Road, Hampton City","71 WIND MILL POINT RD, HAMPTON, VA",us
S1-576399851,S2-415896984,address_house|address_number|address_token|address_token|address_token|name_prefix,address_number:8086|address_token:9656|name_prefix:11623|name_token:11768|address_token:30482|address_token:1000019|address_token:27825|address_token:415912|name_token:24788|name_token:20593|address_house:5861,1,0,0,0.0,0.556,0,Smart Network Brands LLC,smartnetworkbrands.com,"124 Mountain View Drive, Johnson City, TN","TN, JOHNSON CTY, 124 MOUNTAHN VIEW DR",us
S1-576399851,S3-356322325,address_house|address_number|address_token|address_token|address_token|address_token|address_token|name_prefix|name_token|name_token|name_token,address_number:8086|address_token:9656|name_prefix:11623|name_token:11768|address_token:30482|address_token:1000019|address_token:27825|address_token:415912|name_token:24788|name_token:20593|address_house:5861,1,1,1,0.6,0.75,0,Smart Network Brands LLC,Smart Network Brands L.L.C.,"124 Mountain View Drive, Johnson City, TN","Johnson City, 124 Mountain View Drive, Tennessee",us
S1-377020332,S2-740106542,address_city|address_number|address_token|address_token|name_prefix,address_city:7404|address_token:20592|name_token:17280|address_token:16193|address_number:6323|name_token:30892,0,0,0,0.0,0.429,0,EZE Fresh Worldwide LLC,#ezefresh,"5421 74th Street, Lincoln, NE","005421 74ST ST, LINCOLN, NE",us
S1-547144247,S3-458436987,address_token|address_token|address_token|name_prefix,name_prefix:7953|address_token:9934|address_city:25254|address_token:49460|name_token:30931|address_house:10923,1,0,0,0.0,0.571,0,Campos's Heritage Publishing LLC,@camp0ssheritage,"7 Glendale Street, East Wenatchee, WA","Washington, East Wenatchee, Glendale St",us
S1-40196284,S3-475043567,address_token|address_token|address_token|name_core_exact|name_prefix|name_token|name_token|name_token,name_prefix:20950|name_token:102956|name_token:66812|address_token:40482|name_token:22039|address_token:426525,1,1,1,1.0,0.333,0,Womens Health Medicine LLC,Womens Health Medicine,"15585 Harmony Falls Lane, Novelty, OH","Harmony Falls Ln, Russell Twp, Ohio",us
S1-148502626,S3-940147750,address_number|address_token|address_token|name_prefix|name_token|name_token|name_token,name_token:26583|name_token:5039|address_token:176303|name_token:25914|name_prefix:57846|address_number:5136|address_token:41428|address_number:26773,1,1,1,1.0,0.444,0,Integrated Piedmont Foods,-- Integrated Piedmont Foods Foods Inc.,"405 Tar River, Unit 11, Louisburg, NC","Tar River, # 11, Louisburg, North Carolina",us
S1-148502626,S2-85752384,address_token|address_token|name_prefix|name_token|name_token,name_token:26583|name_token:5039|address_token:176303|name_token:25914|name_prefix:57846|address_number:5136|address_token:41428|address_number:26773,1,1,1,0.667,0.571,0,Integrated Piedmont Foods,Integrated Piedmont,"405 Tar River, Unit 11, Louisburg, NC","TAR RIVER, LOUISBURG, NC",us
S1-846908422,S2-685376141,address_city|address_token|address_token|name_prefix|name_token,name_token:22762|name_token:11592|address_token:62864|address_city:17076|address_token:26525|name_prefix:10784,1,1,1,0.333,0.571,0,Crystal Pizza LLC,Crystal Pihsha LLC,"28253 Ridge Road, Cleveland, MN","28254 RIDGE RD, CLEVELAND CITY, MN",us
S1-846908422,S2-101949319,address_city|address_token|address_token|name_prefix|name_token,name_token:22762|name_token:11592|address_token:62864|address_city:17076|address_token:26525|name_prefix:10784,1,1,1,0.333,0.571,0,Crystal Pizza LLC,LLC Crystal Pizfza,"28253 Ridge Road, Cleveland, MN","28254 RIDGE ROAD, CLEVELAND CITY, MN",us
S1-672172522,S3-944658607,name_prefix|name_token|name_token,name_token:102956|name_token:78307|name_prefix:21591|name_token:21885|address_token:5290|address_number:11613|address_house:8757|address_token:426525,1,1,1,0.667,0.0,0,Behavioral Health Clinic,Behavioral (Health),"120 Crescent Lane, Schaumburg, IL",,us
S1-672172522,S2-429695753,address_city|address_house|address_number|address_token|address_token|address_token|name_prefix|name_token|name_token,name_token:102956|name_token:78307|name_prefix:21591|name_token:21885|address_token:5290|address_number:11613|address_house:8757|address_token:426525,1,1,1,0.5,1.0,0,Behavioral Health Clinic,Behavioral Clinic Center,"120 Crescent Lane, Schaumburg, IL","120  CRESCENT LN, SCHAUMBURG, IL",us
S1-794056711,S2-482151307,address_token|address_token|name_prefix|name_token|name_token|name_token|name_token|name_token|name_token,name_token:25689|name_token:21454|address_token:176303|address_token:6692|name_token:132212|name_token:161239|name_prefix:22876|address_token:5457|name_token:23127|name_token:21674|address_number:21094,1,1,1,1.0,0.5,0,Ear Nose & Throat Frontier Care Associates,EAR NOSE & THROAT FRONTIER FRONTIER CARE ASSOCIATES CORPORATION,"265 Riverside Street, Unit OG17B, Lowell, MA","65 RIVERSIDE STREET, LOWELL, MA",us
S1-794056711,S2-193010514,address_token|address_token|name_prefix|name_token|name_token|name_token|name_token|name_token|name_token,name_token:25689|name_token:21454|address_token:176303|address_token:6692|name_token:132212|name_token:161239|name_prefix:22876|address_token:5457|name_token:23127|name_token:21674|address_number:21094,1,1,1,0.875,0.5,0,Ear Nose & Throat Frontier Care Associates,Ear Nose & Throat Frontier Care Associates Council,"265 Riverside Street, Unit OG17B, Lowell, MA","65 RIVERSIDE ST, LOWELL, MA",us
S1-794056711,S2-276488295,address_token|address_token|name_prefix,name_token:25689|name_token:21454|address_token:176303|address_token:6692|name_token:132212|name_token:161239|name_prefix:22876|address_token:5457|name_token:23127|name_token:21674|address_number:21094,0,0,0,0.0,0.5,0,Ear Nose & Throat Frontier Care Associates,earnose.com,"265 Riverside Street, Unit OG17B, Lowell, MA","65 Riverside St, LOWELL, MA",us
S1-794056711,S2-328118700,address_token|address_token|name_prefix|name_token|name_token|name_token|name_token|name_token,name_token:25689|name_token:21454|address_token:176303|address_token:6692|name_token:132212|name_token:161239|name_prefix:22876|address_token:5457|name_token:23127|name_token:21674|address_number:21094,1,1,1,0.75,0.5,0,Ear Nose & Throat Frontier Care Associates,Ear Nose & Throat Ffontier Care Associates,"265 Riverside Street, Unit OG17B, Lowell, MA","65 RIVERSIDE STREET, LOWELL, MA",us
S1-38986128,S3-416402877,address_city|address_house|address_number|address_token|address_token|address_token|name_prefix,name_prefix:37235|address_token:5296|name_token:267771|name_token:161239|name_token:22891,1,1,0,0.0,0.667,0,Primary Care Partners,primarycarepartners.com,"2602 Sycamore Avenue, Muncie, IN","2602 Sycamore Ave, Muncie, Indiana",us
S1-38986128,S2-513420678,address_city|address_token|address_token|name_prefix|name_token|name_token,name_prefix:37235|address_token:5296|name_token:267771|name_token:161239|name_token:22891,1,1,1,0.5,0.8,0,Primary Care Partners,Primary Care Paggones,"2602 Sycamore Avenue, Muncie, IN","Sycamore Avenue, MUNCIE, IN",us
S1-417442492,S2-802762947,name_prefix|name_token|name_token|name_token,name_prefix:33765|address_city:42837|address_token:1000019|address_token:59571|name_token:14231,1,1,1,0.8,0.0,0,"Willis, Gurney & Garcia Innovation Inc","Willis, Gurney & Garcia","11023 Bellerive Drive, Houston, TX",,us
S1-700144168,S3-132814823,address_house|address_number|name_prefix|name_token|name_token,address_number:5097|name_token:28539|name_prefix:15335|name_token:20593,1,1,1,0.667,0.429,0,Liberty Network,Liberty Network  Board,"410 3rd Avenue, Bozeman, MT","410 3rd Ave, Bozeamn, Montana",us
S1-261620270,S2-958753208,address_token|name_core_exact|name_prefix|name_token|name_token,address_token:61644|name_token:21959|name_token:27991|name_prefix:38423,1,1,1,1.0,0.429,0,Premier Digital LLC,Premier Digital,"716 Main Avenue, Moorhead, MN","MAIN AVE, MOORHEA TOWNSHIP, MN",us
S1-718476062,S2-308812536,address_house|address_number|address_token|name_prefix|name_token,name_prefix:5718,1,1,0,0.5,0.667,0,Basalt LLC,basalt.com,"274 Elsmere Avenue, Bethlehem, NY","DELMAR, NY, 274 ELSMERE AVE",us
S1-718476062,S3-462428854,address_city|address_house|address_number|address_token|name_token,name_prefix:5718,0,0,0,0.5,0.375,0,Basalt LLC,>> The Basalt-Llc,"274 Elsmere Avenue, Bethlehem, NY","274 Elrmere Ave, Bethlehem, New York",us
S1-147928055,S3-385674687,address_house|address_number|address_token|address_token|address_token|name_prefix,name_token:292790|name_token:26240|address_token:82080|address_number:6287|name_prefix:27304,1,0,0,0.0,0.625,0,Delta Center Inc.,deltacenter.com,"73 Potter Hill Road, Westerly, RI","Westerly, Rhode Island, 73 Potter Hill Road",us
S1-438983991,S2-439492011,name_prefix|name_token,address_token:176303|name_token:10718|address_number:13136|address_city:24174|address_token:19597|address_token:36903|name_prefix:10803,1,1,1,0.6,0.0,0,"Jackson, Milli, D.C.","Jackson, Milti, (D.C.)","440 State Street, Unit 104, Columbus, OH",,us
S1-227846873,S2-657428414,address_city|address_token|name_prefix|name_token|name_token,name_token:292790|name_token:66812|name_prefix:57846|name_token:21456,1,1,1,0.667,0.6,0,Internal Medicine Center,Internal Médicine,"2905 Nederland Avenue, Nederland, TX","290 NEDERLAND AVENUE, NEDERLAND, TX",us
S1-227846873,S2-811343691,address_city|address_token|name_prefix|name_token|name_token,name_token:292790|name_token:66812|name_prefix:57846|name_token:21456,1,1,1,0.667,0.6,0,Internal Medicine Center,Internal Medicine,"2905 Nederland Avenue, Nederland, TX","290 NEDERLAND AVE, NEDERLAND, TX",us
S1-227846873,S2-526647053,address_city|address_token|name_prefix|name_token|name_token,name_token:292790|name_token:66812|name_prefix:57846|name_token:21456,1,1,1,0.5,0.6,0,Internal Medicine Center,Internal Medicine Cnecntoer,"2905 Nederland Avenue, Nederland, TX","290 NEDERLAND AVE, NEDERLAND, TX",us
S1-561055186,S3-168695136,address_token|address_token|name_token|name_token,name_token:28628|name_prefix:57846|name_token:25824|address_token:6343,0,0,0,0.667,0.556,0,Interstate Alliance,The Interstate Alliance,"Salisbury, NC, 380 L M Overcash Road","L M Overcash Rd, Salisbury, North Carolina",us
S1-299606100,S3-259013002,address_token|address_token|name_core_exact|name_prefix|name_token,name_token:28948|address_token:130693|address_city:11097|address_token:304447|address_token:16263|name_prefix:26535,1,1,0,1.0,0.25,0,Cascade Inc,Cascade,"6051 Rockton Court, Fairfax County, VA","Virginia, Centrevillle, Rockton Court",us
S1-867002530,S2-588531261,address_house|address_number|address_token,address_token:176303|address_house:5861|address_city:22359|address_token:7081|address_number:6583|address_number:8086,0,0,0,0.0,0.625,0,"Lester, Lovins and Roberson",robersonlovins.com,"124 3rd Avenue, Unit APT 310, Anchorage, AK","AK, ANCHORAGE, 124 3RD AVE",us
S1-180370593,S2-64783812,address_city|address_house|address_number|address_token|address_token|name_prefix|name_token|name_token,name_token:29288|name_prefix:18416|name_token:15804|address_number:5387,1,1,1,0.5,0.625,0,Mountain Foundation,Mountain Fóundation (ID: 88514),"92 Fitting Avenue, Bellville, OH","92 FITTING AVE, PO BOX 5206, BELLVILLE, OH",us
S1-180370593,S3-351959160,address_house|address_number|address_token|name_prefix|name_token,name_token:29288|name_prefix:18416|name_token:15804|address_number:5387,1,1,1,0.333,0.429,0,Mountain Foundation,Mountain Furndtaion,"92 Fitting Avenue, Bellville, OH","92 Fitting Ave, Belville, Ohio",us
S1-712636117,S2-154246807,address_city|address_number|address_token|address_token|name_core_exact|name_prefix|name_token,address_token:19538|address_city:16408|address_token:24182|name_prefix:25482,1,1,0,1.0,0.667,0,Granite LLC,@granite,"3684 Center Street, Portland, OR","3684D CENTER STREET, PORTLAND, OR",us
S1-712636117,S2-285390718,address_city|address_number|address_token|address_token|name_prefix,address_token:19538|address_city:16408|address_token:24182|name_prefix:25482,1,0,0,0.0,0.667,0,Granite LLC,Graneei  LLC,"3684 Center Street, Portland, OR","3684D CENTER STREET, PORTLAND, OR",us
S1-77541934,S2-199813554,name_prefix|name_token|name_token,name_prefix:34706|name_token:13797|name_token:12216|address_token:415912,1,1,1,0.5,0.0,0,"Corporate Learning Consultants, LLC",Corporate Learning LLC Service,"812 Cottonwood Way, Royse City, TX",,us
S1-842797488,S3-425747276,address_city|address_house|address_number|address_token|address_token|name_prefix|name_token|name_token,name_token:13425|name_token:27197|address_token:26717|address_city:19259|name_prefix:21521|name_token:28585,1,0,0,0.5,0.429,0,Tri-State Committee,Tri-5tate Committee,"1931 Muncie Avenue, Dallas, TX","1931 Muncei Avenue, Dallas, Texas",us
S1-66320480,S2-85582097,name_prefix|name_token|name_token,name_token:15019|name_prefix:11501|name_token:215715|name_token:22782,1,1,1,0.667,0.0,0,Modern Realty Group,MODERN REALTY LLC,"5435 Chase Street, Merrillville, IN",,us
S1-345433568,S2-880795299,address_city|address_token|address_token|address_token|name_prefix,name_token:9835|name_token:30971|address_token:130693|name_prefix:25071|address_city:11097|address_token:16263|address_token:177712,1,0,0,0.0,0.833,0,"North Insurance, Inc",northinsurance.com,"1877 Virginia Avenue, Fairfax County, VA","VIRGINIA AVE, FAIRFAX COUNTY, VA",us
S1-92046756,S3-735676029,address_city|address_number|address_token|address_token|address_token|name_prefix,address_city:13073|name_token:39214|address_token:176303|address_number:23038|address_house:11653|address_number:18140|name_prefix:22583|name_token:22367|name_token:154670|address_token:21929,1,1,1,0.0,0.556,0,Dermatology Physicians of Boston,Dermatologyphysiciansboston.Com,"16 Westland Avenue, Boston, MA, Unit 23","016 Westland Ave, Unit 23, Boston, Massachusetts",us
S1-92046756,S3-130100301,address_city|address_number|address_token|address_token|name_prefix|name_token|name_token|name_token,address_city:13073|name_token:39214|address_token:176303|address_number:23038|address_house:11653|address_number:18140|name_prefix:22583|name_token:22367|name_token:154670|address_token:21929,1,1,1,0.75,0.444,0,Dermatology Physicians of Boston,Dermatology Physicians of,"16 Westland Avenue, Boston, MA, Unit 23","016 Westland Avenue, # 23, Boston, Massachusetts",us
S1-917132370,S2-685843880,address_token|name_token,address_token:176303|address_token:33961,0,0,0,0.333,0.3,0,Massey Pampa Co,Center Massey Co,"240 Garth Road, Unit Apartment 5D2, Eastchester, NY","SCARSDALE, NY, 40 GARTH RD",us
S1-770091763,S3-152560318,address_token|name_prefix,name_prefix:22070|address_token:5305|name_token:20722|name_token:35448,1,0,0,0.0,0.222,0,Blue Industries LLC,blueindustries.com,"20038 Marshall Avenue, Buckeye, AZ","020038 Marshall Ave, Litchfield Park, Arizona",us
S1-497721381,S2-941599560,address_token|address_token|address_token|address_token|name_prefix|name_token,name_token:25765|address_token:176303|address_city:31235|address_token:10630|address_token:30482|name_token:9400|name_prefix:9034|address_token:1000019|address_token:415912|address_token:9877,1,1,0,0.2,0.417,0,Upper Safe Douglas LLC,Upper Sgingfe Doug1as LLC,"1845 Canyon View Drive, Unit 403, St George City, UT","001845 CANYON VIEW DR, SAINT GEORGE, UT",us
S1-497721381,S2-217518876,address_city|address_token|address_token|address_token|address_token|address_token|name_prefix|name_token|name_token,name_token:25765|address_token:176303|address_city:31235|address_token:10630|address_token:30482|name_token:9400|name_prefix:9034|address_token:1000019|address_token:415912|address_token:9877,1,1,1,0.667,0.7,0,Upper Safe Douglas LLC,UPPER SÁFE,"1845 Canyon View Drive, Unit 403, St George City, UT","CANYON VIEW DRIVE, ST GEORGE CITY, UT",us
S1-563038148,S2-28859367,address_city|address_house|address_number|address_token|address_token|address_token|address_token|name_prefix,address_token:8857|address_token:40482|address_number:10739|address_house:8362|name_prefix:5938|address_token:119632|address_city:6227,1,1,0,0.0,1.0,0,Clyari Mines,clyarimines.com,"115 Cheers Place, Sioux Falls, SD","115 CHEERS PLACE, SIOUX FALLS, SD",us
S1-688403179,S3-601951806,address_token|address_token|name_prefix|name_token|name_token|name_token|name_token,name_token:27550|name_token:132212|name_token:161239|name_prefix:22583|name_token:22367,1,1,1,1.0,0.5,0,Dermatology All Care Associates LLC,Dermatology Dermatology All Care Associates (LLC),"Ramona, OK, 231 Ogeechee Street","Ogeechee St, Ramona, Oklahoma",us
S1-891068734,S2-273864537,address_token|address_token|name_prefix|name_token|name_token,address_token:48079|address_city:18707|address_token:71663|name_token:23875|name_token:45100|address_token:6259|name_prefix:10877,1,1,1,0.5,0.444,0,Royal Global Graphics,Royal-Global Grabifcs,"1805 Stoney Creek Road, Town Of Farmington, WI","Stoney Creek Rd, KEWASSKUM, WI",us
S1-160228856,S3-17840769,address_house|address_number|address_token|address_token|address_token|address_token|name_prefix|name_token,address_token:95719|address_house:5213|address_number:8346|name_token:28666|address_token:1000019|name_token:29743|address_token:5450|name_prefix:16807,1,1,0,0.333,1.0,0,Federal Allied Dollar,Federal,"West Seneca, 80 Brookwood Drive, NY","80 Brookwood Drive, West Seneca, NY",us
S1-704177672,S3-777581090,address_house|address_number|address_token|address_token|name_core_exact|name_prefix|name_token|name_token,name_token:25824|name_token:11972|address_number:28545|address_house:16385|address_token:304447|name_prefix:11644|address_token:426525,1,1,1,1.0,0.429,0,Youth Alliance,Youth Álliance (Inc.),"CT, 10 Musket Lane, Redding","##10 Musket Ln, Reding, Connecticut",us
S1-704177672,S3-336280837,address_token|address_token|name_prefix|name_token,name_token:25824|name_token:11972|address_number:28545|address_house:16385|address_token:304447|name_prefix:11644|address_token:426525,1,1,1,0.333,0.286,0,Youth Alliance,Youth (Alliflance),"CT, 10 Musket Lane, Redding","Musket Ln, Reding, Connecticut",us
S1-45829815,S3-10217671,address_token|address_token|address_token|address_token,address_token:95719|address_token:176303|name_token:13896|address_token:1000019|address_token:6208|name_token:14670|name_prefix:5128|address_city:28662,0,0,0,0.0,0.333,0,Education Initiative LLC,Rizakelo,"4467 Wyndtree Drive, Unit 231, West Chester, OH","04467 Wyndtree Drive, PMB 1364, West Chester, Ohio",us
S1-676367516,S2-648045560,address_city|address_token|address_token|address_token|address_token|address_token|name_prefix,name_token:6436|address_token:8654|address_city:8350|address_token:13502|name_prefix:6570|address_token:1000019|address_token:11457,1,1,0,0.0,0.75,0,Drayara Wealth P.C.,drayarawealth.com,"708 Hidden Harbor Drive, Port Clinton, OH","70 HIDDEN HARBOR DR, PORT CLINTON, OH",us
S1-676367516,S2-892381588,address_city|address_token|address_token|address_token|address_token|address_token|name_prefix|name_token,name_token:6436|address_token:8654|address_city:8350|address_token:13502|name_prefix:6570|address_token:1000019|address_token:11457,1,1,1,0.6,0.75,0,Drayara Wealth P.C.,Drayara  Wea1th P.C.,"708 Hidden Harbor Drive, Port Clinton, OH","70 HIDDEN HARBOR DR, PORT CLINTON, OH",us
S1-676367516,S3-891960845,name_token|name_token,name_token:6436|address_token:8654|address_city:8350|address_token:13502|name_prefix:6570|address_token:1000019|address_token:11457,0,0,0,0.8,0.0,0,Drayara Wealth P.C.,The Drayara Wealth P.C.,"708 Hidden Harbor Drive, Port Clinton, OH",,us
S1-210314374,S2-13041181,address_number|address_token|address_token|address_token|name_prefix|name_token,address_token:176303|address_token:22436|name_prefix:16645|address_token:97034|name_token:25110|address_house:11010|name_token:30869|address_number:20603,1,1,0,0.333,0.4,0,First Church,First  Center,"CA, Unit APT 18, Sacramento, 5561 Hillsdale Boulevard","5561 HILLSDALE BOULEVARD, FOOTHILL FARMS, CA",us
S1-358038067,S2-529826725,address_token|address_token|name_core_exact|name_prefix|name_token,address_city:46373|address_token:7335,1,1,0,1.0,0.714,0,Citadel Inc,#citadel,"934 Link Street, New Castle, IN","34 LINK STREET, IN, NEW CASTLE",us
S1-358038067,S3-208771157,name_prefix|name_token,address_city:46373|address_token:7335,1,1,0,0.5,0.0,0,Citadel Inc,Citadel  Inc Ventures,"934 Link Street, New Castle, IN",,us
S1-358038067,S2-749076733,address_token|address_token|name_core_exact|name_prefix|name_token,address_city:46373|address_token:7335,1,1,0,1.0,0.714,0,Citadel Inc,#citadel,"934 Link Street, New Castle, IN","IN, NEW CASTLE, 34 LINK STREET",us
S1-696286606,S2-698068157,address_token|address_token|address_token|address_token|name_prefix|name_token,address_token:20662|address_token:176303|address_city:22359|address_token:19919|address_token:330861|address_token:38797|name_prefix:23253|address_number:5653|name_token:11026,1,1,1,0.333,0.545,0,Western Utilities Inc,Western Uethliis-Inc,"617 Maple Street, Unit Apt 307, North Little Rock, AR","00617 MAPLE ST, NORTH LITTLE ROCK, AR",us
S1-696286606,S2-378409832,address_token|address_token|address_token|address_token|name_prefix,address_token:20662|address_token:176303|address_city:22359|address_token:19919|address_token:330861|address_token:38797|name_prefix:23253|address_number:5653|name_token:11026,1,1,0,0.0,0.545,0,Western Utilities Inc,#westernutilities,"617 Maple Street, Unit Apt 307, North Little Rock, AR","00617 MAPLE STREET, NORTH LITTLE ROCK, AR",us
S1-364312370,S2-122507877,address_number|address_token|name_prefix,address_number:5571|name_prefix:6570,1,1,0,0.0,0.333,0,Drayus Navigation LLC,drayusnavigation.com,"KS, Douglass, 10947 230th Street","PO BOX 4650, KS, 230ST ST, DOUGLASS",us
S1-403526465,S3-815411541,address_token|address_token|address_token|name_prefix|name_token|name_token|name_token,name_prefix:9064|address_city:7404|address_token:20592|name_token:8456|name_token:8822|name_token:10429|name_token:8333|address_token:16193|address_token:126758,1,1,1,0.75,0.429,0,Rev It Up Pub,Rev It Up,"404 Todd Circle, Lincoln, NE","Nebraska, Lincoln, 704 Todd Circle",us
S1-896040333,S3-960913331,address_city|address_token|address_token|name_prefix|name_token|name_token|name_token,name_prefix:22070|address_token:130693|name_token:15697|name_token:6430|name_token:215715|name_token:35448|address_city:5828|address_token:15089,1,1,1,0.75,0.4,0,Blue Federation IV Group,-- Blue Federation IV,"1498 5th Street, El Paso County, TX","01498 Fifth St, El Paso County, Texas",us
S1-40346021,S2-750267324,name_prefix|name_token|name_token|name_token,name_prefix:7032|name_token:267771|address_house:8726|name_token:28666|name_token:75567|address_number:15315|name_token:8605,1,1,1,0.75,0.0,0,Moore Allied Partners PC,Moore Allied Partners,"26 Vallejos Road, Belen, NM",,us
S1-386537687,S3-464892447,name_prefix|name_token|name_token,name_prefix:19891|name_token:10569|name_token:7804|address_token:426525|name_token:21455|address_token:59571|address_city:16134,1,1,1,0.667,0.0,0,Eastern Montessori School,Eastern Montessori,"10718 Jenny Anne Lane, TX, Houston",,us
S1-386537687,S2-328400413,address_token|address_token|address_token|name_prefix,name_prefix:19891|name_token:10569|name_token:7804|address_token:426525|name_token:21455|address_token:59571|address_city:16134,1,1,0,0.0,0.4,0,Eastern Montessori School,easternmontessorischool.com,"10718 Jenny Anne Lane, TX, Houston","JENNY ANNE LANE, PMB 9427, HUSTON CITY, TX",us
S1-769135590,S3-635087694,name_prefix|name_token|name_token|name_token,name_token:23235|address_token:61644|name_token:8613|address_number:6340|name_token:21959|name_prefix:10720,1,1,1,0.75,0.0,0,Signature Commercial Digital,Signature Commercial Digital LP,"76 Main Street, Shortsville, NY",,us
S1-400599754,S2-93325867,name_prefix|name_token|name_token,name_prefix:20490|address_number:5843|address_token:176303|address_token:13652|address_token:7139|name_token:35311,1,1,1,0.5,0.0,0,"Regional Power, LLC","Regional Power, L.L.C.","700 Broadway, Unit Unit 702, Eugene, OR",,us
S1-357344139,S3-187967462,address_house|address_number|address_token|address_token|address_token|address_token|address_token|name_prefix|name_token,address_token:17069|name_prefix:22964|address_token:97034,1,1,1,0.333,0.714,0,Holy Israel,Holy Isrla,"Fair Oaks, CA, 5337 Sunrise Boulevard","5337 Sunrise Boulevard, Fair Oaks, California",us
S1-357344139,S2-837300598,address_token|address_token|address_token|address_token|name_prefix|name_token,address_token:17069|name_prefix:22964|address_token:97034,1,0,0,0.333,0.833,0,Holy Israel,Holy [Center],"Fair Oaks, CA, 5337 Sunrise Boulevard","SUNRISE BLVD, FAIR OAKS, CA",us
S1-653326193,S2-673238090,name_prefix|name_token,address_token:176303|name_token:24914|name_prefix:27872|address_number:18140|address_token:415912,1,1,1,0.333,0.0,0,"Vanguard Templeton, Inc",VANGUARD INC  CENTER,"12648 23rd Street, Unit Unit 3, Watford City, ND",,us
S1-166425561,S3-660069455,address_house|address_number|address_token|address_token|address_token|name_prefix|name_token|name_token|name_token|name_token,address_token:176303|name_token:23944|address_number:22652|name_prefix:65027|name_token:132212|address_token:11101|address_number:6770|name_token:78307|name_token:54128|name_token:68067|address_token:9078|address_token:1000019|address_token:6069,1,1,1,0.667,0.4,0,Pediatric Dental Cornerstone Associates Clinic,Pediatric Dental Cornerstone Asosciatls Clinic,"600 Country Club Drive, Unit 15, Yuma, AZ","600 Country Club Drive, Arizona, Yuuma",us
S1-166425561,S3-774643591,address_house|address_number|address_token|address_token|address_token|name_prefix|name_token|name_token|name_token|name_token|name_token,address_token:176303|name_token:23944|address_number:22652|name_prefix:65027|name_token:132212|address_token:11101|address_number:6770|name_token:78307|name_token:54128|name_token:68067|address_token:9078|address_token:1000019|address_token:6069,1,1,1,1.0,0.4,0,Pediatric Dental Cornerstone Associates Clinic,Pediatric Dental Cornerstone Associates Clinic Clinic Corporation,"600 Country Club Drive, Unit 15, Yuma, AZ","600 Country Club Drive, Yuuma, Arizona",us
S1-166425561,S3-376244403,address_house|address_number|address_number|address_token|address_token|address_token|name_prefix|name_token|name_token|name_token|name_token,address_token:176303|name_token:23944|address_number:22652|name_prefix:65027|name_token:132212|address_token:11101|address_number:6770|name_token:78307|name_token:54128|name_token:68067|address_token:9078|address_token:1000019|address_token:6069,1,1,1,0.667,0.5,0,Pediatric Dental Cornerstone Associates Clinic,Pediatric Dental Cornerstone Associates Service,"600 Country Club Drive, Unit 15, Yuma, AZ","600 Country Club Drive, # 15, Yuuma, Arizona",us
S1-166425561,S3-449908209,address_house|address_number|address_number|address_token|address_token|name_prefix|name_token|name_token|name_token|name_token,address_token:176303|name_token:23944|address_number:22652|name_prefix:65027|name_token:132212|address_token:11101|address_number:6770|name_token:78307|name_token:54128|name_token:68067|address_token:9078|address_token:1000019|address_token:6069,1,1,1,0.667,0.364,0,Pediatric Dental Cornerstone Associates Clinic,Pediatric Dental Cornerstone Assoncrates Clinic,"600 Country Club Drive, Unit 15, Yuma, AZ","600 Country Ciub Drive, # 15, Yuuma, Arizona",us
S1-834991123,S2-92552787,name_prefix|name_token,name_prefix:10412|address_token:5761|name_token:45100,1,1,1,0.333,0.0,0,Merchant Global LLC,Merchant Glabsl LLC,"16236 Cheery Lynn Road, Goodyear, AZ",,us
S1-361282483,S2-920531357,address_token|name_prefix|name_token|name_token,name_prefix:17553|name_token:18225,1,1,1,0.667,0.429,0,Brown Developments,Brown Developments-LP,"8950 Juniper Avenue, Fontana, CA","JUNIPER AVENUE, null, FOTNANA, CA",us
